id,userId,status,createdAt
b3c7b6f3-fd3c-46fc-b33d-c9f84c4c4565,6f1de1eb-102e-470f-bb92-9cc8464b7c05,DELIVERED,2026-08-11
1486fd3c-039e-4331-8886-21f67abd6d8a,35672502-a9f9-4008-a283-f30311fa75fb,DELIVERED,2026-08-14
38979ac2-b859-4084-ac69-d503f9eca9b8,79b7fb06-4143-4fcd-99e3-86c6758928ad,DELIVERED,2026-06-21
b4e189a9-e6f7-4a33-b2fd-5e498982ca33,6de748f2-99df-4da8-ac21-2595f9993cf0,DELIVERED,2026-07-21
b7eb9777-5ec9-48fe-86f3-1fca5a297806,2d1383ab-2c89-45c3-9e4a-06ad2851dbef,DELIVERED,2026-05-30
97daf2bf-1b65-4133-aa6b-4ec994ad15ed,a59ed048-8464-465a-ab01-31f316f14acc,DELIVERED,2026-06-15
5c641a94-14e6-4923-b20b-367d67826013,5195de99-9b96-4328-98ee-0b77871ed2ea,DELIVERED,2026-07-02
c7f343c4-9ef3-412b-a6dd-102f7b4ff6b5,042506a4-4dd9-4219-8b93-feff55e590ed,DELIVERED,2026-06-23
314ed523-4935-4cfc-b819-295746e5cdbb,a8a38e24-4860-4d64-94ce-0f0347eec701,DELIVERED,2026-05-30
83866322-7113-47c9-a05e-9ff5eb54e56f,f3c30e1d-e4b6-4202-a722-8fb1021f9c20,DELIVERED,2026-07-24
c82afbaf-db6e-48a7-9cb3-68ad17a51ab3,a2e13b19-6146-43b7-9c7e-9e278de7437b,DELIVERED,2026-06-27
e64a7bad-1aa1-461f-adb0-ae65a062ca49,1f19eb59-42f1-4ba3-94f1-228ade4632a9,DELIVERED,2026-08-02
3a3637ae-8639-4a97-89eb-bed482ba5aba,1cca5dee-69d3-43ba-aaa5-531b5688de10,DELIVERED,2026-07-02
1b53df34-5ae0-4d26-900d-8b40ce379f9d,083c60d9-c903-4b9a-b2b7-c355c66adf7d,DELIVERED,2026-06-07
c3a69f93-ce46-4cf8-ab70-c8d2be7757d2,3680e415-a483-4bbf-b0fb-56df59b1b26a,DELIVERED,2026-05-27
7f5c2556-2af5-47fc-a6cb-0c173093849b,947d8659-4a5d-410b-8bff-5c5215a690d1,DELIVERED,2026-06-19
8dfb7c6a-4ced-44b5-8768-235e61f43ea5,9ac7dce5-4c5c-41ff-8c38-e0216eeab689,DELIVERED,2026-07-23
36d06d81-6d72-4900-98d7-d75762c3f420,69ca4d58-3c7c-4b43-b969-74fddcc77a72,DELIVERED,2026-07-15
935c23e0-490b-4be7-a629-9ba5be18cb00,43aec502-f8b1-4d43-ba87-555367d7450e,DELIVERED,2026-06-20
4daa89c6-2fe1-4da3-8369-4c729719845a,41be8f02-e73b-4847-b2f5-635b0ec75c12,DELIVERED,2026-06-28
ca1fe70a-5371-44b2-9ca1-7d8683266cc1,ed5b68ed-6a99-4f49-be1b-74f85c21b0b0,DELIVERED,2026-07-13
dbc4c9d1-2399-4b24-ad3f-1139681d2855,90f6d182-f7c6-4215-8310-ac6374e18328,DELIVERED,2026-05-31
65d43217-1476-4732-82ad-b78953fff3fd,126a2091-8c1b-4bdc-8b5b-8c3f069f95bf,DELIVERED,2026-06-26
287d63cd-255d-48a4-bd87-7c4ab0e674e3,527adfb5-b403-41a2-bed4-f86a0f561876,DELIVERED,2026-06-28
6da7c865-b784-4f0d-9400-58cdecfeed40,01025d62-3da1-4ea3-be5c-17b3481556c0,DELIVERED,2026-07-21
e625d3d3-b53a-4d22-b0a2-92e808f72b1e,1e072cdb-a4fe-4667-a0c1-7f200d9cc663,DELIVERED,2026-07-12
27b3c92d-ae8a-4500-b48b-0875de592746,d0abdec6-cce7-44d3-9389-cc057230bc51,DELIVERED,2026-06-14
d164a4d2-58c9-4209-8b66-cd937e22b4f3,7db2978c-2d29-456c-a03d-3f0265be9484,DELIVERED,2026-08-01
3c843594-1673-4ece-a968-398c4406b09f,2b5466b3-83db-45fe-8181-0dfb8fe5063d,DELIVERED,2026-05-25
1ab033c9-c1fa-402a-99a1-93767ef4e1a3,c5fb83ce-166a-4205-96e3-f8fb6319e658,DELIVERED,2026-07-04
4fc4320e-28eb-4da3-a2c8-edaaaba3a5b8,69ca4d58-3c7c-4b43-b969-74fddcc77a72,DELIVERED,2026-06-22
60b40875-23b0-4f0d-a1f8-66208db5e2b7,3ddb917a-ce82-46b2-af2d-4b8500026319,DELIVERED,2026-05-24
62440cba-e6d2-4b13-a049-b51922170649,786cb0ee-6998-4fb7-8ffa-9291028f5c69,DELIVERED,2026-05-27
f36811ea-f197-4950-8ba8-8aeade3e28ca,0350333d-ad90-42ef-bf54-bfe39220a509,DELIVERED,2026-05-31
4899306a-da92-48c3-9194-dc6bd6faca74,8b836ee6-ea73-44ef-a78c-84b71e862d3f,DELIVERED,2026-05-31
d2378bdb-ab77-4fab-bc8b-88af0cef1cd0,545ae3ed-c577-45a8-8e5c-bde68070374c,DELIVERED,2026-06-11
4b24c4aa-b9dd-4e65-8e26-b02fbf1e05bb,5e759d58-79a9-4a62-aee6-bd3442722661,DELIVERED,2026-07-19
37de59fe-36ee-4b12-9c56-45e47e314f95,40e8c2e3-bbdd-461f-8e26-8cadd9e4c1c7,DELIVERED,2026-07-18
4cb23090-bd25-4df0-8917-0a4cae1f01fe,83f94554-3b6b-4fb9-821e-187d95715731,DELIVERED,2026-08-09
7c38e8de-ffff-4374-9f62-92937f50ff2a,c6b84e65-2fbb-49cd-8ea7-5bd9a2fb823f,DELIVERED,2026-08-11
49497c4d-e457-4d1d-bfb0-7d61c1a1d09a,ebc88a44-7320-49aa-8fc7-8f27536547e0,DELIVERED,2026-08-10
d9190dac-5025-439f-b46a-76f76f70c091,f111bbeb-d220-4b8f-8cc4-4c4c3f34efcc,DELIVERED,2026-06-02
638b5ffa-f0bb-49a6-bee2-f8aca69f36a7,68de8233-8786-4a5d-bc7d-3287be172fe3,DELIVERED,2026-06-17
c2ac4cfc-f0bf-4012-8d81-988d35092ea2,0126c977-c0d0-4509-becf-aba84f566f9a,DELIVERED,2026-08-12
6f8d440c-7031-4730-a413-5c378f8ac32a,c6d8da8a-ba63-4f79-a5cf-5b5ab053deed,DELIVERED,2026-06-30
ee5e5dcd-b605-45cb-85e7-8f60042b32f4,48d14e48-0541-482b-83c4-dc7d3c98d497,DELIVERED,2026-05-30
b2542565-02a0-40cb-871c-71da6baf4cb2,4e35d381-96b9-4a40-815c-62595e788cfc,DELIVERED,2026-07-21
0114a7e5-b56d-4f9b-b60f-1c2aa32393e2,88d2b702-790d-4a4d-ab03-8f7965d467d9,DELIVERED,2026-08-19
5cadf7a4-be48-4eb7-90d1-159563cb93ee,4fac493b-e76b-4c59-af73-66f64b8d938c,DELIVERED,2026-07-10
6ffe5c0a-7e75-4270-abc5-20f3a70316d2,24af944a-40d1-40b6-a6ec-daa9afb1444e,DELIVERED,2026-07-27
f9ed8548-08ec-4e77-ba6d-00426a6ddebd,8baeb79f-5a06-45b5-bcb4-17e09d462432,DELIVERED,2026-06-20
39422522-2726-4b6b-bc49-764d9da50dbf,a5114e62-4c4d-4d84-b6f4-f8d6772e9acd,DELIVERED,2026-07-23
1af0fe94-922f-4fae-8821-1119cdf352b6,d87e2663-d38b-4539-80b3-a6c15fab038b,DELIVERED,2026-07-04
ca35b330-3900-41f3-8470-565ebf71270a,6b433d22-5aff-409b-8820-e58117461753,DELIVERED,2026-08-06
bc3d8058-2f9e-41a3-951d-5252e9e2ddd6,575fea9d-f6bb-4b37-9fd3-08e9014a9949,DELIVERED,2026-06-08
c98ef0ab-f4c6-475e-b273-99f7bdeba765,4a4204de-87db-4bee-b09c-304462ceea06,DELIVERED,2026-06-18
32b94929-c6fb-48d6-886a-930ffb7e1452,c1cfee6e-4b19-4428-bb06-b9dd5af3678e,DELIVERED,2026-06-20
48daa28b-352b-490e-ab01-1b4436a21f3f,b2d256b1-c423-43af-a75f-c607018cfdb6,DELIVERED,2026-06-07
9f67ae08-d90d-4c8b-ae8d-034f45976243,6f0011f4-e04e-4a1f-9cff-57d44f71c3a7,DELIVERED,2026-08-02
ff25c6cb-886f-4f60-b4b0-7f5bc7b9c6e1,654066af-72ae-4bea-bb16-f108c87251b4,DELIVERED,2026-07-09
b7fb091f-42e0-4c8b-ab0c-80f31b038dbd,5a060202-5f53-4f8e-ac01-0269e9d0a11a,DELIVERED,2026-05-25
df1f20fa-6f26-4c08-9e71-b3f85e2822e8,f61d2d3a-95de-449c-9d70-289610f2c906,DELIVERED,2026-07-27
18c63e46-8e07-4b9b-b4f4-e8f698f10ef9,00fc5ca1-ab14-4482-983e-8d2cf1eb74bd,DELIVERED,2026-06-26
b6a52fc1-9228-4f9d-b4c7-622d5d1ecb73,217a8d6b-ae88-4a79-a8f9-2d904ae168db,DELIVERED,2026-07-24
0b577309-12f4-442a-b159-9a1a6e7484e5,80a817a2-0f7d-414b-8c05-ec8b628f8c90,DELIVERED,2026-06-11
adca65c7-b88e-497e-a278-815162ce1e28,75ef7664-c7e2-45df-9c9d-b94a996b8793,DELIVERED,2026-05-30
69228a4f-d874-42c1-8a26-2636ebe62f61,73c62414-e498-4c31-9c13-9d576f1befe3,DELIVERED,2026-06-10
fdb813d9-379e-4131-94a9-b66e606989b5,c510c6ec-4ad6-45b5-9eb2-ce6623d8e0ec,DELIVERED,2026-06-21
e11e8830-cc9b-4ebb-9d4c-031b43e3ffa0,9d976939-2faf-4f9c-b768-81e31763df73,DELIVERED,2026-08-05
2650c4e1-ae70-4371-bdc0-4349d6e8b79f,9fc40333-e561-4547-8fc9-aea63f54ea62,DELIVERED,2026-07-05
52f4d389-1cbc-43ae-b274-8aea4b68ece2,c51bcf61-2b22-4e73-ab5e-cf73dc9b0686,DELIVERED,2026-08-06
ce450f4a-8e38-4c51-a301-c9a82f5beaaa,3be766ba-e6dd-433c-9913-24ec98ccdfc9,DELIVERED,2026-07-02
1acbe471-e7d9-489e-9c9e-a4f5d788f7ea,0126c977-c0d0-4509-becf-aba84f566f9a,DELIVERED,2026-06-09
d7763c08-3d6c-4b18-afb3-e30c300d375b,274f8556-c5bc-4bce-a836-452ef463f6eb,DELIVERED,2026-05-25
edef5aaf-d866-416e-b6f0-6b50d7ec0930,079fc7cd-808f-4892-97fe-505dd2c1769c,DELIVERED,2026-06-20
53f34304-6124-4a53-97e2-bbf24f96853e,26e1c055-69d2-4a96-bace-44707676837c,DELIVERED,2026-06-08
f7567202-beac-4222-b0da-e379704285a5,5f58b1cf-aff5-4217-86c6-c89a0de60069,DELIVERED,2026-05-31
cb734eec-92b7-496b-aad5-cefde6f645af,3fc1020a-c21b-43d6-937d-47a78abffcaf,DELIVERED,2026-06-30
06c49b24-f165-4e0b-a459-7246ef742c32,a74c874d-b69d-4394-8972-eccb2c40f8b0,DELIVERED,2026-06-16
95eb5e9c-9b88-468b-b1f0-194cfd9786d2,1f89b359-a194-415b-844c-865d1382fefa,DELIVERED,2026-06-01
70f66b11-8f05-40ab-9306-84440f84a3af,ffe7b8af-497b-41d4-b50f-318d47ad7b9e,DELIVERED,2026-07-17
1c2dd54f-14ab-4d3b-ab36-08ec30113608,d47b917c-27cf-4e67-9b24-b65bede5fd46,DELIVERED,2026-08-01
bc220f49-763d-4e74-ada5-ca859c00a9c2,aa343192-c629-4722-8a12-c06f002fcde2,DELIVERED,2026-06-30
01f82ed7-c6e1-426a-853f-d3d79a69e5eb,b565520c-9acc-4635-a286-6560ea01d425,DELIVERED,2026-06-17
325d9f9d-c0a2-4d6f-8c2f-705a34e043fa,26d816c5-e57b-460e-85b4-75a6e4ecfbd3,DELIVERED,2026-07-19
9219e889-2ef6-4c2a-ab55-c7751b92482d,248dd1f2-0d25-4218-90d3-7c82ab8b6a17,DELIVERED,2026-06-06
8da406bb-9006-4870-841c-8952dd2b57d5,0dd699c4-d5f0-481a-b611-127c739c083e,DELIVERED,2026-06-22
8936863a-3268-4ec9-9f49-59d44be39355,8e919282-d6fa-4959-ad49-224227ed9edf,DELIVERED,2026-05-30
8050f2bc-1998-4746-aa82-422b724c6250,c6418469-0fb7-49a3-8041-14495720ef30,DELIVERED,2026-07-06
438332f7-7f8f-4a7a-a2ac-4a2175656663,bc52e2d0-ef40-4ebc-baab-66ebc772bc87,DELIVERED,2026-06-26
3ea4d5d1-68fe-4680-969a-0beba032a6e7,74b1bb2e-75b6-4219-aa4e-bc2df492be8c,DELIVERED,2026-07-21
cf513f20-f146-4ee7-8a67-1a2e943137ed,b075d676-dc30-4db5-a320-eac29bed1249,DELIVERED,2026-05-27
4743a566-e179-48aa-95d8-04684514c53d,bc37edcd-77f1-4b61-9447-e07a7dacb001,DELIVERED,2026-06-18
059da671-c252-40ad-9ef6-f0a921ae6bce,aeeb79fc-85e8-4888-9b5c-951b2cca5030,DELIVERED,2026-08-05
a352b95f-94a0-4164-a0b8-d4e4e50d31a6,db19fa10-b7dc-499e-80a4-e57116a569c9,DELIVERED,2026-08-13
de447426-fd2a-4301-adce-e087a67f041c,236201cc-f22c-4426-afea-26d1a97a7a96,DELIVERED,2026-08-08
e6735621-bf24-407e-ac0d-b167c72dd014,5e920c6d-adf5-4127-a229-38114ad499d9,DELIVERED,2026-06-14
7dab7a80-104b-4df1-9d93-f1bbbd60b644,cc0e8b78-b7aa-43e8-8765-7ec6c58c5aa1,DELIVERED,2026-08-16
9ce101da-d82d-4abc-8e05-abb51e7ce710,7ce4a8d6-89c0-4bea-bbce-38e18ff1798d,DELIVERED,2026-08-04
cc320b95-1055-4652-925a-6b4d9d695fb3,faa23d6d-3f2b-4115-b09a-9ccb459c304d,DELIVERED,2026-07-16
efb15f28-8fff-4b79-b0c7-d97e84da363c,a58fb709-14e5-4a0a-9d7f-343db8713346,DELIVERED,2026-06-13
d5808c48-f8dd-420b-b10d-6ec03b91e373,5de2dc4c-d7dd-4504-9e31-fedea9e71fa9,DELIVERED,2026-07-25
a0d1dc18-78de-4dbe-bd54-fd89b287d01f,376c8dce-cac6-417a-ba8f-51f70ec45237,DELIVERED,2026-07-02
23dd0b03-1bcd-4f2d-abae-021c350ffd29,866bb306-8609-4eb1-b068-2c48421e57d6,DELIVERED,2026-07-01
6dea7340-13aa-4968-b0e1-beb5316e2d7a,19d74eee-191f-41ba-b614-64c11e8247f7,DELIVERED,2026-06-21
eef92aff-2deb-4aa4-aad7-f51f36e58dbe,b90ee577-70a2-4e96-8b2e-c444407931de,DELIVERED,2026-06-24
ef61225a-ac22-42ee-a8a5-da08fc9808c5,f3c3bdc0-02c9-45fd-8dc7-009339ba8a4f,DELIVERED,2026-06-21
d72d47a1-0786-45af-8bab-6e0d6a78cdfe,9ea56a7c-d7c6-4565-bfcb-765dc16bb4b1,DELIVERED,2026-07-31
45c82be7-2873-4c56-bf26-2c072ca2d417,f0c6db5a-11ab-48db-b3ad-2bba177b9fa3,DELIVERED,2026-06-23
082ff4f6-3346-4c5f-bf82-39c0c9adf5db,ee1bc306-3b8b-44e4-ab46-39c7c5126444,DELIVERED,2026-07-22
b7bdee27-16ea-4e62-96c4-97fac5553533,cf90ee13-435c-42b2-9916-13174411246e,DELIVERED,2026-06-02
cabca855-b932-405f-bd5c-1a4ff38246bc,901ad1b0-10af-468c-9673-958f1aa6e58c,DELIVERED,2026-07-31
2bd96095-fd40-4997-8c7f-a03cf131013c,279c6a62-4bf5-4353-988b-0e87a575639e,DELIVERED,2026-08-18
6917823d-c639-44b7-b6cc-d61121717ed2,953b4f06-79e5-4f23-bee7-5895675afd86,DELIVERED,2026-07-05
23bce6ec-8082-4f34-8cc9-d761adb11c30,6b132356-733c-463f-ab88-455c0113ac00,DELIVERED,2026-08-07
7b7aa5f7-9aec-480a-9d47-92a2d738e693,79bc37bb-ba82-470f-89de-b4edc00dbc17,DELIVERED,2026-06-28
58ef03cc-d5e7-47c4-b7a3-132b4397e59a,b9b3d900-2157-420b-9e85-76a3f02ade94,DELIVERED,2026-05-22
d3d8271e-21b1-4a17-b837-a7015f33ecde,1687e2b4-2d68-4014-a9b1-e5e6f8248a2f,DELIVERED,2026-05-24
f015f7f6-cde0-4123-8978-434590cce589,4fbb3244-79c3-4cd4-baa2-e30774251b01,DELIVERED,2026-06-20
035f1af3-f48d-4951-9195-0e6d1226118e,03502802-123e-4b81-9660-f74c6082aaaa,DELIVERED,2026-05-31
7356c6a6-6d6d-4c63-ba64-b1dec0c572d0,dad6f20b-10b7-45c6-8277-a326e6762f2e,DELIVERED,2026-07-11
6eccd617-63f8-489f-8f34-4bce3e65f940,a102c652-7c53-454c-9f05-307475d5daf2,DELIVERED,2026-06-06
354dc074-1cb4-4e2d-9f1d-92a17ae79f7d,3ec34662-3fe8-4810-933e-a9852d0d4a65,DELIVERED,2026-08-13
b60ed5bf-ea40-49ae-a8aa-d4e1aeaffc03,c4806975-1cf0-417f-b05f-4bea197de1cf,DELIVERED,2026-05-22
0f66fc12-3c37-433e-a674-12a49f33e176,16b338c7-7c57-4b13-b31c-56e37fc1da89,DELIVERED,2026-08-16
2318f509-ee59-4709-b143-4ab1f68583dc,d99fa804-59fc-49eb-abdd-ed70ae1196bd,DELIVERED,2026-06-29
5d3984b6-2fc2-4bf2-bb7c-d0bc619baca1,98dcb382-1f69-44aa-8591-a4f58c854ba9,DELIVERED,2026-06-23
0f180772-2bf6-45bc-ba5a-4c12c9e17270,c6550478-51ab-42f1-b5ae-c1ffcff2d1c3,DELIVERED,2026-06-19
b6d24a4c-4ec9-4784-9b9e-eb52d6407f56,98a5e9b9-2d65-4d39-99b1-bd310154e151,DELIVERED,2026-06-11
ad14d266-7183-4eac-8820-25c489e9e081,07b13c2f-e3f2-492a-b891-173c7fac66b1,DELIVERED,2026-07-22
810bf794-dd65-4fcd-a06c-8455f187b6c2,84795ca6-b082-43aa-8a1b-876fb0019d1f,DELIVERED,2026-08-04
976f0a61-ced9-4ab8-8679-a6c3cad665d9,12f767e1-1092-45ff-8212-bf0564c16338,DELIVERED,2026-06-17
2292d27d-07d4-4a2f-b7a1-4339b724f651,9cad3d0f-e2dd-4828-965a-42addadee117,DELIVERED,2026-06-15
92642bac-9182-4aff-9476-5d808e67460c,d28fd313-d481-45f1-800d-8683d2f3f8ff,DELIVERED,2026-07-09
af83ec61-f94c-42ee-9fe9-02717e7173ba,43e449f5-e0e6-4343-89d0-065e799ec6c4,DELIVERED,2026-08-14
f0bee9e2-04dd-4083-a682-1192c7f6d191,f87b1f10-91d4-4fac-8f48-49c3b6dccfc7,DELIVERED,2026-06-16
b95bf300-b826-4ad2-b2c4-d032518bbb13,90216cc1-82db-4394-9c3f-0505b02e054b,DELIVERED,2026-07-16
e783019f-f0b0-46be-a69d-718273e63382,5ef84fc7-2f82-4f47-8770-01ad846881a7,DELIVERED,2026-07-28
12c3d1ec-7db8-46d9-a129-17bd0e61d9f6,91891572-93e9-4f76-bd7b-3aba7dd9876f,DELIVERED,2026-06-16
2ef4e60e-262b-47a8-9c76-facbd49c51d6,abaca774-2025-4f51-921c-4ac92577d667,DELIVERED,2026-08-08
819514e9-f93c-4752-8a79-edfe2f1c88be,3b4ea0f0-d7fb-4b50-834d-fbdd367308ca,DELIVERED,2026-06-02
8b3045ba-e328-4be6-9ee2-835a809ca69f,61f0477b-7bc7-437f-88d0-2b7acb055a7d,DELIVERED,2026-05-27
207c17bd-f566-4903-9ec1-bfef0355c7bf,1051836f-f851-4664-830d-4828d6d26483,DELIVERED,2026-05-30
1f2278cb-c15a-4e5c-812f-960cb28f0939,ddfe0bd3-b7ad-4aa7-adf7-689fc2fdc3ef,DELIVERED,2026-07-06
6aa2579f-0b67-4474-bc1e-00cfb4b64e6b,51bef103-2649-470b-be6b-ca01913368ef,DELIVERED,2026-05-25
9942d32a-7aac-40ae-98d7-15c5632a5281,811e7c56-6f94-4af9-98f7-f8529a67dca9,DELIVERED,2026-07-19
bba29c9d-b5bd-46ae-af80-354449fecda5,73cfa26c-afda-4f08-a6e8-c2899e1f9a0c,DELIVERED,2026-06-08
d6f9ac8d-7acc-4cc1-9363-339a091a33a5,f5bf3504-6b52-41a3-977e-c8f1e512b650,DELIVERED,2026-06-22
60d97f55-f7cb-4a32-934d-0f11640aa0ea,2091ce36-0f30-4873-ad4f-f1718acde8ca,DELIVERED,2026-07-22
0e71d8e7-bb8d-42ab-a19c-e91f24b8a163,a59ed048-8464-465a-ab01-31f316f14acc,DELIVERED,2026-05-28
9089768e-e543-487c-8c57-a8597d98a9e1,28daeb33-514f-41cc-be4a-564d2b97edf8,DELIVERED,2026-06-17
7692d6c2-9743-49a2-98c1-666c07b2477c,d498ad26-884e-40af-973c-a99cf1cd1828,DELIVERED,2026-07-06
74051aec-8720-42f2-910a-a669feb29d0c,6f947a85-17aa-4d08-a1f4-d70d644b0697,DELIVERED,2026-07-23
545b203d-7fda-4be7-b83a-e55526763e8b,0907b6bb-134f-416e-b7b2-d9e88be4118e,DELIVERED,2026-08-06
b12acb24-10c1-439d-8356-1fd40ed5155f,311415b8-9623-47da-844e-7d28914922b6,DELIVERED,2026-08-03
65536176-3d7a-4788-ae14-2312c805d535,28a31161-cd19-436d-affb-574257a9aac2,DELIVERED,2026-08-12
d30d30d6-6814-451c-912d-53a2710d67ab,70c1dbec-743b-4227-9768-b60fd9739ef9,DELIVERED,2026-08-02
431af194-3c15-4181-92cb-c1673aed14da,886bdfb6-8749-45a0-9d02-112b408fdf57,DELIVERED,2026-06-06
c7e7734a-75b2-41c9-8896-03e735298d11,87751cc1-90db-4966-863e-6827aaa76a81,DELIVERED,2026-08-01
bf357341-24d5-4fb6-bc8c-de1b1259866d,421977aa-3e15-455d-828e-2df281594db3,DELIVERED,2026-07-03
3759e4c9-7b09-4c27-9986-4e451f91a313,fe77ccf1-d240-4885-acb1-2be481b4aabe,DELIVERED,2026-06-13
9d59a577-09f9-4424-afd8-740c3ae231b6,cd3d4837-62b5-4cb6-99e3-8c01f568c1c4,DELIVERED,2026-08-02
7bc6d161-bf18-42a8-aa0a-3b7b17d585ef,69bde723-c8ed-43cc-bb39-2d1a897b721b,DELIVERED,2026-06-03
4a486940-13ce-4b20-a40c-d7452b237f89,24af944a-40d1-40b6-a6ec-daa9afb1444e,DELIVERED,2026-08-09
f6808f1f-3eab-4c99-bd61-22c40702d7e7,dfcf0254-4d39-48a8-9eb0-10578c1c1218,DELIVERED,2026-06-25
c03cca77-9574-408a-83a7-92623e8d8bc1,d445b332-dee0-4fdf-8c74-7d6183f5ebe9,DELIVERED,2026-05-29
c41a4e63-11d1-4fc5-9291-a4cf204e63ff,9c9b507a-e71b-43c0-9ca9-67f904eace77,DELIVERED,2026-05-25
c88b91d8-34b4-4824-92e5-ff6a0f3b9a69,cf31135e-93b7-44ce-b2a9-4d693e61ab9d,DELIVERED,2026-07-19
30b7b1f2-99af-4268-a30d-0c93fde95547,defd59b5-a704-4182-90f6-a245fd75c890,DELIVERED,2026-07-05
99f8830e-d5e1-440b-babb-8c7055f0d9dd,bb612ba8-bb9c-423c-ba10-3ddeae42ebf1,DELIVERED,2026-05-24
e6b9b12d-20ca-4fb4-bd89-dfa2571612a4,3be766ba-e6dd-433c-9913-24ec98ccdfc9,DELIVERED,2026-05-31
bde47f50-5297-4ad2-ba5c-ea66d468dc1e,c4424581-809a-49ba-a25f-fbdeba4d1de8,DELIVERED,2026-06-28
f5905733-38d9-44ab-9fec-2a7602a2108a,4c3b7ca2-0a55-4d7a-84bd-e81adb862fc1,DELIVERED,2026-07-10
d186a59a-f213-4c72-b175-10734c0ae3d9,7143c263-7d45-4c74-9e2d-0d0517961b79,DELIVERED,2026-08-04
ede29ede-33a5-43d6-95d3-5c69aae2d4c7,c91955c8-31ba-4fb5-bdc3-a0039dc6ef42,DELIVERED,2026-07-18
dbcf8681-da41-4604-a80c-44f75d331f5a,2832e101-ffb5-4bc9-a5c9-1ac7bca7bace,DELIVERED,2026-05-25
c2e1f6e4-6e2f-4392-8d55-7f4895005d41,61a332eb-fa4d-4107-9f93-40e759f07117,DELIVERED,2026-06-22
92b7e396-5cc8-4569-a3f9-5b5d2157a7c6,d27df61c-01f0-467d-871c-eb87258440d1,DELIVERED,2026-06-12
fdafbbea-775c-4871-9ae4-cf1cd06d0b77,7efc621b-4a4e-4f4a-99bb-4baadb9e62a3,DELIVERED,2026-06-10
b335d017-e71e-4a01-94db-9e991f2f7546,b9134569-942b-4e8c-a952-7f728b704501,DELIVERED,2026-07-16
1eb9516b-8a2f-4b0e-9ecc-30b55b4a559a,7212eb19-a5df-448c-8657-72e8ee29950d,DELIVERED,2026-07-29
2ddcc346-9617-4087-986b-bb7cc0ebea58,72b9746c-83c8-4a9e-a43f-9de504c052ab,DELIVERED,2026-07-27
59fadc47-2f19-4209-953d-d863ef99af1f,664edabb-1f14-4602-a468-c9de3a4ed01b,DELIVERED,2026-06-23
64fa3775-5c1e-48cb-b550-d9d39f051f65,2769e100-8bae-4c9f-a772-5c9f8845b7a1,DELIVERED,2026-07-12
47ec0523-5d1a-4865-b9c6-cf13eb089d6a,e50e2b02-62a4-46fa-9c96-987a3ec21bb2,DELIVERED,2026-08-05
252dacf8-3de2-4057-a4ba-4dbb0eeb9bd8,ade03a29-4817-4d09-9f9e-c0b3badfa465,DELIVERED,2026-07-28
2a2dba98-cb32-42c6-b48b-e82a0c753bd8,9bd8696a-c0f5-4865-bae3-664e348e4572,DELIVERED,2026-07-15
4193398d-1714-4fd6-b271-4bc37b5cc679,b51e2878-1785-48d5-b7c8-2ebc8feef9c5,DELIVERED,2026-06-14
afe71efc-89f7-446b-a687-45f51c2d2ba7,d7a0b9a1-e07f-458d-8099-23a4259bbdb1,DELIVERED,2026-06-18
9ec0916d-e335-4d5f-95d0-2c9116be9d5d,02bfe0eb-885e-457c-9e11-12ec2e36c30c,DELIVERED,2026-08-06
d8d47892-d366-4fd7-9e9d-d4bd77e8b8d7,618488ff-25bf-4a9e-9c10-feceb312ce9f,DELIVERED,2026-06-27
9d9405c0-1bfa-4b0c-a97c-fb31c7c6cf95,f7bccb73-4b8b-4b1c-a581-8dce5815aea1,DELIVERED,2026-06-22
d6d8aa91-aa36-47b8-add0-e3e999055cdd,61d6e662-4da1-47bd-a94a-9ac2700a6051,DELIVERED,2026-08-10
074b41bc-0ddf-4eb4-a027-2f13b967fef6,7a5dde8a-15d5-438d-94ab-c226df413a1a,DELIVERED,2026-07-08
0d6e356b-5ab7-4206-b944-1c3207ad2cdc,bbee3bf5-96d6-4bc9-9063-020a17a74865,DELIVERED,2026-07-23
36d730c8-3f79-424a-bbd5-d88a014a58ec,0bedc784-9202-4dab-a5f2-11bc9fa2e42f,DELIVERED,2026-05-27
cc5d5fe4-abe2-4075-9a19-e8df4acac025,0b661dad-f243-499d-9557-54b4b22b377a,DELIVERED,2026-05-25
dfa2227f-2cac-4a3a-9f6f-bf72d2b74cd0,0d40d4c6-c958-4936-bbcb-5c58c981f139,DELIVERED,2026-07-05
39f1bfa7-6243-4ada-abda-d3487ee0cd57,4a56db7b-c674-4543-b66d-3f501beba40d,DELIVERED,2026-05-24
716cd1eb-2620-4085-99e3-0a7927d257ae,9e097d33-a693-40ba-a62e-d1dffe861b4b,DELIVERED,2026-06-17
cbe51a7a-4373-42de-8f13-0e1df390ab9a,1de9b483-4269-4500-a7c9-f1b3f1514fe1,DELIVERED,2026-06-01
51e6095f-9609-464a-bcc4-af04342f620b,be0e81e1-9274-4be4-b358-440d0cb731b8,DELIVERED,2026-06-05
e346e58a-18dd-499e-a680-f58fe9b9db1f,640c4433-a8ef-4a47-a6c9-4d4b692538ba,DELIVERED,2026-08-14
fca619db-ebbe-4109-a20a-ba6a41d77ec6,186a15df-627e-4b86-b9cc-6ad73b3531ed,DELIVERED,2026-07-13
1f2766ef-b439-4caf-9098-3dfb46ecc6ec,e917d8f3-1c7a-462f-aca8-67f52971e423,DELIVERED,2026-05-26
d9923e47-c6cf-4d5f-bde5-f1c8bb4cde09,f338fcb0-0a88-4186-886c-f7f9d205784d,DELIVERED,2026-07-02
efdd815d-2905-4f0d-94aa-0a0620811e65,00c9391c-35ca-4629-9ba2-71681e498369,DELIVERED,2026-07-04
8a673fd6-cd73-4522-9ab2-151619c81c1d,20519b1a-077b-42b8-9e71-d983363970ad,DELIVERED,2026-06-06
789aeedf-2761-4969-8e86-d4fb90aa5448,3576a819-3723-4c24-91f9-8fc318605d4e,DELIVERED,2026-06-28
f7de8805-3376-4a39-9c4e-62ebc373d1c5,5bb84c43-ac51-47c6-a803-2c5157842460,DELIVERED,2026-06-24
d1168ab0-6bdc-44bf-9672-6b1a8b7d15c4,5852329f-1f83-4039-90d1-8beb50d126ce,DELIVERED,2026-06-15
3c7a60dc-a401-4152-a8da-8a50712d8f0a,417b8fad-3aad-4861-b2eb-aa817125e810,DELIVERED,2026-06-06
8250e2a4-7c99-4d14-8776-bc854ffeb89c,42f9005f-8cad-417a-8fe2-5d883b8e526c,DELIVERED,2026-05-28
a44b7b28-a775-434c-b37f-f5d1f2e7cf96,3f959263-c211-40c3-ac32-954bf87bdd3a,DELIVERED,2026-06-01
0aabcc9d-fe53-47ef-bbf4-d9478c2235ca,c7d7dcea-60a6-48d1-b01b-ca5e50f780ca,DELIVERED,2026-07-30
94c6617a-d52b-4185-af6a-959b18615a83,0c241243-47aa-4bad-99e0-67283b93b811,DELIVERED,2026-06-10
2959b636-582e-474f-b834-38c4c559b5e1,706e425e-5057-4367-9b69-ae3903638a5a,DELIVERED,2026-08-03
7e5e5124-5882-4037-8e22-e6ccde836bd5,34234c3b-90e5-48a6-b51e-7066725eca07,DELIVERED,2026-05-28
29faab39-638d-4897-8890-6d35e6d54934,6931c381-d4b9-434d-a048-6e586224d189,DELIVERED,2026-06-26
2c21f00d-fece-4572-8c3e-5f7878b04595,cf9386f8-1d18-4c91-940d-691262c1396c,DELIVERED,2026-07-17
af10dda3-ec17-435b-ba22-e5da82b8d603,40e8c2e3-bbdd-461f-8e26-8cadd9e4c1c7,DELIVERED,2026-07-19
75d9ec9e-c05b-4760-b8e2-2d26ce60ad1c,4e35d381-96b9-4a40-815c-62595e788cfc,DELIVERED,2026-07-12
cf7ef3bf-ae48-491a-8ab6-dc3bec620114,26749d89-7d03-4e96-967a-c87327172c5c,DELIVERED,2026-05-28
9c6848cf-5818-445a-a6d2-1ecd41c97c6e,ffd647fe-2b38-4ab2-bc69-2b871a43b25d,DELIVERED,2026-07-18
85c5a9dc-a6d3-4d0f-b051-495526b4fa91,a61ac25a-dbdc-49cb-ae32-891c6a541af7,DELIVERED,2026-07-26
416ed8e0-d33a-4b12-b8fd-2996cab42b38,4de7f274-8ee3-4706-8966-62901718ed84,DELIVERED,2026-08-07
4838669d-acf9-4637-9806-39b56a679e9a,ba223118-a004-4c87-8e49-b754898feef7,DELIVERED,2026-07-22
bf8b8235-5143-4893-80b9-bf4af0cda99b,2cbeb1fd-2db4-48ac-a1f1-03f5edfea4cf,DELIVERED,2026-05-31
f68c7a5e-426b-442f-a176-c8e693a1b375,115ca887-8cea-4b8b-8553-bf5a6b2db349,DELIVERED,2026-08-12
a6a9fb37-8064-47ab-9d0f-7c189bf80e59,34f746d5-bfdf-421a-989b-f521d816da0a,DELIVERED,2026-08-17
80b3159d-9d47-43c0-9218-26d7ab81000a,a737c366-98d1-44f4-aa5b-ca10913ec568,DELIVERED,2026-07-31
44d765c2-df03-4a1e-80c1-a63977f2d40a,f4ff1383-0482-48e3-81dd-43e3f23f1def,DELIVERED,2026-07-31
e82f43e0-7685-4401-96fc-a7671c7bcf58,54a325d3-f66a-43e4-9c9e-f25aff67dd0b,DELIVERED,2026-07-18
a43ed37b-597d-4851-824b-e1ca5d12c6a6,83f94554-3b6b-4fb9-821e-187d95715731,DELIVERED,2026-08-07
5342cd97-edd7-4b73-a2c0-38292ef11dd3,527adfb5-b403-41a2-bed4-f86a0f561876,DELIVERED,2026-07-12
c6b07dde-3e2f-499c-8508-b08a9982c3bd,7e56913f-77f8-4005-8d4a-14a1600769e2,DELIVERED,2026-06-12
b7b8f61a-cb70-4f9d-96b5-5da207c1131d,b90ee577-70a2-4e96-8b2e-c444407931de,DELIVERED,2026-06-16
5f884eca-fb15-4bbd-b187-7a886172d3f3,f8948ea0-2f37-4ee9-beed-046721eba9e4,DELIVERED,2026-06-30
966cd4e6-a45b-4208-a4b1-4c9ec0ffd269,42f9005f-8cad-417a-8fe2-5d883b8e526c,DELIVERED,2026-08-08
d9ebb3e2-0717-4564-99cb-d84891673f54,950ae98b-da8f-4f06-9064-9459027770f9,DELIVERED,2026-05-23
4c1eb368-caa1-46b4-9d00-731e70f52938,a8180b3e-be25-4411-b952-668869f6b01a,DELIVERED,2026-07-31
54dea959-5181-44d0-ae70-a10cf2ec2eed,361457e9-3e3f-4b2a-9990-d0e02fc6568e,DELIVERED,2026-05-29
27f7a42d-a7d0-4c6c-be23-0fee28074787,12b340d9-c68b-44e1-8664-eef424cdca08,DELIVERED,2026-06-02
58dacc55-338c-4ce4-a3da-cb66e41fbcea,97d463ba-884b-42c3-a59d-d2d0f3d5ee40,DELIVERED,2026-07-01
d294e34c-0d4c-4538-8f1e-2f37b7538a7a,5548af4b-1b94-4fc6-8f8b-5d54ec5d4038,DELIVERED,2026-08-15
5173a21a-5c52-4670-84a1-bbaa9094d904,4050f672-a6cd-4ff4-ac52-cd5eb132ac8c,DELIVERED,2026-06-11
b090914e-8c8f-4b6c-8275-30baf0bef4c1,dae726c9-308e-4ae3-8ad1-6553ac2a458b,DELIVERED,2026-08-16
f15af48d-cfd7-4238-9ec6-61c431a1efc0,99b28493-3318-4f48-8ba6-6e1e112a5173,DELIVERED,2026-07-21
8e0b2738-9c80-4675-bdcc-5caf1e861c32,273e05b1-d64d-4ef9-8f52-f966008a2627,DELIVERED,2026-07-30
05a9a862-62e9-4b04-b1ba-da4a53dd40bc,db19fa10-b7dc-499e-80a4-e57116a569c9,DELIVERED,2026-07-03
5632bc7d-61bf-4cf8-be4a-cfce5d7666a2,4f5a80c4-2e12-42af-ad54-bac51bb762e2,DELIVERED,2026-06-06
ca0bf62d-f71c-40f2-9b44-35528162e2bb,72ab5fa2-ffb1-4194-b8f3-fc13bedfcd2c,DELIVERED,2026-07-11
b6db67b5-e364-44cf-a280-638c3c310dcd,ea98118a-6065-486b-a785-d72332941dda,DELIVERED,2026-08-17
eb3f8fec-c17f-4c51-961f-904459a99108,cf31135e-93b7-44ce-b2a9-4d693e61ab9d,DELIVERED,2026-06-27
c2250bcf-2f27-40c5-8e85-333d13cf3a24,2c6deb57-996b-480d-b882-65fe9b3a7e39,DELIVERED,2026-06-25
a13fcdf3-2c27-441d-ab81-dcaa82966288,d5cad75b-49e2-415b-a5ef-7b5dba733726,DELIVERED,2026-07-16
e28465ff-d3e8-4753-a715-73ac7c57c5ce,f87b1f10-91d4-4fac-8f48-49c3b6dccfc7,DELIVERED,2026-08-04
74208308-aeec-4f38-92b5-7ba80c3ff647,e411f356-2d94-4cb1-b1ec-0ebf5da5026a,DELIVERED,2026-08-09
eb64d6f5-2d30-4913-9e64-67b8fcfefe8c,6b433d22-5aff-409b-8820-e58117461753,DELIVERED,2026-07-01
fed38eae-11be-47db-ad0e-148c2effc73c,524fc2ed-20b6-478e-a1aa-03c59304ab9c,DELIVERED,2026-06-29
db2adbaf-64c5-4ad3-ae2a-2d9f4b19efcf,d40a1c54-e1d7-42e2-b07b-4e1353d327fe,DELIVERED,2026-07-03
ebc809d8-56d3-4366-a87a-6735c63264e9,e756e78c-5238-4f29-8886-66a3b5a2c07b,DELIVERED,2026-07-05
d400b566-b121-49c5-9733-69d467ab559c,aa612723-3c3b-4e9c-b768-55f985842e51,DELIVERED,2026-07-21
a9eea945-c676-417c-8db5-6a281600c9d2,56519a90-9732-40be-91a4-e4f18f320a5e,DELIVERED,2026-06-06
670dd053-d986-414b-bbe4-7d72e2e061e8,75f483d1-a572-457a-b046-43d748ad5aad,DELIVERED,2026-06-04
32eec1b3-97b5-4578-b600-6636b0db6ec0,56519a90-9732-40be-91a4-e4f18f320a5e,DELIVERED,2026-08-19
63234c36-0d45-4f7b-a8ea-ea107dd403fc,cc4ff494-4eb6-4295-96f4-ddc7cc0cf818,DELIVERED,2026-06-04
b76c1941-e19c-4d52-a3f2-1f033ed4a265,798f47e5-527c-4fea-81bf-71582bb58fdc,DELIVERED,2026-06-01
ff04edc4-d17a-4b0e-b9a8-9a017f1a3266,d9e8b874-ca0b-4e2f-ac9b-6fbc9c89c3f1,DELIVERED,2026-07-30
261b2f23-6a5c-4f11-b4cb-fca5885cd9be,c18c9bb0-ba5d-460c-b3ca-d5603ec27447,DELIVERED,2026-06-19
9c4cc63d-65a7-423c-9f9b-7c56e6854525,4afa44e8-c438-4925-a597-0eb6e5719687,DELIVERED,2026-08-14
33002c98-2ec3-4a62-ac15-42fe4a2f061d,dd52543b-a047-44b6-8224-e0a75187387a,DELIVERED,2026-06-28
0ec988b5-9fc9-4a39-bd20-06ee3b4c5aa4,4c53573f-7b9b-4eb2-95e3-226ec2ef2316,DELIVERED,2026-07-29
c509e9ba-15a5-4e09-a839-424506354cf5,f40083b8-d58a-4078-a806-2f2606e24476,DELIVERED,2026-07-20
db5f5e27-42a5-4bd1-a832-f77fc6e5815f,736b2e57-e6ed-43c5-845f-99d9ecefbd6b,DELIVERED,2026-07-03
22ebfaea-a071-40fd-97d0-4d3e9e797ba8,f895cec8-3328-42c8-9fc0-0461e9ffd828,DELIVERED,2026-08-17
e7bc1f53-9406-447b-8aa2-4dbd678a31a7,e334b318-d9e6-4f43-add8-499503dd8ec4,DELIVERED,2026-06-22
031e1628-0944-4096-a1f5-d992f9bb475e,9e2c5d8b-cccd-497c-b002-a75822183957,DELIVERED,2026-07-09
7eedbe25-ad5e-4255-8f34-b53d69508107,2853895e-8a8c-4571-bf97-22d0f124b6e9,DELIVERED,2026-06-01
186dc541-c01c-4246-987c-3311f921f4f6,f02be99c-a25c-45ab-a141-0f6959fba8f4,DELIVERED,2026-07-27
2b49f995-ecfa-4b0c-b38b-7d9e7a793a31,91a6aa2a-b391-4fee-8b8a-15d6739322a0,DELIVERED,2026-07-18
3a321bd1-d05a-4264-81c7-68c129482929,1180ef7b-6a00-4357-bc1d-9771468cc496,DELIVERED,2026-06-23
c2af7543-978f-435a-b3aa-aaeb6b104e5b,1605bde8-26e3-48c8-880a-97ff9f7da388,DELIVERED,2026-07-13
c86868a7-7fd6-4e6d-a713-d80885dffce4,706e425e-5057-4367-9b69-ae3903638a5a,DELIVERED,2026-06-08
41c986a4-e4c7-4961-a8ff-5bec23b629b9,a5f640df-806f-4b90-9282-86761f0a537c,DELIVERED,2026-06-03
ee44540c-a5d9-494d-99ae-b678d4ae5939,f87b1f10-91d4-4fac-8f48-49c3b6dccfc7,DELIVERED,2026-08-09
c16ae2d8-b516-43e0-8e67-233cb6625a0d,837ac390-f487-4649-a762-72426bd2179a,DELIVERED,2026-07-05
e22352ff-3108-40fd-b7b7-5c77af3ddb68,41f41930-670f-4ad2-8206-cea0243cd5ec,DELIVERED,2026-06-19
5f8d8d05-9ec0-402f-a5bf-8d340c04f42a,cf050b1c-4294-4bd0-8240-8bc3a8a40a17,DELIVERED,2026-07-13
9e6ed5ed-9765-40ed-80e0-06c63d48b0de,6b132356-733c-463f-ab88-455c0113ac00,DELIVERED,2026-07-09
22177dfc-5d83-4e44-94f6-4197f68f027f,3753af41-304e-4237-8272-164e008f7dbc,DELIVERED,2026-08-14
71cadc92-c530-4dc4-b91b-b4d7ac5f1668,79ce00e8-658b-43ff-b8cc-173ac3c443de,DELIVERED,2026-07-28
3a24c21f-7156-4714-818f-3ed06b61d816,08d5da34-db02-4687-a2ec-e57d5855e598,DELIVERED,2026-08-08
778f5626-a865-49b1-9231-9142d9df6ed0,c038a5ee-0e86-4369-90be-ad4a0e448b3a,DELIVERED,2026-07-30
067ddfac-3d5a-4112-9238-40ddea25f760,c57ab0e2-75ad-48d5-aaf6-ae856db15af4,DELIVERED,2026-07-07
48ad49d3-66ea-4e0b-a472-dc7e4d4b410b,49c5791c-d999-4e85-bdfc-76e295fee4df,DELIVERED,2026-07-04
aa8b969d-27f2-4063-bde0-d0c66ffc8b48,40fe3f48-da21-4d00-83be-9aeaf8bb676e,DELIVERED,2026-06-22
f66dc3c0-44ce-4555-8424-8a08ed973f87,dfec824c-609a-445c-a585-7bcd2578d622,DELIVERED,2026-08-12
e952978c-aa2e-4739-a93e-c237022731c1,e756e78c-5238-4f29-8886-66a3b5a2c07b,DELIVERED,2026-06-15
2b290954-cb78-4cce-82c9-9406b5c7fe4f,548dd1e9-fb6a-4be5-83b0-b358022b1906,DELIVERED,2026-06-20
3a2679db-602a-4a42-b13d-d6c0fc6d3beb,94e6372b-68a6-4c71-a753-02fe0772667c,DELIVERED,2026-06-14
59d0e7f8-c9c6-4441-96df-f49f8c1c4ef6,5684ce81-4653-45de-8d00-591fb7562e12,DELIVERED,2026-05-31
64b360a7-835d-4a78-a038-bce8261b3ce6,115ca887-8cea-4b8b-8553-bf5a6b2db349,DELIVERED,2026-06-21
d00e2567-b1f6-43f9-968f-504cc7ba891d,b2a0861d-ced0-45e3-91f9-51aab730b7b3,DELIVERED,2026-06-06
1e48dec6-2734-4d3e-833f-0ef3de777b5b,72898e3b-3a5d-422c-ad01-17b720df4a5b,DELIVERED,2026-06-25
16473eeb-d328-4515-b936-d668d149304e,2b3995f1-771d-44fc-bbe7-feff7319df18,DELIVERED,2026-07-28
10108749-b22a-4f4a-9cdd-8bb706d769c0,002a37df-3d2e-4c85-ac9d-8fef0a1cc666,DELIVERED,2026-08-13
782e7af7-4411-4abb-a697-ed145285395c,4a8e8208-41c8-4012-9194-812a6018467b,DELIVERED,2026-08-08
4c8bfdb7-b810-4bf4-ac5d-af466c99ddc7,0c540a35-e2e5-4e42-8a6b-77fdc28d4b7b,DELIVERED,2026-06-26
417878ee-cb6f-4831-a1e0-cf062543e3b0,33968271-aa72-4d9f-8619-9b315415a9ea,DELIVERED,2026-06-04
5a9457b1-0e29-4845-93e8-60ba41e52563,5cb7a4d6-d883-48b7-b647-e2428b2fa7bf,DELIVERED,2026-06-13
da22b84b-20ba-4c52-94d4-4ba36b83a941,6494da97-a10b-4887-8f90-2607bb4b39f0,DELIVERED,2026-06-22
8f318f19-21bf-4182-9f32-43b8fd505804,77e0ce86-1584-4fa1-87a9-e67dc870d558,DELIVERED,2026-07-27
f6c18dd0-cd9c-4f44-889f-8b5f1bbbfeb0,2e86f4a4-5efb-4cfe-a97b-c58a09036dc4,DELIVERED,2026-05-31
29747956-e90b-4623-ba8b-a58a75698ea0,9197d37f-515e-459c-a937-e8bbeca15a9e,DELIVERED,2026-06-02
c8a873b5-89c8-4f80-b036-aec162501af5,a968d1f6-be3d-4f05-8fe6-3430879aad85,DELIVERED,2026-08-03
8f28f309-7221-4376-b816-7111413b4f8f,9d15de1f-7580-486c-b276-755f0c9300a2,DELIVERED,2026-05-24
f5917de6-8815-4461-98d2-535eb664204c,b3cf8a6f-e2fa-4244-a204-442e974ad52d,DELIVERED,2026-05-26
2dae439c-8130-45cb-be21-4093ccc066ad,750c5cd6-739d-475a-b7e2-e57cd737a28f,DELIVERED,2026-05-28
c2b54da7-bd0e-4d28-b717-af51caf8c046,2f69ca54-d18b-4b3d-8378-7745a7e0a08c,DELIVERED,2026-07-23
66732770-022e-4aba-8e0f-41c47df069a6,7bf16702-a96e-4576-be06-de3267f9c27d,DELIVERED,2026-05-29
557d1bde-d57e-484e-8edc-654fd468aa01,1640f5a7-2d78-4d10-a7bc-29fd3d0c2364,DELIVERED,2026-07-27
ed2d87a4-dadc-4e1f-9058-1decc2c98a73,d0083d0f-8471-48d3-9f1d-5c6e4b7511d9,DELIVERED,2026-08-04
9644143c-bb4c-4214-8a1c-e47834d2159c,5a1ec590-fab4-4083-a688-65b9a21c81ae,DELIVERED,2026-06-25
5123374c-2bb6-48db-816b-8b16b0816dd5,8bf937a7-f1bf-4298-a703-5f20b06c2639,DELIVERED,2026-08-07
ec9a0132-41e3-4cf6-921a-b5f77ff719f8,56519a90-9732-40be-91a4-e4f18f320a5e,DELIVERED,2026-07-16
fd9ee1ed-03fc-41e8-b75f-ed27f1e79eb7,1be2fe18-3d2a-41ca-89f5-0d84e78797c1,DELIVERED,2026-06-07
cd0589c7-49c2-4b05-a4a4-3b2b6ef62af1,dcace879-e5bf-4085-9ab3-145bf7c7ef03,DELIVERED,2026-06-10
47d858a8-b6de-4f7b-9f83-b57502654e59,4830cc30-bea9-4649-bf36-4cd4191771bd,DELIVERED,2026-07-17
8aac8006-2eae-49e9-889a-bb59f92cdf63,f02be99c-a25c-45ab-a141-0f6959fba8f4,DELIVERED,2026-07-16
f8222a1f-afcf-4ebb-9f81-55a5401e58bd,5a060202-5f53-4f8e-ac01-0269e9d0a11a,DELIVERED,2026-08-18
602391c9-2535-481b-b469-4e9846303fa5,a8f3f7f5-3f50-4c44-82db-13c92fa4575b,DELIVERED,2026-06-19
88235669-9543-4c7d-b9ef-fb93ffbc28e3,5b667684-363f-4384-adab-7ea84485437a,DELIVERED,2026-05-26
cb69b4fc-a67f-4740-969f-21b24b9b2731,31bc7238-750b-4194-a4ce-15e886f4f29f,DELIVERED,2026-07-06
9435222b-fe4e-479c-9461-f1a0d5ba41bf,42c6769f-d213-4660-bb80-a496ed9a7a81,DELIVERED,2026-07-14
abb4730c-9639-4a1a-b57f-445faec37325,5548af4b-1b94-4fc6-8f8b-5d54ec5d4038,DELIVERED,2026-06-23
070ffa1d-2f8d-4dff-840c-a7075a5be4f0,43b10d85-ef39-4cc8-ac3b-285f06890989,DELIVERED,2026-06-21
5bcb611a-27d3-45fe-b2b9-73c77794f2b8,05370d5e-5dd0-4eb7-98b3-3b79dde8777a,DELIVERED,2026-07-01
95af7fa0-d4b7-4e69-a9b7-12b8adba1774,c4c0ae81-2356-4bda-a802-6aabb1b1ab41,DELIVERED,2026-08-06
6f62057d-5ce8-4f11-b1fe-b842e32b6a75,ba578b26-f8ab-4199-aa08-910deb54415b,DELIVERED,2026-05-30
b9133a7f-5fc9-4182-af58-4fdc703134b6,cc9a3985-2dd0-4d43-892f-7732fff5f99f,DELIVERED,2026-06-09
76c1f678-32f1-42e2-bafa-0de8c0de1a31,4a103c41-d232-4995-abe6-88c70db8aa98,DELIVERED,2026-08-16
8220860d-7406-4ca6-92ea-c20dd754e263,aafa45b5-b177-4049-9de2-f03e69908a95,DELIVERED,2026-07-11
7489f39e-f529-4aa8-a205-891071c01788,b14b95c1-5807-4a5c-bb51-54178aa84c0f,DELIVERED,2026-06-16
435316e3-056a-4976-89a6-ba64d2b76db5,f8948ea0-2f37-4ee9-beed-046721eba9e4,DELIVERED,2026-05-30
de79db25-c6a4-4f7f-8512-0342f2e382b2,668d48c0-24cf-4aa6-a428-f78b33b0a26d,DELIVERED,2026-07-07
0d2734c4-f97c-42ef-9e84-316984952190,28dc3272-996e-49c7-bc2b-7a6eae2fb542,DELIVERED,2026-07-23
49805789-2058-493a-83aa-28062a7a707c,27224b91-d017-4921-83c5-04ce4b3bb426,DELIVERED,2026-08-13
0ced4533-3eb7-4c48-94ca-ca50bfbb64e7,97cc53bc-9628-492c-9544-e675cd1a8c7d,DELIVERED,2026-07-30
0a69c2c1-b63b-4ae0-b00a-abaae8523517,6a80f905-15a9-4510-a739-502900802306,DELIVERED,2026-07-29
0effc2e2-3fae-47a6-9cce-3bc4a4067568,7b365ced-94e4-40a2-b4b2-a1db6a7e5fe1,DELIVERED,2026-06-30
0951eb65-8204-4125-aaf1-93487ade01ce,8308553b-53c0-48b3-a9eb-04ede9957bf2,DELIVERED,2026-06-16
f708f16f-3783-42a3-9b10-c2beb33f54fe,47859f0e-cdf8-4fb2-bd2e-add74d3a3a32,DELIVERED,2026-08-17
37f47e89-8791-46f2-9a2e-d9473d16112b,35962951-8e30-41a2-a549-c59d2161ac22,DELIVERED,2026-06-08
36041039-c58b-4c40-808b-b7eb87d0d00c,b6b16ef6-55dc-4f54-a170-a06f66a7d75c,DELIVERED,2026-06-07
6a9760cc-b434-4918-ac9b-6a35f2fe1e20,0c738cdc-7f97-4307-a5fb-b877293fabf6,DELIVERED,2026-07-13
3ba9269a-1909-45ad-aa8f-13af4917a62d,90f6d182-f7c6-4215-8310-ac6374e18328,DELIVERED,2026-08-03
a38d24da-2e5e-425c-8eb9-61fa28a7d213,3c72a740-708e-48cb-a221-25cad49a4df2,DELIVERED,2026-07-05
879558a0-2c3e-4452-a885-afcc1112266f,931b66c7-02b5-4021-9959-c09951dc395a,DELIVERED,2026-07-07
3d422562-09c0-4805-9cc3-7a846ad841ca,fdf11e69-fa1f-42fc-be24-40d15d707361,DELIVERED,2026-07-12
1c908e38-b64c-4853-811f-8c10e8c030b8,414a864c-742f-4f74-809f-61e44f566c6f,DELIVERED,2026-05-31
96ab3b98-228c-4137-93c9-4bb481ffd2bc,f0c6db5a-11ab-48db-b3ad-2bba177b9fa3,DELIVERED,2026-05-24
99398d72-8d6a-41c2-a3d8-65aea5cb0c28,860bff2e-0d94-47a0-962b-c58a08299eec,DELIVERED,2026-05-26
bb7c9511-1429-43b3-b5ab-53bc3b712f43,56519a90-9732-40be-91a4-e4f18f320a5e,DELIVERED,2026-07-18
11319637-a39c-4df0-aa9b-e3c8145bc29f,8d542d3e-4cb7-4ef0-9e40-ce0d17dba2d3,DELIVERED,2026-08-19
3292204b-926e-43a0-8a95-5561e64ba005,6a1bf9f6-79f8-4295-94e4-a9a79b714865,DELIVERED,2026-07-04
8253311c-92ec-4dc5-beb0-c23058e95735,3fa249b2-de83-4180-aa78-b32ceda7c2a1,DELIVERED,2026-06-05
c606059a-a5db-4f18-aba7-9a01c8371665,d893ee27-35be-445d-afc7-a3c2a344089a,DELIVERED,2026-05-23
6cada107-ad6a-4c03-81b4-a5723efd0873,c5b3a0f4-824e-443f-939e-f58e964c2a29,DELIVERED,2026-07-19
c648b629-bad1-46b0-aad4-0d162f36f891,30b7b03e-bb78-4b92-8b19-a63f9b96065d,DELIVERED,2026-07-26
30c7fe2e-2256-49f3-b20f-e58853b95380,c8b29400-5926-41d4-8e67-cd93ea566171,DELIVERED,2026-07-01
3d83b5eb-0797-4db9-8277-2cd784c79005,7f0c616a-276a-44c6-9e9e-dde24f6560d1,DELIVERED,2026-07-07
56a3e238-cb3b-440a-8bf1-d501a4d268a2,8f03dad3-aa81-472f-b548-d6386f460d3c,DELIVERED,2026-08-08
5fd5b050-99d2-45c2-8b53-755ceeac2cf7,376c8dce-cac6-417a-ba8f-51f70ec45237,DELIVERED,2026-08-07
3f025c1f-3b59-4d4a-8a73-7a9e32a40370,2aa1d18d-63e6-4609-ba5d-1b791d542231,DELIVERED,2026-05-22
2f14b6b6-dfc1-403e-bd90-2eefffc02c94,65747b8f-67e6-4ea1-b9c2-b0c757544993,DELIVERED,2026-08-14
f8c0f797-4e82-4e2b-8e75-4f6754cbed48,8ccf2d8b-073e-45e9-83ce-ed1417f63fd0,DELIVERED,2026-06-16
bd7745ea-5894-456e-a5e0-41fddcbf1bf5,170dc543-e97b-4aea-83a0-5365ab113efb,DELIVERED,2026-07-01
ca6ab1bc-c08a-4ac6-a069-51165847162e,aa68cc29-924d-49ce-a1c5-3bc5abd031a1,DELIVERED,2026-08-02
012d90bf-c666-4129-beb8-c9fb53046177,a7923d39-7071-44dd-9672-266c013ccf87,DELIVERED,2026-06-17
8108e729-1b7f-498d-884b-b5e183c78bcc,9ea6d154-fe80-4dc0-9d97-e1648a4c7900,DELIVERED,2026-05-28
db121067-fd68-4d8c-9f3c-95d9eee70bf8,7212eb19-a5df-448c-8657-72e8ee29950d,DELIVERED,2026-06-13
b3d61c90-6da2-432f-96b0-5c951be3bd10,d9691072-ec02-4a62-802f-7d18077ce55c,DELIVERED,2026-07-08
15688ebb-4040-468a-8281-9f6f8568f5c7,6cf043b9-f3be-4327-a31d-b1dfe75bd9e9,DELIVERED,2026-08-14
a70d0906-11d6-4f06-a88d-3bc8b66109b1,d2f1db75-934f-4f6b-a1d5-c24aaf6fdf21,DELIVERED,2026-06-30
426f7dc9-daad-40d5-892a-4eea86151462,3680e415-a483-4bbf-b0fb-56df59b1b26a,DELIVERED,2026-06-06
04736a6e-c3f4-4bcc-a257-7636949b21d3,48e60874-6647-44ca-82d2-f239570394d8,DELIVERED,2026-06-18
32c7a44e-f74d-46c0-a27c-7a7bb8e85a71,d50fe1ff-379b-4864-8181-4a7b82c9038b,DELIVERED,2026-07-19
35e199d7-ef50-410b-af23-ca535ac1d210,5a060202-5f53-4f8e-ac01-0269e9d0a11a,DELIVERED,2026-06-24
79d0e33f-e49b-4b0e-aa1e-6ae337b4ff61,a968d1f6-be3d-4f05-8fe6-3430879aad85,DELIVERED,2026-05-29
d757b7d7-541f-49cf-90d8-2a0061e3269d,f8ec10b3-8697-4589-aced-01969d2a3d38,DELIVERED,2026-08-17
42ed75a9-0149-43ba-90f9-067ac28993ef,2ecb2839-845d-4116-9d3e-9206e4582517,DELIVERED,2026-06-20
3b1e5473-6d78-4ccc-9aec-0823e6a1c863,669f7ec3-2a0a-4d69-85dd-122fc1f244a6,DELIVERED,2026-08-14
d0abe83a-3937-4a18-8af3-84fe34531e5a,fd77954c-58ca-4a18-99d3-0768e793a9ee,DELIVERED,2026-07-07
24f60da7-d5e8-4802-a8b1-f7c7f41fc07b,da1b69a0-ae33-48d8-b965-908de1e725d8,DELIVERED,2026-06-13
988d339b-be28-4d3f-89de-60c721ba454c,a346334a-5cd3-467f-abf1-f90f11eea154,DELIVERED,2026-06-17
1c361deb-637e-43fd-b503-e4ec878eb06a,6a80f905-15a9-4510-a739-502900802306,DELIVERED,2026-08-16
230ffea5-6194-49ca-ae3e-abc7aad75303,3e38828d-f964-4ec2-9dcc-43336d7c778a,DELIVERED,2026-07-04
b9992b02-ac56-4648-89e2-858cb210c029,b5dc82cc-673c-42a2-ba26-939087a3ddd3,DELIVERED,2026-06-16
ed6c8b58-6706-4859-bfe5-6d1f8423f707,7840b69a-4f56-4cfb-b73c-2e033f5634e1,DELIVERED,2026-07-12
42c9c51c-89d6-4f9d-993d-8f9105cc09d3,b10fe654-b4f1-4dcd-8603-234e6da74d21,DELIVERED,2026-07-06
6c2f8c6a-df08-46c7-ad2d-dc6a7f399511,22959139-28db-4849-830a-2732337d91f7,DELIVERED,2026-07-19
67a6a296-018e-499d-a63d-071ab68a1cb8,69ca4d58-3c7c-4b43-b969-74fddcc77a72,DELIVERED,2026-05-22
e18cc780-6cf3-495a-8603-3f0b73b48a23,3b0106a7-034d-4437-978e-23b318760dd2,DELIVERED,2026-07-17
70f9fc53-c22e-4245-bddf-a9338a25ee42,442eae28-5632-4ba7-95da-df1eb0d98f2e,DELIVERED,2026-08-01
dac95b71-43eb-4fbe-a48b-d17391e0f05d,eeff558a-b6a3-44f1-8361-89af76cb5c15,DELIVERED,2026-07-01
9a577305-9d61-4d46-9715-504e86678df5,63240cf3-fa57-4e2c-b451-8c457fe0a7e2,DELIVERED,2026-08-13
ad1882b2-4329-4654-b06f-3ff69466bdde,680601cc-afcb-4e65-b71b-0c1961a6e7ea,DELIVERED,2026-06-02
0a6b4b55-350b-4177-9593-732cc3dae6e2,41718a32-8f11-4d6f-b197-9e2eae3ec423,DELIVERED,2026-05-22
0f871adb-47e6-4f7c-9c7c-da80476e9553,363eabc7-7896-4bc9-8451-7811fe3c91c5,DELIVERED,2026-07-15
9e8c4ce9-d85b-4e4e-a3e9-745968686880,d2da65de-b21c-4bf0-a713-e152c48a4068,DELIVERED,2026-05-27
c6fca988-e200-4e5a-a903-ac1c6356c3d8,7f7327d6-a67f-432a-8a4d-4788ec5e0e7d,DELIVERED,2026-06-05
6a17d592-c132-4039-bf62-7025060af445,de991eb9-6bc2-4861-b761-81d9a32fe106,DELIVERED,2026-06-17
b202df14-10d8-4fbb-ac2f-e14caf95e265,d6e07c2c-114e-488a-99aa-61a81c89159d,DELIVERED,2026-08-09
ef7a0799-0845-4d00-b120-78d1aec494a3,c510c6ec-4ad6-45b5-9eb2-ce6623d8e0ec,DELIVERED,2026-05-25
afcf501b-4d33-44cd-b79f-5d35bb3cc246,c7d7dcea-60a6-48d1-b01b-ca5e50f780ca,DELIVERED,2026-06-08
d5ec9278-c472-47b0-a97e-4425a1111b20,e5719df1-129f-4901-b89e-f9bb728e7633,DELIVERED,2026-07-10
9fa64051-cb57-4655-8c28-280442d96cb3,1c0114f5-8712-49a8-ba0a-89dfd97cbb53,DELIVERED,2026-08-06
2ad3e157-7068-4f91-a64d-9209d7658dd4,2f702de7-105e-4404-875d-758b361f0a75,DELIVERED,2026-07-25
796e69fa-0400-42b1-aa8e-86ca43acff54,7f7327d6-a67f-432a-8a4d-4788ec5e0e7d,DELIVERED,2026-05-30
b65d8920-bf3d-4636-8cf7-db01bfb2e09a,931b66c7-02b5-4021-9959-c09951dc395a,DELIVERED,2026-07-26
f2e7d53c-160d-448d-a430-9ba172b45df1,e34a4ef9-592c-4ea2-845f-efe6ea798e1d,DELIVERED,2026-06-06
3708bd1a-5c9b-4466-9ea2-cffc1473cf1c,70c1dbec-743b-4227-9768-b60fd9739ef9,DELIVERED,2026-07-18
a8c15ca5-9b7a-4efa-95f4-2f4d49bc4faf,56519a90-9732-40be-91a4-e4f18f320a5e,DELIVERED,2026-08-15
d2f46124-2b32-446a-8e7e-d4f947c34d55,daca11c3-55da-4fb4-9730-fdf18dbd42d9,DELIVERED,2026-07-14
1ac76c1b-333d-4a24-9328-9090125e80ec,0bd2c640-3ba1-408b-a49c-3e6e3fcd628f,DELIVERED,2026-08-11
5a6e8ede-9a03-478f-b0ac-9dc907ac9d32,950c0be7-0629-497c-ad5e-e556fe20c8a0,DELIVERED,2026-06-03
a2b2c731-2a18-4058-98c7-3bf61c5d94ad,684fcd1e-ad54-4499-ba5c-a8bb70eb4212,DELIVERED,2026-05-24
45b1d0d6-ea62-4685-a396-fae6d48de977,50048b1b-eb2c-41b6-86cb-fbf1df061a6e,DELIVERED,2026-07-10
0b4ac416-dca9-464a-904b-57dd0d4c8127,ec83741d-dcb9-4009-bfcf-ce44c7270f79,DELIVERED,2026-06-11
641b0261-14da-4ed9-bd6b-22878e800372,4d7bfe92-f59b-4211-a3fb-98b91d3e73e6,DELIVERED,2026-07-03
9ee0d8c0-db3b-40a4-9ba4-f46250d68324,fbd3c674-12a1-41ec-8992-23ae9df8a224,DELIVERED,2026-07-09
352359c4-9248-4fbb-8169-9f9a3dbf1eb2,c0fb852c-a909-47db-8408-6dbfb0ac7f15,DELIVERED,2026-06-21
67aa6b9f-5cd3-4851-bd57-f4afe29ea381,b23ae272-ef28-4625-8ac0-a473f91be950,DELIVERED,2026-07-23
7ff35a26-99df-4ed7-a878-3812fd978b8b,0175a5aa-f23c-4d4c-bd9b-b3e7f86439ae,DELIVERED,2026-06-04
798a71bc-57a9-4163-9e81-b677f8f5f6ae,5443a75c-c5f5-4185-bac2-d10ccabfbf86,DELIVERED,2026-06-09
1708bd4a-a819-47a9-bc2b-87cf9cbfa512,822b8ff7-f2a5-4797-8bc6-5e5fa4bb03ae,DELIVERED,2026-06-14
d13075c1-5b6a-44aa-8bba-a41b1b18a7e2,c4167434-5800-454a-be61-35e883705eb2,DELIVERED,2026-06-03
64492d60-d2e6-4719-8ca1-822854560e44,4c3b7ca2-0a55-4d7a-84bd-e81adb862fc1,DELIVERED,2026-06-23
ff0f3ec1-7492-4e69-bdb6-87cdcb516ac6,f59b8731-f6cc-4848-89c2-a76fee59459f,DELIVERED,2026-06-16
10d4eca1-5170-4a9f-bcb4-8018af43bbab,92ba2085-8c90-4b70-b2ee-ef5bbfda50f7,DELIVERED,2026-08-18
b7c4e257-9012-49dc-85a0-07faf1638690,03502802-123e-4b81-9660-f74c6082aaaa,DELIVERED,2026-08-15
84ef987e-f7c0-4e4f-9b41-42e460382211,7812dd7a-abe6-4762-a40a-f7c1a1c8157d,DELIVERED,2026-07-07
cc748dd8-7db4-4cde-896d-bf023604021a,d1be4b48-d28f-46b4-807b-386fba3b3c99,DELIVERED,2026-07-30
4a10c9bf-e59a-43c0-b4b1-3a43e707496c,fd839749-8e51-4a6f-86cf-a6b17fde56ed,DELIVERED,2026-07-22
de7bbf11-7a2a-4075-924b-e96d36d85d2c,5d6c3bb6-e246-4c21-81ae-280011df1e9d,DELIVERED,2026-06-03
eb2da152-0ac6-42b3-83c9-448b93b9e54f,5ae87188-b97e-4136-8589-f600615a8a7c,DELIVERED,2026-05-27
a344af41-5b5b-4349-869a-eabdaa8f1985,b1b7bce6-ddea-4823-b001-db364ef8eafd,DELIVERED,2026-07-17
cff9f420-a557-45fa-a91e-63c09c9ef93c,e663a2d4-a4c6-4cc1-8918-a3814a3b3e5d,DELIVERED,2026-08-06
4dee598a-85f7-4bb6-a4a7-0eba06baeb88,7fccaf1c-8ae1-4a33-aaff-96c9a4a222b4,DELIVERED,2026-08-17
6a1b8e9e-29a8-4823-a4c7-0b77dde8ec06,c0549de7-85f3-4a1f-9f4c-786324b695e5,DELIVERED,2026-06-29
367804e4-10a7-4ed4-8caa-71cad76cdb3b,1b7a77eb-6d27-4bab-8821-0ae651a6f260,DELIVERED,2026-06-12
f6688b53-8431-492d-a8ec-bb33630d5bb1,0d179aa8-01fd-44fd-b497-f952e6e59179,DELIVERED,2026-08-08
b40a1a7d-0a08-427e-ab9a-39b7bfa95d80,185cbf22-1a7e-4a39-b1c1-e078ed505475,DELIVERED,2026-08-16
20e5b54d-7d90-4567-8447-530e66447349,abaca774-2025-4f51-921c-4ac92577d667,DELIVERED,2026-07-24
92b2a63a-912b-4b21-967d-f5efa809b70b,d38dc97f-3bf1-424e-bd5d-fea8516abfde,DELIVERED,2026-06-20
8cd1609d-3fda-443d-9f0e-c2c7c715875e,3a51f091-bddd-4ba3-9b50-a212f3d16838,DELIVERED,2026-07-17
8a47c089-c10a-48dc-a371-d309f8407af0,4e600597-7ffe-49e8-aa50-53de12513f35,DELIVERED,2026-06-23
2e1e16d9-0a83-458b-9448-c4d798ffa1ba,b7ec2818-bb6f-4e2b-b7a1-9e9c6452d5a4,DELIVERED,2026-06-10
323b30e0-6f03-4099-8a4b-78195cd59025,419c585b-060a-4b7b-9165-204797dac7ed,DELIVERED,2026-05-28
3f442776-604e-4d42-b864-9273e5835c0b,cc71ca65-58ca-477d-8fb5-e6d5bf5a7f43,DELIVERED,2026-07-22
92cfa99a-241b-4924-a9d8-b48f344a9191,1739710e-662a-4d4e-a700-db1f03e22139,DELIVERED,2026-08-03
8e29de95-9960-4b13-8d98-762b3ba8c455,61338154-377d-489c-9dfc-a353dee32138,DELIVERED,2026-06-28
a92356b8-7846-42c3-92aa-ef530b56a9eb,776f2ae7-9b50-4eb8-9583-b35b7bc28e61,DELIVERED,2026-06-07
89a03ca6-a2f6-48d6-bda2-c6df8ab1d311,4f3b669b-0920-491e-a833-8d7792a9d0f7,DELIVERED,2026-06-18
3e65bd90-614d-43e9-a728-30855fb44de4,dcace879-e5bf-4085-9ab3-145bf7c7ef03,DELIVERED,2026-06-19
2fd7a012-ac7b-49af-afa1-78296e13128f,a864c80e-e09f-481d-ad1b-7f330a848ff8,DELIVERED,2026-07-10
d999b927-3bb9-4405-80a3-ac430b951aa8,f0c6db5a-11ab-48db-b3ad-2bba177b9fa3,DELIVERED,2026-08-04
2a3df047-eea1-49aa-aa9f-a42e16711af1,dd2d101e-935e-49ae-9f4f-d0678e5bda36,DELIVERED,2026-07-13
f21a09e9-50d9-4c5d-aae2-39957121f8f3,7d675d3c-c773-4d13-9178-ef0aa7958aec,DELIVERED,2026-06-01
0578deb9-90e7-428a-af95-193fb30464f7,d9cba5be-7fc2-42b9-ab43-1e4714c580b1,DELIVERED,2026-08-09
34451234-1a38-4714-a05b-487059c8503e,2a496429-ce44-478a-859f-02b8fc1cbf36,DELIVERED,2026-07-06
9431a5ae-e25b-4ea3-9f6a-b7507cd70f43,311415b8-9623-47da-844e-7d28914922b6,DELIVERED,2026-06-12
fcbcccd5-706c-450f-a85e-b252582110f0,727d67e2-7b83-453c-a77a-25ac43162902,DELIVERED,2026-07-08
c6ba97b9-d83a-4119-b6ae-95b595277d00,55a9fe66-723d-4bde-99a0-9b74958b7215,DELIVERED,2026-06-13
664e2454-af29-464c-b8b9-a5f4c989dcaf,b33f4def-39a8-48c5-beb0-816916f847ea,DELIVERED,2026-07-09
41d57920-b6dc-4dbb-9083-4818d78bc061,491052b2-6571-49a6-a275-42512865912e,DELIVERED,2026-07-29
ae2c32e1-daf1-4044-91dc-d622305dd87d,4c59806b-c1ef-40d5-b5e9-5c998022e50e,DELIVERED,2026-07-14
8f5ee828-baaa-4d98-9dfc-5353a0c10a8c,4219820e-37de-404f-9bb9-bf593a1f87b6,DELIVERED,2026-06-25
64bfbd6d-31ef-457c-807b-a497e46b5f0a,c7635a22-3136-446e-8a8d-8fb1433fe6c9,DELIVERED,2026-07-04
a249b9fb-aaee-4f57-977c-a3325f7081ae,1640f5a7-2d78-4d10-a7bc-29fd3d0c2364,DELIVERED,2026-08-08
dd274b90-d1ff-46d4-9996-215c7712c671,f61d2d3a-95de-449c-9d70-289610f2c906,DELIVERED,2026-06-03
76d47844-d83f-4410-844a-980e1739eeb9,9ea6d154-fe80-4dc0-9d97-e1648a4c7900,DELIVERED,2026-05-24
42d05326-075e-4315-bec9-61b51675be8f,b5dc82cc-673c-42a2-ba26-939087a3ddd3,DELIVERED,2026-08-01
0239855a-08a9-4985-a6a5-644ffea86d4a,0126c977-c0d0-4509-becf-aba84f566f9a,DELIVERED,2026-06-30
f6613b79-d694-460a-adbc-ca3b3bc1adf0,80f46c58-2a26-427c-885f-c07f8744fc8f,DELIVERED,2026-07-02
00953f48-0e0c-468b-a0cb-a3bb30def6ba,9b79cdfe-9d84-448c-bee6-a08ea0b23e0a,DELIVERED,2026-06-15
308ffff0-07a2-4564-87cf-0d6d6413d701,faabb250-e30a-456e-acbe-601b43329963,DELIVERED,2026-07-14
dc538800-fa1e-4824-9158-edf568e03018,41f41930-670f-4ad2-8206-cea0243cd5ec,DELIVERED,2026-08-17
2665fe50-ab17-4e25-be05-202b9d20074c,7ab90517-c044-4add-8bfa-1e286558bb9a,DELIVERED,2026-07-02
619fb492-47d9-401c-8b29-b3994a6bcba6,ab2d7bdc-cd12-4558-a169-234449a5b5e6,DELIVERED,2026-06-04
325dfb48-09aa-4b6f-a02a-b5fc28d682f4,7138626e-fd50-4a22-b97b-1d137b19596f,DELIVERED,2026-07-04
be1e9bdd-8fc7-40f7-8a47-471d25e9fae1,5b3c0b01-0830-4ab3-a209-e0f4f5238da4,DELIVERED,2026-07-23
5ee443a0-2568-433d-b2ed-78df4ec57cdf,171340a1-c0c4-4839-9df9-f962def99de2,DELIVERED,2026-07-18
7262a621-8c25-4ac4-b938-10db0c2d3044,4babbe9f-b20b-4dec-8505-8393030a102a,DELIVERED,2026-07-05
08cb7b28-28ca-4cd4-8d8c-c874826e3401,bebfe356-4321-40a5-ad0c-4d340134a567,DELIVERED,2026-06-14
428cd636-b1f1-420c-a079-e54c12a12341,811e7c56-6f94-4af9-98f7-f8529a67dca9,DELIVERED,2026-05-27
548d55dc-15f3-43e3-aa4c-e945eb005d48,e9d0effb-f4fc-4413-8c91-f3a2075669f9,DELIVERED,2026-07-08
a355ed74-7086-4a05-8ec5-640e9a43b30f,8dec389c-be4d-4d26-8a1e-4a0e6dafa4d1,DELIVERED,2026-05-26
e843e66e-c857-4c90-9909-d4e145b3d102,2469b002-7c6f-441c-b5b4-fa8e812c522d,DELIVERED,2026-07-06
353192f1-ffb7-45b8-9a21-cd1a0b4117e4,2c8eab44-2bbc-4475-88bc-346b451cd23a,DELIVERED,2026-08-18
613a9016-64ed-4623-9c0c-7b73e8989617,cba4b991-3aec-4975-98a2-a7b43cad3268,DELIVERED,2026-05-26
7c284ad8-fd95-49bb-bd0c-2cf36b00ad31,d0ab457f-ccd8-49c9-9574-4f2d9cb8d244,DELIVERED,2026-07-04
87e36a97-fbab-45cf-97dc-97fd2e22a7aa,04a848e6-b846-4740-a71e-404f6d5cb685,DELIVERED,2026-07-13
1a9bb206-a1cf-4837-8aff-fb47c9ee7f4f,813e3b78-57e8-4ca1-abf4-19772a35ab2f,DELIVERED,2026-08-13
69a54a00-3f4d-4a51-ad57-c164c0c0305f,21570ae7-593c-4028-b4b5-dacff5a82636,DELIVERED,2026-07-27
3bbe5195-1141-460a-822c-ae2e728941d0,f02be99c-a25c-45ab-a141-0f6959fba8f4,DELIVERED,2026-06-20
bb55bb87-62ca-4677-b5f4-477686120da4,8dd94586-73b2-417a-8aa3-e3804252caf2,DELIVERED,2026-06-15
723159d4-16ef-405f-811f-d75e4b9b07b1,bc37edcd-77f1-4b61-9447-e07a7dacb001,DELIVERED,2026-07-10
5404bf78-9a62-468e-8421-a153e0c042e2,65fcc2d0-0dcd-4dc2-af3e-34a67a81b225,DELIVERED,2026-07-28
c47b6978-d257-4de6-924c-65ba87ecb3b6,cf31135e-93b7-44ce-b2a9-4d693e61ab9d,DELIVERED,2026-06-17
f41ef0a2-1a10-4d7a-84bd-7fafe7cdaa2f,900b4fa9-5ccc-40ef-a45c-ffa74a6b0eff,DELIVERED,2026-08-12
8ae78b10-9477-4f71-9fca-0dc3d6e6442a,a00fbfe6-f68d-4f33-af09-ccba042b9db5,DELIVERED,2026-07-10
adeeedd7-43d4-4020-96a8-140b67ceafbd,8211bf52-92dc-4475-803c-96bb01217edb,DELIVERED,2026-08-19
a9bb2733-cc90-4394-ae95-64593558b9a8,75f483d1-a572-457a-b046-43d748ad5aad,DELIVERED,2026-06-06
3c85b1b6-303d-4b12-aeaf-85fc203dbadb,d404e434-4d6f-4a92-92cb-6817044774f0,DELIVERED,2026-06-12
a384a5e7-7de4-43b2-a506-0fb9b90f74ca,4767fc1f-6f0b-479f-9309-342480fad9a4,DELIVERED,2026-08-01
d6d3df85-0897-40ee-be68-d6b8bf41fbaf,0dba0fd5-a74c-4e24-8c33-b435ad1a3afc,DELIVERED,2026-05-31
9424dcec-1a81-46e5-acf2-ab089d2a7a46,09fb6d69-50bb-44c1-a29d-6c3ca1b3599a,DELIVERED,2026-07-23
5dab3260-38bf-402c-8c98-b561d72070d2,5d6c3bb6-e246-4c21-81ae-280011df1e9d,DELIVERED,2026-05-30
c25aa818-7cd5-4212-971e-0d4d8b3e3c02,a8f3f7f5-3f50-4c44-82db-13c92fa4575b,DELIVERED,2026-07-01
b0869b04-1264-4f6c-bf2a-8fdf1f23e80c,489f541f-cb67-490f-9b4d-cdba5f08ed98,DELIVERED,2026-06-28
fe517c35-1247-4d73-8228-b65500b362f9,6b0030e2-de9d-46a5-8c78-bb753cfe7597,DELIVERED,2026-08-12
72162bc2-bef3-4a61-872c-1785f6fc9e17,38327010-d029-4135-90a0-dc699d7cfc65,DELIVERED,2026-08-02
9c424fa7-8083-4c08-97cf-af415bedf638,370efbb4-8c07-47d0-928c-6b0ae6c7c9ac,DELIVERED,2026-07-18
16dc62f5-fc2b-4176-a2be-b3b34c12614b,488d4183-6dd0-459c-92d0-b54ca8cac66b,DELIVERED,2026-05-23
7abaad5f-8b59-4552-9ee8-fa410010765a,4a9d9841-c99d-498e-84d5-20f21b089cdc,DELIVERED,2026-08-14
42087766-f22c-4142-b11b-b1248325ee2a,0b2e452b-6a85-4050-bb27-a521aa395bbd,DELIVERED,2026-05-25
ec353b10-be17-43a0-ae60-74d9348ee410,6cf043b9-f3be-4327-a31d-b1dfe75bd9e9,DELIVERED,2026-06-22
d7d7cc43-e03a-4867-a7da-3c7721a1ee8c,28647580-fa2d-4e17-8ee5-bd558709f9d8,DELIVERED,2026-07-28
1918fc46-1ba3-41d6-a83a-b6144fe13e50,26708a8c-62b3-43dc-91f4-e5ed2b7abea0,DELIVERED,2026-06-11
485c807a-6a6f-436a-b795-81bed37d146d,8cfb9666-a330-4b54-8585-36ffaab84e0a,DELIVERED,2026-05-26
1f03738a-5291-42fd-b977-5205de780fea,0168cdf4-40dc-48a2-822d-0fa142e626d3,DELIVERED,2026-08-06
504e17d6-d3ac-47fa-99d8-7c3068f17af4,5a098b94-6f58-46b8-bb36-89a1069e3bcf,DELIVERED,2026-06-29
c73a5213-efaa-417e-a216-6adef77027c7,6b146e70-246e-4c1e-be1b-276cfeda8938,DELIVERED,2026-07-17
e875cdbc-c838-40bf-a68e-d4f6790cb7a2,e277a941-39b9-4058-b388-423041dfd904,DELIVERED,2026-07-28
f5148797-7268-4028-94ad-a5c9088ec99e,73c62414-e498-4c31-9c13-9d576f1befe3,DELIVERED,2026-06-11
2900244c-6eaa-49c3-b113-f4f5202ed94b,ffb496b6-8e81-4703-8a65-440baa0c08ba,DELIVERED,2026-07-18
630f12cf-7561-46e5-a06a-0bab06a0a048,8fa67be4-6521-4d98-90bf-05f329beddad,DELIVERED,2026-08-08
570a270a-bec7-42bd-8b41-46ebde13ea19,6983fb3f-8aab-4fa3-abc0-dc39c883593c,DELIVERED,2026-08-07
c0dd9024-d0ca-45e6-9bee-8eab186ec154,4a4204de-87db-4bee-b09c-304462ceea06,DELIVERED,2026-07-27
982a7aa3-c874-423e-9db8-d604d0259a14,a36a4063-e730-4f94-924d-6de19ff74158,DELIVERED,2026-06-04
7f29a882-cdf3-4e73-ad99-d1834bdcb708,69bde723-c8ed-43cc-bb39-2d1a897b721b,DELIVERED,2026-08-10
a24659c1-0040-49a4-bdfe-cf70b93efea0,7499a400-6b01-45e3-bcc8-14ea49803274,DELIVERED,2026-05-28
0d4f1ad8-6ec9-488c-b434-2b1443e0eddc,7740e26e-177d-4c4e-89ef-6c126adb5d22,DELIVERED,2026-06-15
ff5a5424-7ac6-4354-8d11-1c5cb82f8a42,160fbb8a-0497-459b-8332-efd1d6cca039,DELIVERED,2026-07-12
ed5a647f-1d87-4d64-9e6b-a9f03a882f52,1694ddec-a9e2-4c8e-8244-465f1ad7e161,DELIVERED,2026-07-20
f367ea96-82d3-48cd-b322-f7470e0da350,c1555cf6-8cdc-45f9-96db-45949e0bc557,DELIVERED,2026-08-13
e0499847-6474-4dea-96e7-5fb7dfc6da53,61f0477b-7bc7-437f-88d0-2b7acb055a7d,DELIVERED,2026-07-20
13a404b3-fd5a-4d85-b158-20556a6f7b84,b0ec5618-cef9-4118-93b8-037b6010a813,DELIVERED,2026-07-26
bfbac501-1e5c-441c-a3ef-a47ef8b029bc,e34e5ff0-3c3e-4487-9d42-5336bdf3b3db,DELIVERED,2026-08-16
2acd5123-ef1b-40b7-a8f1-cbd292b6cc20,26e495ae-79a3-4917-a0ed-8c8bb1db8e3e,DELIVERED,2026-06-05
270c48a7-e115-4196-9dd9-a46e13c3d8c4,f8c0f5e5-bb82-4528-90d4-cb133ff968a8,DELIVERED,2026-06-15
a7ad0499-20a7-4ffa-862e-9f5477acd21b,a65dc726-396c-42e6-b627-753049c01535,DELIVERED,2026-07-29
dbe219e7-b2c8-46fa-a3ae-d0712aae1395,8351b189-688c-4f53-82fe-83aaeb8b3d22,DELIVERED,2026-06-08
1c60e489-c682-4b89-b558-b8d697eefc60,1f61ac9c-685f-4bdc-a0fe-a73bb3cd0d5b,DELIVERED,2026-08-15
18377fa5-f249-425a-92f1-87477f44ef7d,4ab5beee-6ef7-45d7-9e0c-9e5522ba6732,DELIVERED,2026-05-29
3fda976d-6709-4d3c-847e-e2fe296a6316,ab880afa-63e9-4619-bd2b-61d8027e7bff,DELIVERED,2026-06-30
4dc55d15-0715-4dfe-92fc-574c88605de5,a2a00a46-821e-4337-9edf-d020008ecd4c,DELIVERED,2026-05-24
c638802e-56e0-47fa-ba1e-6d16faacdee9,91a6aa2a-b391-4fee-8b8a-15d6739322a0,DELIVERED,2026-08-03
1c2ab9da-c6a3-415d-8f62-3aa506e322a9,dd353cbf-647c-495b-b96f-6d75283470aa,DELIVERED,2026-05-28
19e0c907-6ec5-4820-bbcb-aff665a47eaf,f1bd9967-bdc9-4170-9857-0f8743215e42,DELIVERED,2026-06-14
ac143976-6dce-47b7-b515-3d9f69f4e062,c2b610b0-f0d3-4ee1-a54a-fd70cf6e91fc,DELIVERED,2026-07-25
ab8f8a84-a05e-4cd7-9d1e-e6d4a601a493,30eb69fa-9ec7-43d5-bfa9-66571dd0c112,DELIVERED,2026-08-06
dcbb2fb5-94fa-451a-b542-3498b6aeff9a,15dbcce3-df98-43b3-a9db-9152d2a1661c,DELIVERED,2026-05-23
02457e32-be37-4a78-9d9a-2870d7d94e03,1051836f-f851-4664-830d-4828d6d26483,DELIVERED,2026-06-30
4a88f218-df6f-46b4-9de8-8548157c11a0,677d17d3-7233-4556-ac7e-a0995de942b7,DELIVERED,2026-06-13
511e310f-44b0-45d4-bf67-97ffc5642a71,c91955c8-31ba-4fb5-bdc3-a0039dc6ef42,DELIVERED,2026-07-08
c11c1d9e-7369-4379-a619-bfb27b1dcb20,b6ff41d2-0590-423b-95af-42c90f1fe2a9,DELIVERED,2026-06-27
4e772843-2c07-42a5-ba0f-2568bf800243,b6ee2eba-06fe-43c9-b1c0-5ac1ff3e4ffc,DELIVERED,2026-08-06
355e30ec-b380-47be-ae49-eebf4e5c5a5b,299878cb-ff7e-40dd-93fc-123883c8a352,DELIVERED,2026-06-12
cde34783-c5bb-455f-a315-87d6dffb6979,5e759d58-79a9-4a62-aee6-bd3442722661,DELIVERED,2026-05-30
7433a8b8-f15a-46d0-baf1-fbddceae1e09,eeff558a-b6a3-44f1-8361-89af76cb5c15,DELIVERED,2026-06-28
ad5fae98-ef9b-4729-bf15-6e02159f57da,4af849a0-923f-4847-84ae-aebf42fd000c,DELIVERED,2026-07-03
575adf6f-94c7-428c-9254-6cad3cc01ad7,cd7d50f2-8c0c-46b9-9eea-42ffae74330c,DELIVERED,2026-07-26
2e462774-62d2-49dd-9a71-cf30a41b28fb,2106ca93-21dd-45bb-a0ed-232c7cdf3ae3,DELIVERED,2026-08-09
945ffde3-3eb7-41d8-bd08-cd75b7b6c45b,64bb70b5-eee2-4784-9d3a-539bc5b9eec4,DELIVERED,2026-08-14
d8fef78d-9d5f-4ff7-9a28-e79a32997294,a6f09aaf-7b15-4749-9220-95b4db9840f7,DELIVERED,2026-07-13
836c79dc-bf78-439f-8103-77794db577ba,370efbb4-8c07-47d0-928c-6b0ae6c7c9ac,DELIVERED,2026-07-20
3c6fb613-6a9c-4e17-a2a6-11cb27a6d500,79ce00e8-658b-43ff-b8cc-173ac3c443de,DELIVERED,2026-08-09
26414771-17a0-4c74-aa68-7d80355b223f,5908638d-28ba-4c37-b34a-8a2736cab398,DELIVERED,2026-07-15
7ffad3bb-3267-4aae-b046-5dc04eb0a5ca,73cfa26c-afda-4f08-a6e8-c2899e1f9a0c,DELIVERED,2026-08-18
217aa1c5-9236-4729-935a-c3682009b20e,1be2fe18-3d2a-41ca-89f5-0d84e78797c1,DELIVERED,2026-07-17
ffd9eb00-de4f-4b7a-be36-89d80d3c847f,eef8a17e-1290-4ff2-ba0f-a5e45d1e5ca8,DELIVERED,2026-07-09
ce138549-78a5-4140-94bb-8a95b3d39dab,ed13f929-dc77-44ea-ba8c-93c1d2cd67a8,DELIVERED,2026-07-22
23cd7480-d985-4e3f-a97e-ebe67817b747,26d816c5-e57b-460e-85b4-75a6e4ecfbd3,DELIVERED,2026-06-23
1fb550ce-e6ae-43c4-a926-9b6c5674597b,1c3d1c21-6f92-49f4-80ce-ebd854be587a,DELIVERED,2026-06-12
72522f8a-6713-4250-b2bd-76b2354788d9,5548af4b-1b94-4fc6-8f8b-5d54ec5d4038,DELIVERED,2026-05-29
5eaf1ec2-7a32-4b84-94af-50c463502c41,6de916bd-0ef6-4483-9557-8c28b588decf,DELIVERED,2026-07-17
8e0dc9dc-3002-4352-9933-927f911ccee1,bc1a084a-a6b0-47a4-af2a-09983f16e837,DELIVERED,2026-05-31
1e8eb489-0364-4e8c-99bb-470737b72920,f111bbeb-d220-4b8f-8cc4-4c4c3f34efcc,DELIVERED,2026-08-06
7b310420-6ba4-496c-8a04-2d4b9227cd60,65db1b2f-6340-48c3-8d7e-112c44bf24d8,DELIVERED,2026-06-12
51bbf0ac-50ce-4316-b7da-27094010c631,54a325d3-f66a-43e4-9c9e-f25aff67dd0b,DELIVERED,2026-08-11
0eaf8be9-122c-4444-8d64-ca8c402a8d7b,cf05b32a-1a08-467c-9930-eaef82b02c1f,DELIVERED,2026-05-30
2921310e-7bf9-4978-8257-cab474a09450,3984c18d-5d8e-43ee-9d91-161e13a0e614,DELIVERED,2026-06-01
818fbe3f-ca6f-452e-aba3-73905207518f,ef1bb5aa-2d22-48ce-ac1e-46594bea0e4f,DELIVERED,2026-08-05
d000f158-0a2e-468a-89f6-a847fbe5b4bf,769e9ea5-7a73-47d6-976b-4996255a0b88,DELIVERED,2026-06-02
ce19b15b-d510-408d-802a-0a0667f78d2b,cc93fd01-6c43-4985-ae32-9b8fd3378fa6,DELIVERED,2026-06-06
d57594fa-22ca-4c86-b122-6e6ccf7e2b6b,8e33cc0c-e229-4591-9d37-8e6a467a972c,DELIVERED,2026-07-06
69b7750f-ce53-48a5-a4c7-183d6b9b55e4,4c4c1c65-ef75-4709-b7bc-a0181faf3354,DELIVERED,2026-06-15
c2dcfc53-d99d-43df-aff7-fb31586caa12,21b6879a-6ffd-44b7-9a9a-18d441cbfae8,DELIVERED,2026-06-16
c8a646e4-62d1-446a-a537-16c69c1e5363,90f6d182-f7c6-4215-8310-ac6374e18328,DELIVERED,2026-06-12
504c82aa-b061-4454-8a86-e4cb7f6b7b37,7f9842e4-58bc-4f59-bddd-bb1b563e03c8,DELIVERED,2026-08-09
c4ba4c9f-6a71-4062-aac0-05169d613f3d,24af944a-40d1-40b6-a6ec-daa9afb1444e,DELIVERED,2026-07-01
c37aa3e7-2d41-417e-ad00-9e11336dca7f,a3b3501c-a45d-4822-b706-e21e50bbe1e6,DELIVERED,2026-08-15
8f9e48da-b3f5-40bb-a519-dd14d12691a0,09a8b5a4-346e-4fa4-b8e8-4f01d456eb2f,DELIVERED,2026-06-03
99e63586-48fd-40db-bd6d-4ea9d32dfb9e,6b433d22-5aff-409b-8820-e58117461753,DELIVERED,2026-08-07
ae24d831-24a6-49c2-83d4-8761b3742b3a,7d296367-0780-447a-aae4-c8d07b7e469c,DELIVERED,2026-07-14
d5f03d9a-b9e0-42f6-97f8-12cbc1e9677f,27224b91-d017-4921-83c5-04ce4b3bb426,DELIVERED,2026-08-17
8250116b-58f3-4b93-939a-4192e950f411,35d4564d-7bb2-4c3a-892d-bdfdc9f22fdc,DELIVERED,2026-08-10
11c01e8e-722f-452d-9373-5fd1b658cd67,953b4f06-79e5-4f23-bee7-5895675afd86,DELIVERED,2026-06-10
aca35e49-9dd9-47fb-9abf-5e929f376665,a480bdb2-f2e9-4bcf-a0cd-3c1dacba567f,DELIVERED,2026-07-13
6304e1ea-7077-47d3-9220-ac2fb71c0d23,6a4fb9f7-30e7-4bf5-8c40-039a0b2643c5,DELIVERED,2026-06-25
ff43ad87-c850-4c1c-8000-d1b1774c1ec7,8f3f1b54-28a0-47e7-a6fb-5d2763ecfa6a,DELIVERED,2026-06-29
2c362f10-de19-4592-9ad8-afc91e645df4,4a17db53-cc6b-471d-815d-6713ddfd5004,DELIVERED,2026-07-26
2c24b4d4-c37f-4ba8-9784-f3a689e57df1,4a103c41-d232-4995-abe6-88c70db8aa98,DELIVERED,2026-07-21
b1c2ef64-dffc-4147-8519-0a93c4cc9129,b4d4d51e-0225-4008-a2ec-c4fb9a46a02f,DELIVERED,2026-06-26
88d0ee88-e744-49ed-91a3-839c31662ce9,860bff2e-0d94-47a0-962b-c58a08299eec,DELIVERED,2026-05-30
9b128f6d-0ea6-45cc-b971-e64d04a52ba7,6a7d2b38-7ad2-426d-aebc-9d7812e9a275,DELIVERED,2026-06-17
c70efe46-4ba3-4f6e-a64f-f20eef7e7112,0429ae39-3883-4ab9-9c99-b2da714f37da,DELIVERED,2026-06-09
860a5325-7981-42b7-8e18-34269771e681,60493c1a-32be-4faf-bbd1-0387d1fbd223,DELIVERED,2026-06-30
48b579bf-5eac-4a2d-beae-f87aa8bf1540,786cb0ee-6998-4fb7-8ffa-9291028f5c69,DELIVERED,2026-06-17
786b3e97-e240-4373-b253-f19bafdebd6f,9d5ff549-e852-4f2c-9d1d-b2779cf98986,DELIVERED,2026-06-23
a9ab0e15-1cbe-4de9-9e82-21746405e179,6a8b7cb9-2b94-4ac2-a742-fc71f69e22b7,DELIVERED,2026-07-05
41b7fe21-810e-4eb6-803f-bc7621e13a26,3e6b364f-8649-4c94-aca9-f4c27776e735,DELIVERED,2026-07-31
ffc403b8-e363-4c56-be74-d9311414a4b3,92853745-ff0b-4611-8763-d74535510344,DELIVERED,2026-06-03
d1cd12c8-1b88-4cb9-8383-432f1b83643c,53923197-4ec1-4480-8d0d-9719af0815ae,DELIVERED,2026-07-29
12363ceb-b5f7-45dd-a420-25304f568c70,0b87ea13-500c-4d05-95b7-23a7c1c356c3,DELIVERED,2026-08-01
df95605d-4588-4876-9782-b44fc4399699,f7bccb73-4b8b-4b1c-a581-8dce5815aea1,DELIVERED,2026-08-17
eace2107-c1d7-4713-b9e6-cf0d3fdcfe91,e3e1486b-8c81-467d-b2c4-4bc92bf00112,DELIVERED,2026-07-10
c4ec4a6b-8089-4c69-8664-e29c4ff6724a,59c987fe-c71d-4776-bd9e-1febc0586472,DELIVERED,2026-06-06
3d9f1c78-4c8e-449f-8f8c-084900b386a5,0ccb9dc1-0116-4540-8d3a-63d065db6ea8,DELIVERED,2026-08-03
b626a8cd-8f11-4975-bd9d-6b141e5d87ff,f485a9de-580e-4687-8363-0ab28d586cd8,DELIVERED,2026-07-13
3e41c5da-48a4-4344-b5ad-8ab735592845,8308553b-53c0-48b3-a9eb-04ede9957bf2,DELIVERED,2026-07-31
51b7740f-95a0-4df7-8bec-0250eee0a19d,3f407166-0ecc-4312-b464-aa5db65fa288,DELIVERED,2026-06-27
941835ec-b37e-4a5e-be82-b3957b6c726b,6a5d92da-efee-4f50-9afa-2322c954b0fb,DELIVERED,2026-05-30
c51caeda-d7dd-40ed-a67c-7a611481268b,e9100542-8c1b-4612-836a-885d6ee88ec2,DELIVERED,2026-07-24
e37d62de-86ac-445c-bc00-f0af9845f9d9,0ff051f3-81aa-432f-9d41-10c709746f47,DELIVERED,2026-07-23
d34c41a9-5c72-42c3-95cc-5598f145c57f,7f9842e4-58bc-4f59-bddd-bb1b563e03c8,DELIVERED,2026-07-18
75b17a26-3ded-4709-b2c2-cd69934fbb09,a8f3f7f5-3f50-4c44-82db-13c92fa4575b,DELIVERED,2026-06-17
ec0a8a67-274b-4cad-bcd0-e7021aa569eb,b32ab3db-1a20-46e9-a125-452b03698ef0,DELIVERED,2026-06-28
665fef5f-c827-4fb4-b770-6f6e4242b96a,01b76915-379f-4e62-a836-9b131f34c7ce,DELIVERED,2026-07-29
017ee8a2-8fc3-4d82-87f7-ccdfb38dcd0b,edb943d0-6886-4c51-83da-464cd5533033,DELIVERED,2026-07-29
35747cd1-2f5e-4694-b96c-416eea0a7fc0,dae726c9-308e-4ae3-8ad1-6553ac2a458b,DELIVERED,2026-06-19
41da0d5d-37b2-4fd1-b6ad-9f5f7c2f1cb8,d08186ec-8b8e-491e-8214-9ee41c0d305b,DELIVERED,2026-06-29
fe0efce7-10db-4c44-ba7b-b0b36ee97b92,b8cddca9-91ce-4d91-9e63-43923340803d,DELIVERED,2026-06-30
ec987502-e1c3-45d2-8995-6872ed9f63bd,682f6704-54ca-4fbf-911a-78c0a3eeaa65,DELIVERED,2026-07-07
c6cfe4da-c029-4fbc-b4e9-abebbe5fb0c6,b23ae272-ef28-4625-8ac0-a473f91be950,DELIVERED,2026-06-02
08637713-3a5b-4875-b827-6c5f6bf75bb2,f453db62-a450-4789-a08b-8c8be2a2b186,DELIVERED,2026-08-17
20a40551-d1b4-45a7-b464-1945c1b24776,73c62414-e498-4c31-9c13-9d576f1befe3,DELIVERED,2026-07-12
df21533b-d917-4de9-bbb6-545a1fbbcda3,dfec824c-609a-445c-a585-7bcd2578d622,DELIVERED,2026-06-29
769d3c51-47f9-4765-80e5-a0d31c6c6026,43e449f5-e0e6-4343-89d0-065e799ec6c4,DELIVERED,2026-06-01
05e4e398-4449-4dd9-aab6-b74bbe841602,4b255896-1e03-4043-9f50-54225b09de14,DELIVERED,2026-07-06
449c4686-542b-428e-9bba-9888e786e699,5ffa7803-30d9-48be-9987-637374fef760,DELIVERED,2026-07-03
e3e0868e-48f5-4733-b0e0-015d98aa4e44,3ae1bb96-0f5c-4868-8c4d-a247487e127d,DELIVERED,2026-07-23
125c5819-e252-4444-a54f-b483db735c9d,bc2b25ac-1c49-4e0b-b98b-59319e41c895,DELIVERED,2026-07-14
78e2b8c9-2232-4ca6-b771-0e0e127e23e8,bebfe356-4321-40a5-ad0c-4d340134a567,DELIVERED,2026-06-27
e1b7368f-5e09-4967-95cb-b1705a7df2e1,cd149899-dd8e-442b-b583-d794d5025e02,DELIVERED,2026-07-16
6586b340-5043-4926-98f1-12f01a092dce,bf06ef0b-2a32-4967-bb72-926472f18b6a,DELIVERED,2026-06-25
a5a53753-692c-4d6b-82ca-3faa1099d1eb,15d7d92c-bdea-44cd-b513-41f85b8acb5a,DELIVERED,2026-08-17
d0f5ef7e-5554-4d4e-9384-9b6c5c008842,7d0579f1-bf1b-4c26-9967-ffb8f2d20436,DELIVERED,2026-06-03
635b04ba-51e4-423c-b3e5-e20d269fcd37,b13ec440-6b1e-45c1-95d2-f6595bcbfaa0,DELIVERED,2026-08-12
4335596c-8421-4b76-9839-b0aaed79708a,6a19e576-6a9e-4980-b678-b9b7ffb45fc7,DELIVERED,2026-05-29
42de96e3-131f-4868-9615-4c0270acdad5,d59fa48e-b2f3-461c-93da-709d2b88b029,DELIVERED,2026-06-06
a935f314-c483-4f69-8f2a-ba2988234c7e,a61ac25a-dbdc-49cb-ae32-891c6a541af7,DELIVERED,2026-08-11
88d303ce-ca83-49b9-b4d6-c6005932e4e3,be1dcfb0-e2e2-4232-a911-e8460bc58b8e,DELIVERED,2026-06-01
5d62cbac-4ad8-4e2c-b389-14a0228c0f1b,ed5b68ed-6a99-4f49-be1b-74f85c21b0b0,DELIVERED,2026-07-16
626cd015-d5f6-47ae-8242-dfa72a070db6,1268fe34-aa49-4caf-a448-cf1098bc3884,DELIVERED,2026-07-21
b481cac5-1d99-4931-a981-7b22b0124137,c626fd87-9915-497b-a0bb-ea8678007d34,DELIVERED,2026-08-19
811e65e8-b123-42ff-80a3-83f2afbf6b09,274f8556-c5bc-4bce-a836-452ef463f6eb,DELIVERED,2026-07-11
e83a0c1b-7d3d-46f7-8a48-2c8f763ed982,6a7d2b38-7ad2-426d-aebc-9d7812e9a275,DELIVERED,2026-08-09
d50998a3-4166-46ea-9df5-624dd5f7179e,0d40e872-8343-442d-baac-b14d812f4b2f,DELIVERED,2026-07-19
379b7101-e970-4ea7-b7f7-f575aff72127,12b08c17-311c-476c-958c-186f3146c33e,DELIVERED,2026-06-23
1b468672-98be-43b9-9b6b-31b8ab347829,7cc30da6-29eb-4a2c-ac01-b2e40bf9af55,DELIVERED,2026-08-14
ff56b5bf-f22f-4187-83bf-d1e4d3224005,41f41930-670f-4ad2-8206-cea0243cd5ec,DELIVERED,2026-07-11
c171bc5e-fc95-4ddc-bb2c-1ca4421abd8a,e58c7a34-1d9b-4f80-b001-38f1b2574601,DELIVERED,2026-05-28
b6fef85b-2873-4b6f-9295-de9c6dcede47,769fb67e-08b5-483f-9838-a27c51b2e1cc,DELIVERED,2026-08-10
2961f154-34ec-442a-a0c1-2f2a201d71ce,16b338c7-7c57-4b13-b31c-56e37fc1da89,DELIVERED,2026-07-06
2702b6f6-ea75-4545-a9af-608bbbb44f18,d38dc97f-3bf1-424e-bd5d-fea8516abfde,DELIVERED,2026-06-13
3e0cd1bf-6743-4815-8f07-37e5703b2ab0,5732517d-0410-4e27-b382-9e85bd1de11f,DELIVERED,2026-07-22
11434df8-46c6-426f-85b0-557300a9cb64,2a710898-7af7-49db-80ff-9fb944c2472e,DELIVERED,2026-05-27
0f578e09-5017-4d5d-8cae-7e758c758e37,7b365ced-94e4-40a2-b4b2-a1db6a7e5fe1,DELIVERED,2026-06-23
a3e7d99a-bcce-4071-9d48-a7a666b2aba1,077a9b5a-242f-4726-a9b4-8d3b62a1a568,DELIVERED,2026-05-22
f540e309-8e2f-4827-8fdc-01d090e5527e,f02be99c-a25c-45ab-a141-0f6959fba8f4,DELIVERED,2026-06-05
0d24eec0-f78e-49a5-86b3-c9eba3244b9d,a2c8abc2-5b74-4612-8113-e12b0bc4c559,DELIVERED,2026-08-07
c12b01e1-8f59-456d-b0c7-ad8e5c05a4db,bebfe356-4321-40a5-ad0c-4d340134a567,DELIVERED,2026-07-06
28714b9f-c57e-4aa5-9b45-0094bec4a0fb,3f6fb77c-a356-4cae-8935-9d3d3c92cbd1,DELIVERED,2026-08-11
657c8832-4048-4afa-b41a-d99282607693,fdfe5841-87ee-40ea-a18c-ae084ac4b062,DELIVERED,2026-07-11
2eacf676-d281-4796-ae5f-aad99d42a2de,3bfdfad7-37da-40d3-92ae-dc191bd48971,DELIVERED,2026-08-14
5243a0eb-3510-4788-a7cb-0e920ffccfe0,76d2890f-ac9d-4ef2-8b80-0f2dcbba0fd6,DELIVERED,2026-08-03
4c09e48c-97e5-444d-bdb5-c53cd629042b,9f5b9218-129a-4ed9-8cd6-30a89324c32f,DELIVERED,2026-06-16
6148a408-4497-4727-a0b5-3623b4316fbf,d6e07c2c-114e-488a-99aa-61a81c89159d,DELIVERED,2026-08-09
445a7f0f-efc4-45e3-8672-8347f8f400d4,1218b727-47b7-4787-b926-b66f763de652,DELIVERED,2026-07-23
13e2cb23-4f9b-4b7f-aee5-355cf6931a21,9670f0f8-ae58-468b-9942-2a8f17e148c4,DELIVERED,2026-06-02
586978c3-af8b-4d15-9129-cf1a1c0cb8bc,279c6a62-4bf5-4353-988b-0e87a575639e,DELIVERED,2026-08-12
e42fb786-65e1-42a3-9a1e-9dad1474ba5e,a5eab5a4-ed87-4a12-8651-c813968796b4,DELIVERED,2026-08-07
725f7524-a520-4bd7-af43-19fe262d8ec7,5684ce81-4653-45de-8d00-591fb7562e12,DELIVERED,2026-08-03
4f240f97-378b-465e-aa74-44d33e989139,680601cc-afcb-4e65-b71b-0c1961a6e7ea,DELIVERED,2026-07-29
88b52402-74bd-47e0-ad2c-df6f57d3845c,aa612723-3c3b-4e9c-b768-55f985842e51,DELIVERED,2026-07-19
4aa021c5-28fc-446f-97cb-85aab63284f2,45e67dec-a666-4acb-968d-76e2ab1ab1c8,DELIVERED,2026-06-05
5ae46c3b-ea72-4244-85ea-a7d84799527a,09407a6d-7a4e-4dc0-adfe-03cadae24f41,DELIVERED,2026-07-19
684ca398-873e-4903-a20e-e0e49b8aa4af,e7f4c177-01b1-49f1-ad35-5f304e237751,DELIVERED,2026-06-06
216927f5-532c-400a-9e37-f757a44f45ca,6a19e576-6a9e-4980-b678-b9b7ffb45fc7,DELIVERED,2026-08-17
cc622089-da3b-47fb-9b2c-909e026906d1,f016addd-a9fb-4130-a14c-d065afb9746a,DELIVERED,2026-06-07
f62f125e-4fb9-4c50-baca-e6f823958a7e,84795ca6-b082-43aa-8a1b-876fb0019d1f,DELIVERED,2026-08-17
6145cadc-ba84-4525-8992-2ce158933f4d,c0bda57a-e91a-4523-b46e-eb3bfa542123,DELIVERED,2026-08-06
2298007e-c3b4-4746-9201-4d3fb117ca9b,1687e2b4-2d68-4014-a9b1-e5e6f8248a2f,DELIVERED,2026-07-02
627c52fe-63c4-44d2-88fd-ae597af8483a,079fc7cd-808f-4892-97fe-505dd2c1769c,DELIVERED,2026-07-17
9dea2d16-be31-48b5-a8be-897387894b33,6af57a87-206f-4e3b-bbfd-1e6a7a51870a,DELIVERED,2026-08-09
23263a8f-fa44-4b9d-8244-84f7a183255f,cf9386f8-1d18-4c91-940d-691262c1396c,DELIVERED,2026-06-15
67be4bb2-3031-499c-9a2e-09221ec59871,411d9efd-b841-4398-840d-945b4e576993,DELIVERED,2026-08-18
35ab18a7-50a0-4dec-8695-3a3527a0cd73,b91ec1fb-6baf-4051-ad8d-93e6a2feaa18,DELIVERED,2026-08-05
2d7c725c-b4e8-452f-ade0-4219b5929615,7db2978c-2d29-456c-a03d-3f0265be9484,DELIVERED,2026-07-10
36767016-affe-4f47-bafa-1d32d2eb3cb2,1ff993b2-10d3-4131-a0e4-3457f7c36580,DELIVERED,2026-08-18
865f6f3b-9dea-468b-b89a-22b465aca4b4,584d9afb-e65e-4cc9-b5e3-6c083185c5e7,DELIVERED,2026-08-09
721642ad-5a8b-4ab1-89f9-ef897aec4a40,7cc30da6-29eb-4a2c-ac01-b2e40bf9af55,DELIVERED,2026-08-13
b2cdc856-bc40-4ff7-b1b6-452a076fff9a,195adcb9-808e-450a-875b-52053d544cd2,DELIVERED,2026-05-26
16346fea-863e-4337-a4a9-dd7e87274def,9ebf5a5e-e7a1-4879-b83a-05d528889bb4,DELIVERED,2026-07-27
925fd3f7-5c1e-463d-8fc0-5baab3fdf4b8,618aebc0-3d95-4d35-bfe6-0f921fc8837e,DELIVERED,2026-07-13
d6a8a9e4-2e98-4ce6-99b9-3b4e61ae19a4,4777e8fe-ab17-4581-b4ed-5f8ee25dc36a,DELIVERED,2026-07-28
bbe5bd98-8c1a-4990-abd7-a96182b0d95e,5443a75c-c5f5-4185-bac2-d10ccabfbf86,DELIVERED,2026-06-20
88eeb72f-5618-4b3c-ad53-7be8fdbf263e,2469b002-7c6f-441c-b5b4-fa8e812c522d,DELIVERED,2026-08-12
7a91c5e6-c329-4d4b-9948-93ab64032239,33eda796-09fb-478f-9c40-b66ad6e79dde,DELIVERED,2026-06-27
8a69f848-919c-4091-a5d3-44c8e578b077,cc4ff494-4eb6-4295-96f4-ddc7cc0cf818,DELIVERED,2026-08-19
cf3a5c00-8577-42ce-b3e5-79fece094b70,23cdd077-9fe4-489b-ae0b-1412d7922a32,DELIVERED,2026-07-12
5e5b1b0d-0a8b-492a-aba5-6212a3c09757,72218653-da5f-46cc-b3f0-4ec592ea8fd9,DELIVERED,2026-07-02
55dfa3ac-85f9-4048-8ee7-6808126557e6,bb612ba8-bb9c-423c-ba10-3ddeae42ebf1,DELIVERED,2026-06-20
8839c320-132f-4ebf-8e0b-0f8e9f91b944,7b6cf942-9700-443f-aa53-02e6634bde57,DELIVERED,2026-05-22
e64a0c44-97ab-4280-9f5c-f7106a80a3be,874418f1-9edc-4b7a-88ce-6cc1705205b0,DELIVERED,2026-06-20
1b8d26f0-43b8-4c8d-baf6-d414bbfd2c7f,fb8a001a-1960-4026-965a-076eeed382f5,DELIVERED,2026-05-26
624e047b-2544-4bda-8459-2a94e119aac5,ea534aaf-199a-451f-bee2-dfe8b1f95b35,DELIVERED,2026-07-25
0f3e6d36-7950-4c96-a289-e4a8997a93c9,86d8b5df-28ae-48ab-8913-69b88a8406bb,DELIVERED,2026-06-06
3390098f-6f35-4aca-899f-d4c8733cd938,f453db62-a450-4789-a08b-8c8be2a2b186,DELIVERED,2026-08-19
84098731-ffae-44d5-8cfc-1f167f154849,8b836ee6-ea73-44ef-a78c-84b71e862d3f,DELIVERED,2026-07-16
ca338818-0e11-4698-aa50-d73aece8e264,7d296367-0780-447a-aae4-c8d07b7e469c,DELIVERED,2026-07-12
ed13b129-98f5-4aae-a9be-60be61e8e9e5,83db35d3-290b-4459-a3fa-762802e73335,DELIVERED,2026-07-18
13d66f01-6e99-4b94-abca-20b1a9c065cf,50c318aa-5f6c-49c8-8767-b2aba96b2729,DELIVERED,2026-07-03
b8af1e37-9a95-4a5c-b2fd-b0fe64c09e36,3ec68598-82b1-4103-a029-1cd4a2fd0177,DELIVERED,2026-06-18
7f1a5fcf-5456-43a0-8950-967ff2cfac9b,e85a955b-dc16-4010-a045-a72b37c63047,DELIVERED,2026-07-14
fa651584-f0f1-4691-8ace-f756b3964dc2,f895cec8-3328-42c8-9fc0-0461e9ffd828,DELIVERED,2026-06-09
78f64081-6cb0-43e4-9399-6efe3a30e163,1bd6bf05-3fa9-431f-8de1-2d18edd796f8,DELIVERED,2026-07-24
966d469e-880c-4eb3-96b2-5355bb1b7e78,16c052c1-738b-4a4a-88aa-4a63d2784f13,DELIVERED,2026-07-30
5f83c363-856b-45be-a0c1-23a5b2c2ad19,648d3f6d-27d9-48aa-b061-97dd5a1437af,DELIVERED,2026-07-07
de66fa42-eac2-41c3-bdcf-bd9dea3397b0,6c88e3a9-fb17-4702-a2d1-f6950018cd92,DELIVERED,2026-07-11
97e9acc0-63a7-4d9e-969b-8fe1301fb2f1,924218ac-bd18-452d-a913-7704e6eec100,DELIVERED,2026-07-23
4e0bcae3-05e0-4b67-906c-1c30719408d8,744eb90a-9669-48e8-8512-94b6f95c2131,DELIVERED,2026-07-22
12224d59-8848-4314-ae14-c211707f3769,5b416c93-64e8-4ff5-941c-aad10e329851,DELIVERED,2026-08-13
c4171182-cef2-4e29-8a26-55ead0749c95,a73619b4-9e6a-4659-9325-f567eb03a3da,DELIVERED,2026-07-31
046cda93-4d1b-4a68-9bd4-c900a6bb27ea,26749d89-7d03-4e96-967a-c87327172c5c,DELIVERED,2026-08-04
af780377-73b5-414a-b06a-bd2b0627ab68,d75a1305-1ac4-45cb-84a6-cfdd1d46eb0e,DELIVERED,2026-06-16
318d82a8-d1dd-458b-80e1-ffbd461003fe,70ee8dd0-2342-43a7-9de2-7d9537d8bffb,DELIVERED,2026-06-01
cba97e3a-b1ed-48b9-8c2e-4c25d680679b,1f89b359-a194-415b-844c-865d1382fefa,DELIVERED,2026-06-14
3ce52632-c498-45a3-8b1e-110979f9e9fe,cf31135e-93b7-44ce-b2a9-4d693e61ab9d,DELIVERED,2026-05-25
dbe8f397-eb72-48a4-9eda-27c426b1a024,75ef7664-c7e2-45df-9c9d-b94a996b8793,DELIVERED,2026-06-07
81c9f9f1-e65b-4ad5-ac7c-a5ebd227a0e2,b0c24944-ee85-4495-a86f-9a86c3711d35,DELIVERED,2026-06-01
b2713671-b0d1-4754-b81c-0e428de8bd10,6df1ab38-ec54-4983-9eff-556f3e4abcbb,DELIVERED,2026-06-08
e1e66d6b-98d2-48be-8732-b2bb5b90793a,db4b2d79-632d-43de-908a-90959e48caaf,DELIVERED,2026-06-18
9a842117-db18-4076-8362-96602b836f3a,e647abec-2ae7-43a7-8d34-ee866a5111e3,DELIVERED,2026-06-30
c0d1f7f3-6d0d-4b90-aece-194b4b22b154,a7bda8c7-400c-4140-a7e3-5a9a90be4a07,DELIVERED,2026-08-14
93f0402a-aa61-4a9a-a179-9e35ab2b6cb7,162576b3-34e4-4abb-8693-73daacec7a4c,DELIVERED,2026-08-05
12794ea5-22ac-4e0b-9afe-795118cb180e,785e738d-27b4-4e8d-a3f9-926b22757625,DELIVERED,2026-05-30
46d49c57-4d80-42d4-b07f-fdb44fff6018,417b8fad-3aad-4861-b2eb-aa817125e810,DELIVERED,2026-06-01
ae062ac6-17b1-4db9-a5ef-03075e472833,0ac69f72-bbb6-4c82-8ddc-c948fd54724a,DELIVERED,2026-07-02
50590da5-e7b8-466e-9e71-6c2d899b4fdf,7a5a6a95-d4c5-43fc-a364-53ab92c3b912,DELIVERED,2026-06-28
9f045c60-fa59-48ae-8302-5ef1860dae62,c0b526be-1ce6-412a-894e-e8b8651e156f,DELIVERED,2026-08-03
99a45c17-8041-4b7b-95c6-c00a1a0cbe0e,289bcdfc-f5a2-4824-aa21-e5e89dade6dd,DELIVERED,2026-07-21
62252f7e-bcc6-44a3-ace5-5e2847f9f6b2,ed80a159-b996-4926-927e-cf61a470e1c8,DELIVERED,2026-07-28
c39bedf3-cb0c-47e8-9208-68a08bbd722d,72ab5fa2-ffb1-4194-b8f3-fc13bedfcd2c,DELIVERED,2026-08-09
8836ee81-8c84-4d89-96b8-a12615aa36c2,2b3995f1-771d-44fc-bbe7-feff7319df18,DELIVERED,2026-05-27
09766e3d-77ad-4d71-b036-269374980344,373a9a03-b9ac-45c5-9db1-79064fa945df,DELIVERED,2026-07-31
e717a428-2b51-4dcf-9e00-16b2a1ef0f97,f485a9de-580e-4687-8363-0ab28d586cd8,DELIVERED,2026-06-09
92a3a8fc-209e-429b-9ec1-c5a94a9e8bc9,298a92fd-70c3-4d3c-8563-ce3eafd47db5,DELIVERED,2026-06-10
7b327e92-603f-4ba7-b18f-f52652671940,326a8b09-630d-4f85-be1e-479bccc3f5d5,DELIVERED,2026-07-31
fc531e6a-3e6e-4732-9ef9-21985681ccd8,731daf1d-326c-4b38-94be-79d111a51917,DELIVERED,2026-06-09
ae020302-5cf1-4e44-8dbd-f01057d8717d,70c8b926-8d0f-45a4-bfd0-24fd28905116,DELIVERED,2026-08-11
0e548aa9-fa62-40e1-84d2-b9c6662d349c,25fc3045-640b-4f19-a6d6-602287720cca,DELIVERED,2026-07-18
62343244-c3b1-4b7e-9237-b78fc232474b,39cae517-f5b4-497b-904a-c4ea59eea626,DELIVERED,2026-06-17
0ab2a3fa-8d0c-4ea9-b3df-fa9d859eb729,5ae87188-b97e-4136-8589-f600615a8a7c,DELIVERED,2026-07-09
7d385dfd-d8d0-4f8d-aad0-7e5268ca0ca0,bc5332b3-c968-459c-bccf-c079713cc4f4,DELIVERED,2026-07-03
4de07cc7-4b6b-4265-b67b-1d033371a97e,51fff593-1323-4210-846a-a324e750385c,DELIVERED,2026-07-05
20a24192-8626-4508-925f-27e076d568e7,e8b805a4-6ccc-40fa-9ba3-1a680bc5c28b,DELIVERED,2026-06-01
e2de32ce-ceda-497a-8361-b38f0831f0de,9ff7cbad-4d06-41ad-8900-769a589be5a8,DELIVERED,2026-06-27
86df62f6-096f-4455-b65e-601eba0b3246,527adfb5-b403-41a2-bed4-f86a0f561876,DELIVERED,2026-06-10
e8790115-d768-408e-b6bf-245fa59cab10,41f41930-670f-4ad2-8206-cea0243cd5ec,DELIVERED,2026-06-26
a02141bd-ac17-4665-8448-7c2f868c79a5,5f1dec16-c799-4657-9305-25f6a40e29c8,DELIVERED,2026-06-01
46b67ca9-a911-420b-825e-d04978d50378,f9260b36-f5de-4943-bfed-15fed8d4ed89,DELIVERED,2026-07-29
f6f5bfe2-b300-45ef-926d-08fad2dae1d8,92c597da-b064-4c5e-951a-e8ad437d76cd,DELIVERED,2026-08-09
374a9bb5-fd94-4ac2-a5b2-46b8d8577b6c,38327010-d029-4135-90a0-dc699d7cfc65,DELIVERED,2026-06-19
e8a56735-db24-40f0-9e43-a3533f8118a1,a3b3501c-a45d-4822-b706-e21e50bbe1e6,DELIVERED,2026-07-16
854ff752-f4eb-488f-8cd3-92a26bdb4d3f,65c4bd4e-4f2e-46c7-aade-cf48a3022250,DELIVERED,2026-07-14
fb415215-b83f-4172-9191-8cff4f0a9279,26115631-b0d8-48a6-b3c2-603a86452488,DELIVERED,2026-08-19
bc6fc1ee-8b2f-4d18-9f3b-4e2ad987ad6d,39fddd3b-b10e-4dac-960e-86f4e537c48d,DELIVERED,2026-08-08
94e38bee-6f18-4c68-9c07-aad81cab77ea,09407a6d-7a4e-4dc0-adfe-03cadae24f41,DELIVERED,2026-07-30
f96ea9d7-2ef7-42ec-805c-2d82fe9b4b56,f6fd5164-d7f1-44f0-a9ae-5ea32a1f72e7,DELIVERED,2026-06-03
34276b81-85d9-4558-9280-785f35930007,f0c6db5a-11ab-48db-b3ad-2bba177b9fa3,DELIVERED,2026-06-08
19c1185e-aa7b-4a1e-b166-6724b2d44746,0126c977-c0d0-4509-becf-aba84f566f9a,DELIVERED,2026-07-10
c915dd1d-5141-477b-b920-830f68456e15,d7bb8c9c-d669-4930-8c1c-27bdb0253acd,DELIVERED,2026-07-15
d56f1d6f-9dde-416c-b5ef-46d88ab2d481,b2c1b067-310d-4eba-811b-8fe24e04f343,DELIVERED,2026-08-04
7c4d536a-e351-4f35-9bea-d5f551c4252d,cdb823fb-8d23-4880-ac6a-da20ec1d3e52,DELIVERED,2026-06-24
9181ae7c-18b0-4e37-aa95-5d749d8116a3,6a4fb9f7-30e7-4bf5-8c40-039a0b2643c5,DELIVERED,2026-07-15
5b8802b3-e70a-486e-9680-038152b72022,36d1f755-5921-4e9c-a367-719c8f56cb67,DELIVERED,2026-05-23
c8fe42fd-326e-4002-b2e5-5b41b75adfb2,f0c6db5a-11ab-48db-b3ad-2bba177b9fa3,DELIVERED,2026-07-12
4ef13a02-689a-4217-9b30-b09fe1718229,0126c977-c0d0-4509-becf-aba84f566f9a,DELIVERED,2026-05-23
650d005f-3d70-48de-b711-02a213b3bdb1,40a1c266-6152-462f-962a-4f01e089db6c,DELIVERED,2026-07-02
8fb15751-f05d-4847-89a5-1fcfd3a88293,11b7dc40-9cde-4318-a9e0-237005cb11cc,DELIVERED,2026-07-12
15f9aa2f-b8a2-44d4-8e9d-feb6ce1d9335,d70af671-ec54-4bc0-906c-eb81d2194e64,DELIVERED,2026-06-28
3a73ccd0-df69-4311-800c-4946f752aac5,fbd3c674-12a1-41ec-8992-23ae9df8a224,DELIVERED,2026-08-12
f6d5abd4-c153-4b00-b41d-7b2a8e21eed8,4f4ab038-5456-4867-959a-35477f8e1af0,DELIVERED,2026-06-28
dca8ba01-8b2b-45eb-88b5-d59277dd2956,b0af5eef-e9e5-4ec0-8bdf-716bccf97429,DELIVERED,2026-07-02
2ddf7439-5c8d-4122-975e-dca654c206fc,8308553b-53c0-48b3-a9eb-04ede9957bf2,DELIVERED,2026-06-25
4e6475a9-296d-4dcd-864d-f3fee5be893d,efbcdb70-863c-4852-9e1e-f1603a201453,DELIVERED,2026-07-15
f787cff8-cc5b-4849-b426-80295eff9e69,794fae55-2e03-41a5-b75f-8c6b725b298c,DELIVERED,2026-06-21
19dd633c-99ca-40a5-97e7-2e63819853ac,dd5cf6d0-b9e0-48ce-b6cd-b78182a5734d,DELIVERED,2026-06-28
1b71f42c-f9fe-4fb2-ab9b-d06d2d0c64e8,fec322af-86b2-4148-a5e1-875b2105912d,DELIVERED,2026-06-03
6adbc1bd-2d20-45a8-9088-23973d61fddd,db7483d7-a466-476c-b538-3f06783f3c21,DELIVERED,2026-07-08
c4321c7b-9c32-45a2-b49e-d2685afb2f09,b3ad7b45-17a3-4943-ac5e-dc708dee61d2,DELIVERED,2026-05-29
6bd37bdf-7f8f-41c6-aed4-8918f7dfa1a9,45e32a60-85dc-4eff-bd67-540e16b2e1e1,DELIVERED,2026-06-05
f85be6f5-07de-42e2-85ea-908d9130cd53,9066d3a1-ef0f-46af-b020-2418f72de7fa,DELIVERED,2026-07-08
49e6e125-f84a-4f58-b433-f868cd66bb3b,1165d336-4391-4fdc-a774-be1221e61355,DELIVERED,2026-08-15
679d47c5-309f-4b91-b6f7-b973207902a1,9bd8696a-c0f5-4865-bae3-664e348e4572,DELIVERED,2026-07-25
ad55789f-d783-471f-b729-3dd7389f42dc,e8a5fa55-f866-4d71-b845-bd2dd4ca8832,DELIVERED,2026-06-09
db2dc016-2285-422e-811d-d878d40b39ef,36d1f755-5921-4e9c-a367-719c8f56cb67,DELIVERED,2026-05-28
6259ac32-902d-4b0a-8ef1-7ba52f92aa81,cd2c072a-1977-464b-a89d-c2d1f67c95e4,DELIVERED,2026-08-16
9cbaf765-dcdc-4236-af8d-a68fbeb16322,0e2ae8ed-49d0-4713-8a50-dab1e5deaa34,DELIVERED,2026-06-07
68dc9182-d962-4648-aa7a-bc48b616495d,924eccc7-39ec-417f-82ed-5e73076ad7f4,DELIVERED,2026-06-22
4b0b730a-16c6-42f2-bc17-86fb6e043cd6,3f233ee4-c171-4c35-96d2-09f2715214a6,DELIVERED,2026-07-11
ff5c5f60-6ebb-41f9-b91e-15e115314f83,575fea9d-f6bb-4b37-9fd3-08e9014a9949,DELIVERED,2026-07-12
cb808102-fbed-4126-8eca-156730a64190,cc96eb18-6152-4367-866b-2bf9862147b1,DELIVERED,2026-06-05
e0f4ac3c-4696-4ad3-aead-b8041f60ae96,e9d0effb-f4fc-4413-8c91-f3a2075669f9,DELIVERED,2026-06-24
89e0fb1a-12dc-44cb-9572-36718b248e72,507f37ab-c645-42eb-95ba-b8b04a0abda4,DELIVERED,2026-05-25
c69b12bd-5836-4471-ae65-9644551d40e3,c57ab0e2-75ad-48d5-aaf6-ae856db15af4,DELIVERED,2026-08-13
7e0eedf7-56dc-4e2b-bcaf-e8ed3341da90,322cb71c-6e4f-4f30-9bf7-77093c0e8f9a,DELIVERED,2026-05-28
e67e705b-eff0-417b-829f-c2e96f3b8660,3d5802e6-8cc5-4bb1-b574-967b43316cf3,DELIVERED,2026-07-23
7aa70c0b-0e2d-41a1-a8cd-460982b5e21b,44e98567-b1e7-4ea9-b06c-a3060d6f55bc,DELIVERED,2026-06-09
97a5ee47-48ac-43e9-934e-47aa21853b14,c18c9bb0-ba5d-460c-b3ca-d5603ec27447,DELIVERED,2026-08-19
5cee891b-284a-49ee-a3fb-dc1c3dc8ece1,c57ab0e2-75ad-48d5-aaf6-ae856db15af4,DELIVERED,2026-06-10
599e0063-4c3d-4239-9f19-4059e80952b0,0bd78641-4dcd-49e7-b110-5ff810217cec,DELIVERED,2026-06-30
0690bf12-23b1-4a95-819b-e9b6c1d07948,229f3622-c559-4dcc-8336-23ba47647025,DELIVERED,2026-07-08
1ff89478-b9df-40f5-8196-3793c8b0ec28,ea968ebe-0de4-4056-8e82-8b67c4dfd734,DELIVERED,2026-07-31
cfac4cd8-cae8-4eaa-9020-0edb681a8627,ab6b9811-31a9-4b60-a09d-8cd5c1ebb03b,DELIVERED,2026-06-19
d9c9d4a9-c7e1-427b-83a7-208837be31f8,48e60874-6647-44ca-82d2-f239570394d8,DELIVERED,2026-07-15
63c1dedd-0e5f-40cf-8f43-01366aac5ade,eff1d882-9e7b-4379-8309-b328ec081fbf,DELIVERED,2026-06-22
d3966929-1e2a-4ef0-8828-0c1094521c17,fdfe5841-87ee-40ea-a18c-ae084ac4b062,DELIVERED,2026-07-21
df275bfb-c45e-4b13-bfb9-17e38ca1160d,1268fe34-aa49-4caf-a448-cf1098bc3884,DELIVERED,2026-07-05
abd840dc-aaab-47e8-be81-c904894cf6a8,8ee64cb8-8756-4a5f-8b1a-2e8b2f6bb3c5,DELIVERED,2026-06-24
b337dab3-bb7e-4c7d-ac3f-c1628b6ee711,732b22c3-b228-4bc4-b813-c3374e74bb78,DELIVERED,2026-07-10
5146a09c-9022-43a2-a5b4-da5100e40d27,1579e6be-0410-4114-ab4b-39566164ee2d,DELIVERED,2026-08-07
fb9c42cd-90fe-4984-99ac-b558cb2340df,6ade9f79-fdbf-432c-93ef-876142566330,DELIVERED,2026-07-25
a2cfdc32-81a9-4faa-a5e3-441291e1e38b,d2f7b8c7-8a27-4972-8b49-6297ab58a2a6,DELIVERED,2026-08-06
04263bf0-67c5-4123-a612-bf1565bdddaf,4c3b7ca2-0a55-4d7a-84bd-e81adb862fc1,DELIVERED,2026-07-24
a3a30220-ecd9-46a5-b77c-a34f92ca9369,6d2cfe50-7927-4aac-a1bb-4e94bf75d400,DELIVERED,2026-08-01
e32b0542-2154-4e2f-9e05-a4bed7d9e9ed,17e1dece-0399-4162-b993-061860a24217,DELIVERED,2026-06-07
9b8660a4-d2da-4fac-886d-007e7e4cde50,732b22c3-b228-4bc4-b813-c3374e74bb78,DELIVERED,2026-07-03
b0be1058-ae9d-4488-b0f1-c439654e3ba8,fb6f595d-3260-455b-9403-f7bc2c4bf81a,DELIVERED,2026-07-05
b203b210-7268-4edc-86f0-bb831f392e60,8e9bc0e3-e305-4f53-af81-ffe95cafd8b1,DELIVERED,2026-07-12
969933fb-8ff5-4de6-8153-3c5f5062200b,a4b2bfcd-6fee-4bea-bd89-295067d61ecb,DELIVERED,2026-06-01
c4e00fd5-c2c4-4ab8-ac8c-b46f23925ab9,860bff2e-0d94-47a0-962b-c58a08299eec,DELIVERED,2026-07-27
5dc82983-064c-4492-8169-c01437dfe795,877c5261-e28e-496e-880a-3dc26cc3d719,DELIVERED,2026-06-23
07072319-cdf5-4933-a2cf-55fe5275d5e4,5568e9bc-3db6-4872-8902-e6b5edf551d5,DELIVERED,2026-08-01
06665057-526a-4c3e-9d54-78ab30f482c4,43a8f5e3-0d15-4a88-a872-9ca83a60449f,DELIVERED,2026-06-13
76c777ed-89a0-4f01-85a2-1a33f4955de3,cbebac45-6214-4db2-84fd-1679ec64ede5,DELIVERED,2026-05-24
32734d85-3e04-4060-97aa-6982c01cf2cc,ee1bc306-3b8b-44e4-ab46-39c7c5126444,DELIVERED,2026-07-20
db66eec1-bbeb-484e-a536-483b0a445318,162576b3-34e4-4abb-8693-73daacec7a4c,DELIVERED,2026-07-17
cb9f0723-9c85-4c12-8356-c55152bb0756,4c3b7ca2-0a55-4d7a-84bd-e81adb862fc1,DELIVERED,2026-05-31
2886d886-8294-421a-95c8-c5d623291823,0b2e452b-6a85-4050-bb27-a521aa395bbd,DELIVERED,2026-07-17
cc960f0b-a29e-4742-822c-4b94df605c44,36d03bfb-ec6f-4cf0-a691-e62783ae3802,DELIVERED,2026-06-11
257e978e-db3a-4941-84cf-0cb18f38673c,73cfa26c-afda-4f08-a6e8-c2899e1f9a0c,DELIVERED,2026-05-22
7b307b18-5d2d-4c69-b342-b051d9f473f2,270872b2-3ef7-4652-abbd-1cfda304ed50,DELIVERED,2026-08-14
cf3c51b3-3194-4d19-8a88-5c5fa40ddd51,e3ba5211-795e-45e4-b0bc-468cc5f5429e,DELIVERED,2026-08-11
04f75f3b-653c-48bd-9027-196f284ba288,902b1d1d-bacf-40c2-ba1f-7bed63a6acd1,DELIVERED,2026-06-20
dfa10140-9c4c-49d2-9d42-70133b487078,e58c7a34-1d9b-4f80-b001-38f1b2574601,DELIVERED,2026-06-12
412c211f-3c9a-4e20-a0b8-02c092567bf5,45ab4dcc-7ae0-4618-a758-360dfb4a2b03,DELIVERED,2026-06-18
3a837419-fc5a-4b83-95cf-ac9d08524215,19ddac78-e9ef-41c9-aa4a-9708a643788c,DELIVERED,2026-06-25
c1c3b257-ad30-4c20-9bd3-8154634a3b35,97cc1650-3652-43b9-8e71-bc5338c71078,DELIVERED,2026-06-14
15587423-a3be-43ec-a244-29daa936d4ba,dd353cbf-647c-495b-b96f-6d75283470aa,DELIVERED,2026-06-30
0879e596-9b54-42de-ad9b-bfb6295cdc7d,21e44d6e-7683-4391-b895-4c896c929d93,DELIVERED,2026-07-30
cff20478-5283-45d5-a959-b46b9061d2ad,fa950082-f68b-4679-8c56-0b113c8f8a8c,DELIVERED,2026-05-24
b002acbd-3b3d-463c-8c5c-a7c586d12d6c,49947452-4253-412e-bd7e-92e97f45cfdb,DELIVERED,2026-07-06
49cd2b91-d664-4d7c-a6e8-fbccfd0b35a4,6092262d-c892-4238-8da3-72a378ea8e8c,DELIVERED,2026-07-10
810a2403-1d2d-47ae-aab7-28415a436ea7,2568a223-3b8d-4bd9-be4d-73eb7faa6188,DELIVERED,2026-07-08
a923d3aa-4641-499c-ae5c-31882d091260,c64d4383-4625-4418-be85-d25652cebe23,DELIVERED,2026-06-19
09de600d-929b-4d1a-a898-90fb4d6c16c3,dd3d3bd3-7851-4d27-a213-55f072913504,DELIVERED,2026-06-07
9c4f050f-175b-4798-8c3f-2d660259c690,6350debc-9b72-4666-a353-2db16536c44f,DELIVERED,2026-07-16
88f332b3-e07d-4df7-a787-12a2679f8b0e,51fff593-1323-4210-846a-a324e750385c,DELIVERED,2026-06-07
5eee5b11-1ea6-4948-a643-cdc682784e8a,fba855bd-c763-4718-b4f8-86ec603fe972,DELIVERED,2026-08-13
1010e2f0-fa6a-498a-b3ba-6bb63043caf2,6df1ab38-ec54-4983-9eff-556f3e4abcbb,DELIVERED,2026-07-02
67791dbb-e79d-4f43-b052-69e08b5f3ad5,98f52746-2041-44a7-ad4a-86092b20e820,DELIVERED,2026-07-30
2f8cca2d-37b3-4789-8c69-b2c6520d148a,d75a1305-1ac4-45cb-84a6-cfdd1d46eb0e,DELIVERED,2026-07-15
fa9621f3-0818-44c6-a020-ac67b76808ba,51727f71-55ce-4e25-9e32-71163b9cebfd,DELIVERED,2026-07-09
5c2a4f30-6246-498a-b613-291aabb169a7,dd119cbd-dd46-4558-a7a7-079471fef3b0,DELIVERED,2026-08-04
51060c2e-0db6-410b-b8c3-db7741684114,88448d58-2424-4026-8c92-9bb306d91e2f,DELIVERED,2026-08-16
6e1db457-4ea3-416b-8975-a4102ca394ba,0c241243-47aa-4bad-99e0-67283b93b811,DELIVERED,2026-06-19
d204504b-1a39-4477-809d-77cc057e502b,ea535e38-1206-4416-88aa-33402be0e946,DELIVERED,2026-06-19
08d26398-a19a-4edf-a84c-c3bc132a50d7,efc6c184-ca38-4b13-99a8-b521015ffa89,DELIVERED,2026-08-17
2f7810a8-8e00-4f90-a3f0-87739c417003,e5de59a9-24b1-4f1f-8387-73d6e37e3e07,DELIVERED,2026-07-08
ad52ee8a-dd56-4f32-ab10-853a9c2fd0d9,a6de7f70-121a-4aa4-84e7-7c5115154d9d,DELIVERED,2026-06-08
e014b4a3-a6cd-40a6-b29f-da58ed6387c8,ea535e38-1206-4416-88aa-33402be0e946,DELIVERED,2026-08-17
b6ab64f6-2150-4a7d-9f37-44ae9a8d78cd,2f69ca54-d18b-4b3d-8378-7745a7e0a08c,DELIVERED,2026-06-04
baf52020-874b-4a31-9f7e-d1e1de973ad5,750c5cd6-739d-475a-b7e2-e57cd737a28f,DELIVERED,2026-08-14
59891c98-1efa-465f-bf79-f136bc07ec61,0cda0d51-1860-4c22-8a01-c88142fa3778,DELIVERED,2026-05-24
90901a34-8e8c-4fd1-855e-397c26419dc8,f70a8ccd-f387-4bf8-b259-d34d3f87d11c,DELIVERED,2026-07-15
d0d4bdb6-b811-4be3-9db3-5df7096055bf,c626fd87-9915-497b-a0bb-ea8678007d34,DELIVERED,2026-08-15
ca0a6dda-7a97-43d3-839a-8d408325cf3c,302e72f6-a8b8-467c-a933-5239e4f75419,DELIVERED,2026-06-18
b2286ae0-5cfd-4f87-87ee-a388cca20e5b,ea8f76e8-afc6-4144-af23-6f32423e99ee,DELIVERED,2026-06-25
b214ef0f-d23a-490d-b377-d68fd07f0393,47705287-6de1-4449-afc5-ce516f71dda8,DELIVERED,2026-06-23
fe2c1f89-3ded-40de-9f0d-246a4e8bd920,18e68bba-61fc-40a9-8900-b1401d257d9c,DELIVERED,2026-06-30
e8a9dbd4-8c30-4cff-a93b-eaee7f3bf678,53c00d98-b4ef-4dff-b4bb-f574eb5629d9,DELIVERED,2026-07-18
a0746e3c-0dfe-41a1-b884-bedd4a175e72,ce339173-7849-4f0f-af7d-69aba8a08813,DELIVERED,2026-08-04
28d458df-e2d3-4cfe-bb8e-2e9837792927,2b5466b3-83db-45fe-8181-0dfb8fe5063d,DELIVERED,2026-05-22
6571a547-fd7d-4978-b082-6979ca2bd4ca,b8dc1909-c895-435c-b7d3-6554997f6317,DELIVERED,2026-07-19
a31d03ed-9949-4db8-b5c1-5d844d8ca0dc,32ef04b4-e286-42da-b823-f72ae5282e9b,DELIVERED,2026-07-04
f40477bf-df56-4400-8c44-beb3972f8a77,0428bf23-0089-4d48-ac04-0a1ff9ecce44,DELIVERED,2026-08-07
b20f5cdd-2b80-4e8e-a183-38d965dc214f,cf90ee13-435c-42b2-9916-13174411246e,DELIVERED,2026-06-19
847201be-8dff-44dc-8800-526cf6339ff0,750c5cd6-739d-475a-b7e2-e57cd737a28f,DELIVERED,2026-08-01
3743b912-e6f4-4d72-8575-c50088a63232,14028994-edf5-4bc7-af1f-c51ab894c0bd,DELIVERED,2026-06-28
296d147e-17d3-4170-ba8c-9ce4930f1d1c,bd226277-448e-4778-a730-5c054d02a12c,DELIVERED,2026-06-03
c40d2b5d-a70f-49a2-80a9-a28932c90eee,cc9a3985-2dd0-4d43-892f-7732fff5f99f,DELIVERED,2026-08-10
363bc6b6-eac3-40f0-b82e-6d8f0245e204,bf42c0d7-465d-4230-9b5b-3e23957ff21c,DELIVERED,2026-07-23
3755459b-d0e4-403d-9991-ee8b7d1dfc6b,63fd8b2a-8d64-4e75-9b53-f239892e14eb,DELIVERED,2026-07-07
7e4707c3-25b0-4c9d-b0e0-f3bdd8817138,cc4ff494-4eb6-4295-96f4-ddc7cc0cf818,DELIVERED,2026-06-28
71c7621a-429c-487e-9164-f952d0f34e04,9e629395-6240-4b11-a99f-0f04db0225e3,DELIVERED,2026-08-17
f1465cd4-f8a1-4abf-a9d9-ccb7f386632d,0ac69f72-bbb6-4c82-8ddc-c948fd54724a,DELIVERED,2026-07-23
f3886694-6ec0-4c32-acc6-e84d33bcb2c2,32d7e56f-dd4c-44af-b739-176054678b1c,DELIVERED,2026-06-13
ac3d6b5c-514d-4b12-986c-091fe079f8ae,71482bfd-a894-49b0-bfa2-cd0e8075a617,DELIVERED,2026-07-04
9f793a33-803d-4b1c-8f85-7bddb16a71d1,d1eb2e1f-cc9f-4055-ae1f-bda620d15672,DELIVERED,2026-08-13
db7ede46-9412-476f-af9c-3d257e8faea5,924218ac-bd18-452d-a913-7704e6eec100,DELIVERED,2026-06-13
d36e8101-74fc-4e2e-8550-256c393431d2,7140887f-bdc0-43d2-b9c8-56abce63f228,DELIVERED,2026-07-23
e7fded09-62ae-4f4b-aad8-2d41ce865ccc,fe77ccf1-d240-4885-acb1-2be481b4aabe,DELIVERED,2026-05-24
b107387c-c296-4ba1-ba2a-0e78927d1565,0095543f-0138-4742-b067-f941ce5c2b1b,DELIVERED,2026-07-15
bd9b833b-56f4-43a9-a42c-d8f44422de01,0dba0fd5-a74c-4e24-8c33-b435ad1a3afc,DELIVERED,2026-08-14
e6c21a07-1db5-404e-ab2f-a00edbe457dc,d99fa804-59fc-49eb-abdd-ed70ae1196bd,DELIVERED,2026-06-27
f4020c5e-fab0-4186-befd-af6c23db20e3,b6ff41d2-0590-423b-95af-42c90f1fe2a9,DELIVERED,2026-06-30
c2effd37-7a04-41c7-8e29-3abc8fd1968a,14028994-edf5-4bc7-af1f-c51ab894c0bd,DELIVERED,2026-05-27
b19a2f80-6f86-4e7f-aa61-125c2606c058,6a6381f5-4446-4e85-ae61-a1ae07e29e69,DELIVERED,2026-06-26
c0f8f5dd-4e33-41d7-8aa4-e24600032023,42c6769f-d213-4660-bb80-a496ed9a7a81,DELIVERED,2026-07-28
fa7f21c3-ecca-43f7-8d77-321f53494017,e3c599cb-09d3-4972-89a6-f286a150cb78,DELIVERED,2026-06-23
d4f4ef71-3df7-4e91-a614-138763f8944a,48d47c93-c906-4077-bf78-38c14fbddc43,DELIVERED,2026-06-01
7b680e74-dcb7-49f3-b1f2-4ad3dfb4a08d,2e424b65-a2de-4614-a7eb-b8a40df50f05,DELIVERED,2026-07-17
c211838b-8dc2-40c3-ae10-e41fe6b0f6d4,ed5b68ed-6a99-4f49-be1b-74f85c21b0b0,DELIVERED,2026-07-01
709ce627-df00-44fa-bbb1-70808bd42c5e,c64d4383-4625-4418-be85-d25652cebe23,DELIVERED,2026-06-26
ee875363-a39d-403b-9808-6e64c6267501,902b1d1d-bacf-40c2-ba1f-7bed63a6acd1,DELIVERED,2026-07-23
5f06ee53-56f5-4d50-ab01-3bbfaa5d6abf,ed61ed93-c217-4ae2-a3f3-2fab3e94452b,DELIVERED,2026-06-30
0ff6f3b5-400e-4503-ac98-6d5bd6212ba7,a650df8e-ec04-4b69-bf52-d3628d33bb79,DELIVERED,2026-06-13
f2fd7bf8-b13f-458c-86ca-735520671e5d,ffb496b6-8e81-4703-8a65-440baa0c08ba,DELIVERED,2026-06-14
6aed6085-5ba8-48a8-9e77-02546a197515,220e78ab-c697-4dcf-9844-7b8ae95c41b3,DELIVERED,2026-06-09
b3e173dc-dc95-4796-a4ca-31eef911a7f8,a6f09aaf-7b15-4749-9220-95b4db9840f7,DELIVERED,2026-06-10
309455b9-9a8f-4b10-8fd2-085489e32387,88d2b702-790d-4a4d-ab03-8f7965d467d9,DELIVERED,2026-06-01
710c1911-5555-4511-b862-34b5b8230370,877c5261-e28e-496e-880a-3dc26cc3d719,DELIVERED,2026-07-02
84aff540-5a00-41c8-b84a-76ee3d5f829f,523ce7a1-62be-40f3-ba11-042f55a92dd2,DELIVERED,2026-06-08
37265680-ab21-42b1-a33a-034ccde5bf6e,668d48c0-24cf-4aa6-a428-f78b33b0a26d,DELIVERED,2026-07-01
dac9d8f1-457a-4822-a1ec-c0edca0e1bb9,e756e78c-5238-4f29-8886-66a3b5a2c07b,DELIVERED,2026-05-24
04875dfc-249d-46a8-a7c5-d549c039630e,d1b8103a-81f7-4ec0-9ffc-82e9ded550bc,DELIVERED,2026-06-15
f10cfcd8-6279-49a1-89c5-f0938fc90840,736b2e57-e6ed-43c5-845f-99d9ecefbd6b,DELIVERED,2026-07-22
3dc9fb8c-2885-4a1a-98ff-2a99999502b0,18a9c824-de01-4b74-84f8-742d81905be3,DELIVERED,2026-07-21
2090f6d4-40e2-4fdf-8cf2-f37e682ad4e4,2b8c1739-a625-45bb-8585-3b8865fa1d7f,DELIVERED,2026-08-02
658bab9d-e83a-4164-9644-75ec2f7babf9,469699ab-b128-4cfb-b7fe-d774ed498e62,DELIVERED,2026-06-17
f2164eab-67a0-4d35-aed8-1a7febeecbe2,8ee64cb8-8756-4a5f-8b1a-2e8b2f6bb3c5,DELIVERED,2026-07-11
c9f1b072-811c-47d3-8661-68406b658354,c99a0a0b-be9d-4cfd-b3fe-9a871227ba45,DELIVERED,2026-07-16
0af047d4-c45b-428c-ad04-b8b5f06d7451,7405ae62-5378-481f-9d2e-9e63181ce308,DELIVERED,2026-05-25
24a7b71c-68f1-41cf-87d5-70aeee77e7cc,03d210b6-4e5b-45b0-800f-3cb983cbbca8,DELIVERED,2026-07-24
07530aba-3f1c-4770-ae6c-cb5af19bba85,86f0addb-1c9b-4046-808f-1ab4ce0a266e,DELIVERED,2026-08-08
9b7cb746-ec67-4d40-930e-0fd6ae437769,361457e9-3e3f-4b2a-9990-d0e02fc6568e,DELIVERED,2026-08-15
08da4035-2d95-4566-b937-d137110d7325,1ea0d7a7-0550-4e4d-ad3b-5670fcf9a05b,DELIVERED,2026-05-30
8b2c7fb1-ff62-4d64-9d60-6e7945cbc710,337e3fc3-16c2-47f2-abbf-f515d9744caf,DELIVERED,2026-06-08
58ee5cc9-4197-47ac-ac0c-b01309c9c3ab,abd66f56-5fcc-4a9c-a3ee-495623a02f62,DELIVERED,2026-07-31
b5e8a160-6bb9-486a-a1b5-a2e635530fa3,2261658c-f963-4b48-8367-43effc0fabf6,DELIVERED,2026-07-01
943e4901-781f-41d8-9ab4-fc4e528bb388,fae1faf5-f1c1-4fd6-9cdb-e2b2d764df5f,DELIVERED,2026-07-01
c0fe97fa-b2b3-4b65-a094-c500a3121a18,e4580e89-c523-4839-bc29-6771fc472533,DELIVERED,2026-08-12
10666085-e0d4-437d-b31e-dd066e358378,41718a32-8f11-4d6f-b197-9e2eae3ec423,DELIVERED,2026-05-24
55034e3a-6c57-43fc-bc40-7a3fa2ce010d,06893eae-71d4-42e0-ac46-17497254ed72,DELIVERED,2026-06-07
8887d811-f65b-46db-ba08-4d8ac6fd82fe,33318e52-6d28-4eb3-88a9-7ccb86604368,DELIVERED,2026-06-05
4ac7815a-3734-4d46-809d-7164a337570b,72218653-da5f-46cc-b3f0-4ec592ea8fd9,DELIVERED,2026-07-13
6816b30c-347e-4c77-b29f-b5a9abdbbadc,54fbd5c4-dcba-4e02-b6f4-acc543a28563,DELIVERED,2026-07-12
4c2188d8-a138-404a-bbb0-381f21c70fcf,ffd647fe-2b38-4ab2-bc69-2b871a43b25d,DELIVERED,2026-07-16
3c1c3335-a76b-4d5c-9544-946f379a4c57,4a493799-998e-4320-b1fc-860191048410,DELIVERED,2026-07-05
adbe76e1-3207-4ed6-b058-36b0b246ac12,35048cc5-34ae-421d-8e32-0d978d5ba7f6,DELIVERED,2026-07-29
587b8653-a968-4db5-9d9d-efea733086f0,9db0243a-d751-4152-b83d-9f02524a5c4d,DELIVERED,2026-05-27
7974c94d-2ee8-4851-a24b-050ac502ca62,90a148e3-b993-44b4-8798-29dcb4351058,DELIVERED,2026-07-23
3fb5a50e-cdf4-4608-85d4-3bdba82182d1,7499a400-6b01-45e3-bcc8-14ea49803274,DELIVERED,2026-07-02
bcf65982-5d0e-42c0-926a-19853996f4ba,cc96eb18-6152-4367-866b-2bf9862147b1,DELIVERED,2026-05-31
9a77e40c-0886-4096-856b-e78efee3eaa7,db19fa10-b7dc-499e-80a4-e57116a569c9,DELIVERED,2026-08-17
f411d6c5-c35c-4b52-85d9-1f85dcb79676,371702ef-c41f-4e37-9152-d7884b401e5f,DELIVERED,2026-07-23
953f568b-cfda-4cc8-997a-c10eb0c83d1d,1218b727-47b7-4787-b926-b66f763de652,DELIVERED,2026-07-08
86a138be-34b4-49ab-96d7-35f64d94565d,cbd0a10f-ca92-4649-b6ed-4c32f4a4c84a,DELIVERED,2026-07-20
ea3d7f64-c6f4-4bba-b866-39d244b80ddb,72658159-422c-4d5d-9ea3-f27f71074cc2,DELIVERED,2026-06-27
84943682-72c4-4354-9e1a-e308e2dde1fe,9e0d0915-d19b-4cd7-83a7-ac9bf0c0a367,DELIVERED,2026-05-24
dcab181a-373b-4ce6-9d15-d5d1372ba057,8c8ba647-7ab2-474e-aacd-d87e72258175,DELIVERED,2026-06-02
08df7119-e193-41d0-b3f6-f8ce99d1a6f4,3ea1ed0a-a62c-453e-aab2-114cb00a1e9c,DELIVERED,2026-06-05
0615f230-d35b-462e-8bec-ced74e2cbdc5,96f1e82a-be32-478c-9ff4-bbde76b22439,DELIVERED,2026-07-07
176f5973-3b31-48c0-b28f-b8b8acf31b73,03502802-123e-4b81-9660-f74c6082aaaa,DELIVERED,2026-07-24
b02abffa-072a-4277-8f3a-a22b210f3d1f,6dfeef70-6f18-41e5-a9e9-9c31cd301b19,DELIVERED,2026-07-06
050e9b73-60ea-408d-8f13-a7a7b7ab3e19,3b8818ec-8c56-41ac-867b-b27d90c237a1,DELIVERED,2026-06-18
6d1c0404-4723-4468-95a5-20c8acca29d0,a15fbc60-fc9c-4466-98f3-80090bef4caf,DELIVERED,2026-06-07
7efdb64e-a383-47d1-933c-8be8c07efb43,0e46b819-ef61-4b96-ade1-e8dc02c57a03,DELIVERED,2026-08-15
481559ff-8891-4c2b-acc6-311e81942a80,c64d4383-4625-4418-be85-d25652cebe23,DELIVERED,2026-07-12
47d8f03f-324d-4628-8f11-7ba67630957b,c91955c8-31ba-4fb5-bdc3-a0039dc6ef42,DELIVERED,2026-08-02
95304046-495b-4ba4-adc5-bd495d02bcb2,4a103c41-d232-4995-abe6-88c70db8aa98,DELIVERED,2026-08-13
08e5bca1-806b-439b-8613-9add60b23ab0,d82959b9-4628-4811-b587-14e9349e2b7c,DELIVERED,2026-06-16
8eb402ad-7939-4082-b2a9-bcd56ccfe7c0,bbee3bf5-96d6-4bc9-9063-020a17a74865,DELIVERED,2026-07-10
879bf359-6ac0-4d67-8027-bbdae5517df9,7499a400-6b01-45e3-bcc8-14ea49803274,DELIVERED,2026-06-04
2ce93106-16a1-4f39-b521-dfc7d4d2139d,270b9124-da2d-49eb-a0ad-39338bddbd46,DELIVERED,2026-07-29
9d540d49-a59b-4378-9ef2-2994a0181c8a,77546a81-988a-495b-92c1-8e188cb423bf,DELIVERED,2026-08-16
5544053b-21a2-42c0-b131-9b944abb0ad3,54b3f583-f028-49b6-9a7a-31e7e227923a,DELIVERED,2026-08-08
2ee2447b-38db-4c83-a92b-33f83011ffc0,1ff993b2-10d3-4131-a0e4-3457f7c36580,DELIVERED,2026-06-17
11672c9b-7243-4248-99e5-fd1fb435a123,b1b7bce6-ddea-4823-b001-db364ef8eafd,DELIVERED,2026-07-08
bcdcfcd9-3b1f-4e06-962a-a9b99992e7c5,0b2e452b-6a85-4050-bb27-a521aa395bbd,DELIVERED,2026-07-12
efe4b277-a5f4-484c-871e-0a1e3efd6bd0,42f9005f-8cad-417a-8fe2-5d883b8e526c,DELIVERED,2026-07-26
7aa944fe-334c-42ce-92c8-83ad38c8c66e,901ad1b0-10af-468c-9673-958f1aa6e58c,DELIVERED,2026-08-01
edc3984b-1d4f-46e1-9ac2-c3fdf52a3082,21ed2313-aacd-40e2-b143-8e64ed5edfaa,DELIVERED,2026-07-29
53a8a570-a5a3-418e-83a5-bc96ed601ae9,1b564df5-237d-4d2a-9613-8a8fd2d612b8,DELIVERED,2026-07-15
79a064f3-6246-4af6-9b9f-5b45d4cef55f,b22815e8-8253-4d59-abc1-144d4e22d81a,DELIVERED,2026-06-04
f78ba1ba-98a5-458d-98c0-f5874e00c0a1,92853745-ff0b-4611-8763-d74535510344,DELIVERED,2026-05-31
3c363552-bd6e-4586-9545-a9c21b01b2d6,96ca628b-fada-4810-b054-104976178649,DELIVERED,2026-06-29
02d7c656-5042-416e-9af0-9566f4ca6de0,5a0335da-94f8-47db-bc17-4a16228ee97c,DELIVERED,2026-08-11
eb101dec-0dc0-442a-bf03-b71650627b16,42f9005f-8cad-417a-8fe2-5d883b8e526c,DELIVERED,2026-07-16
1cfc94e6-70a2-4a1b-ad9a-c48733a8309e,4a56db7b-c674-4543-b66d-3f501beba40d,DELIVERED,2026-07-13
5e6e9e3b-b320-4c8f-9b3b-01f1cddc29f6,0e415896-9ed9-4796-b831-aebbf6492b55,DELIVERED,2026-07-28
6624aa04-980e-46f3-a636-d2a9ca512ab1,0168cdf4-40dc-48a2-822d-0fa142e626d3,DELIVERED,2026-06-16
136ceb59-dfa2-4b0f-a3d4-6f3fff549004,1218b727-47b7-4787-b926-b66f763de652,DELIVERED,2026-08-18
fbf2649c-50fe-45fa-b628-73f08a7e57a5,cf05b32a-1a08-467c-9930-eaef82b02c1f,DELIVERED,2026-06-07
8ccd78eb-616a-4ca0-b5d3-f1c3c9aaacdf,20da94f1-6592-4637-86fb-cfba4816e597,DELIVERED,2026-07-14
7ac8e353-fb4f-4821-9424-53d1ed3653b9,f93194d9-771a-43d3-992b-1abfb88f7415,DELIVERED,2026-06-04
e27774e4-01fd-4acb-9d30-84d83c1cec8c,ef42f2d2-ca2b-4c81-86e5-0fd0c3cf28a1,DELIVERED,2026-05-26
8fd9de30-843e-48da-accc-d7ec402af519,bafa9520-dbbf-43c3-bfa3-36cfcba11a53,DELIVERED,2026-08-01
9007f0b7-bf72-43cc-adc3-12755b251806,78dddea3-c13e-40f5-a46e-45d6d07fca68,DELIVERED,2026-05-26
1a6428f3-e693-4940-8391-2946194de2a6,11009022-8eb8-4854-8bc4-94a28aed8adc,DELIVERED,2026-08-19
1ccd2c7e-47b3-46b0-8b36-3af415929e31,5a0335da-94f8-47db-bc17-4a16228ee97c,DELIVERED,2026-06-22
1ea68182-0419-417b-970f-09cdefb320ed,645b14f4-d8d9-45e8-9413-73f46565bcbc,DELIVERED,2026-07-27
8ecd2bf1-e027-4008-b00e-94436a567e98,847616dd-158a-41ca-ad1d-1741a2a54d2b,DELIVERED,2026-08-08
0d5d4da9-1004-4c57-8ed6-ab290643698b,fdfe5841-87ee-40ea-a18c-ae084ac4b062,DELIVERED,2026-07-02
2bed5352-455d-44de-b493-a6143f731302,80e85d89-190d-4d11-b9e7-6cbf691c64e0,DELIVERED,2026-08-02
f25a4a8c-c9d4-42d5-b5fa-399f71fd726d,33809318-5b56-400c-9c33-9de66d4eaca1,DELIVERED,2026-08-09
f39963c9-bdaf-4c66-ac6b-9b1da85ffb7d,3b53aa62-7035-48e8-bb3e-b3cc0f8e863b,DELIVERED,2026-06-24
e7c5bb64-2cd6-4188-9ee1-679e13dcc560,d28fd313-d481-45f1-800d-8683d2f3f8ff,DELIVERED,2026-06-22
347e8df0-9b58-410f-bdd3-7c9b695cbf06,0b87ea13-500c-4d05-95b7-23a7c1c356c3,DELIVERED,2026-06-18
1aaf1e80-b1ca-404e-8b7f-86a67448deba,01025d62-3da1-4ea3-be5c-17b3481556c0,DELIVERED,2026-07-06
476a8665-18f5-4c94-8204-bdba324ac4a1,3d89d646-d9b8-4408-a0b9-571742903c5e,DELIVERED,2026-08-01
ecef14cf-8c41-42e7-a6cf-b63a3ebf8ad6,6bf402c6-a05a-4b45-942b-302b21755420,DELIVERED,2026-05-28
ec22091b-a984-415b-ae42-c0f34c2d83a1,c1555cf6-8cdc-45f9-96db-45949e0bc557,DELIVERED,2026-07-20
6e0b77a0-98c2-47f2-a031-c68d332adcaa,40e413a5-ce3d-40ac-9bb5-9dc1ee50b131,DELIVERED,2026-06-06
ab4a6bf0-f763-4100-bcce-92b33a66cead,c6a94759-6913-4a7b-a511-f0a03fdf7255,DELIVERED,2026-05-30
aa80eb55-b35e-42ec-b172-f863e1ca4b11,51727f71-55ce-4e25-9e32-71163b9cebfd,DELIVERED,2026-08-08
fe304c22-e672-4446-969e-4f0081e2f815,88448d58-2424-4026-8c92-9bb306d91e2f,DELIVERED,2026-06-13
0db87d05-de80-42ab-b3fd-411c62dffb40,88e0ebc5-d4dc-4c43-be88-10bd80a358d5,DELIVERED,2026-08-16
9bf5320b-f53c-4de7-99c4-1016887dcfad,1ae0358a-44ae-445a-b089-97efe1e767c7,DELIVERED,2026-07-31
9964214f-cb2e-4674-8b6c-699d106d2414,a2895f71-f1d8-472c-a7c0-2d7eaae080b5,DELIVERED,2026-07-31
16f48469-b9c8-49cb-8cde-a0678a0f9184,dee5f90e-de76-4709-a321-11a95d37708c,DELIVERED,2026-06-27
d6d01811-cec8-4284-b56d-fe8208a42b43,60ec90cb-3a34-40d7-8950-7223f5ef8a5b,DELIVERED,2026-07-25
615d0e89-c22d-49bd-b9d2-1337858ecb8f,50c318aa-5f6c-49c8-8767-b2aba96b2729,DELIVERED,2026-05-26
49348462-9dc6-45c2-b516-765e1ccddeb2,13883fe4-ea15-4b2b-aeba-3e9b66a510c6,DELIVERED,2026-06-17
4f04115a-959d-4d54-9f67-4b9fe5cfb058,38327010-d029-4135-90a0-dc699d7cfc65,DELIVERED,2026-07-17
cd382b22-9c8e-4a01-9c96-fd7cf9adfab4,5d7f6d9b-720f-49ac-be69-8bcc143d999c,DELIVERED,2026-07-28
a537e40f-6d7b-4e02-9415-8df6262e5f34,6de748f2-99df-4da8-ac21-2595f9993cf0,DELIVERED,2026-07-15
6770b41b-d0f2-4dc0-8e1a-c1c5632a7945,40e8c2e3-bbdd-461f-8e26-8cadd9e4c1c7,DELIVERED,2026-07-02
072c8571-d6f9-4473-b5d1-9f67bfca9ef9,1f61ac9c-685f-4bdc-a0fe-a73bb3cd0d5b,DELIVERED,2026-07-20
720b914a-9d0a-4e44-9d99-9aec0ee85005,58b7288f-5d3d-40fe-9e70-0cb8eddd3cd2,DELIVERED,2026-06-18
23461d96-317a-41b3-a571-53626f81d0c9,3f6fb77c-a356-4cae-8935-9d3d3c92cbd1,DELIVERED,2026-08-17
ddc37d4a-056b-44eb-96e9-8492288f351e,54d18a19-10cb-4e96-b5f8-44079af19342,DELIVERED,2026-05-27
e290daa1-e809-4787-9cd4-b2a7b7be032f,21b6879a-6ffd-44b7-9a9a-18d441cbfae8,DELIVERED,2026-07-12
52283664-f047-4191-a2f2-8e0f8605b77a,7a5dde8a-15d5-438d-94ab-c226df413a1a,DELIVERED,2026-06-24
2f6100d9-3681-426e-abb8-19e62c6e07a4,07cba8d8-cffe-4bc3-9038-fdb5a6dc7af6,DELIVERED,2026-06-02
ce3fa40f-b684-4abe-9192-e4e3761769ad,734a2b65-2252-4c7d-b11b-11ba69470a25,DELIVERED,2026-07-24
e649fbd3-ee92-4517-9062-f6e4b786783d,70ee8dd0-2342-43a7-9de2-7d9537d8bffb,DELIVERED,2026-05-31
b669bc81-860b-4d91-9cbf-0d977aa560ec,516f9991-ef87-47ac-8eb5-c4bcbe4d0838,DELIVERED,2026-06-08
11893e0f-7ce9-4877-b5dd-43e3e8732182,7429fcb1-c31e-49f0-bf13-92e32415dda3,DELIVERED,2026-07-01
b82edb8b-dabf-4660-b43f-c2bb7aebec5c,3fa249b2-de83-4180-aa78-b32ceda7c2a1,DELIVERED,2026-08-10
ff194967-5075-4307-b6a8-20a9081779e5,3d2735b2-1efe-488e-9da7-c5e08d1e7aaf,DELIVERED,2026-05-26
1a48646e-98cf-4fb7-98f3-f394f65e1162,2bf09089-4fd4-4c90-a6fe-2b719145442e,DELIVERED,2026-07-08
fc73fb10-e9a7-4b17-860d-f61c6a597115,eeff558a-b6a3-44f1-8361-89af76cb5c15,DELIVERED,2026-08-16
b9e5a482-ef15-4872-95d7-4784603c80de,09fb6d69-50bb-44c1-a29d-6c3ca1b3599a,DELIVERED,2026-07-16
8730a411-9b91-4438-a89d-3cee60644a05,9f9f1996-8a4c-48b8-ab91-1fc3e4d30c40,DELIVERED,2026-06-18
5901de69-9c8f-4d67-9594-034146e434bc,197329e2-377a-4f8f-98e1-3fca75ff4427,DELIVERED,2026-07-31
18e2a0e2-7e05-4a3b-9f3f-998c038b105c,ce42d46c-cc5d-4e51-abaf-4706cf4bfe55,DELIVERED,2026-08-01
adae7377-3256-49ff-b2d4-35fbba087ee4,3d5b2211-0128-42bf-953b-108d8ca6badb,DELIVERED,2026-06-06
3c2463f0-7529-4478-ab22-9d0b8ba67458,f3df5a9a-4c7b-40c0-8211-52ab3f80d5cd,DELIVERED,2026-07-23
58e0207d-d279-43c9-a5b6-100427084261,2a02e509-0eec-4b70-9326-947abfaae429,DELIVERED,2026-07-26
4e444a6a-b280-4d6c-8c08-230d4e8c797a,3cf07838-6906-4cc9-842a-0f7a6240217e,DELIVERED,2026-06-18
a6d44266-73d5-4ab5-a108-1fb448f4411c,ba7394c7-5a49-4443-9d96-ddcad6fc5f23,DELIVERED,2026-06-19
81b9ed3f-cadc-49e9-8564-dd9b35f0bd48,a0f242db-8ec8-4660-ac22-c2a6668774e5,DELIVERED,2026-06-13
e7088a2c-4fa0-431b-8c5d-c21fb02d1dd3,f9b4770a-9dcc-482e-8591-9d8f6e14c3c4,DELIVERED,2026-07-10
21f1fb86-96e4-4fef-b5a7-54041fca0271,e1a546d0-76ad-4b59-b5d1-1eeaf7138c68,DELIVERED,2026-05-25
035d7511-cdb6-485e-8d54-33ac0976f56e,a61ac25a-dbdc-49cb-ae32-891c6a541af7,DELIVERED,2026-06-30
7cacf681-fc77-4d5d-a0fd-70c9fd0c0460,d38a6803-a13d-408d-8ef2-7acd6b7e7e39,DELIVERED,2026-07-29
2423d35d-f26e-49e2-9471-a919fb8303f0,3f233ee4-c171-4c35-96d2-09f2715214a6,DELIVERED,2026-07-25
457baa62-45ef-4bfb-8d71-5dec6822731c,3ef98cde-66ef-4405-a741-b036102a39b3,DELIVERED,2026-06-14
69b89183-51a5-48ad-a124-ecf0e5df25af,81e07f09-6f51-4ef0-8ed8-8485fb6e063e,DELIVERED,2026-08-17
b06ce348-a1a6-49ea-8754-190531752dee,d1b8103a-81f7-4ec0-9ffc-82e9ded550bc,DELIVERED,2026-08-15
6d2a0428-2c0b-4ace-b7cb-24ad4eb38a9e,931b66c7-02b5-4021-9959-c09951dc395a,DELIVERED,2026-07-30
5f02d747-a671-48e7-93b8-0d7a5225a459,220e78ab-c697-4dcf-9844-7b8ae95c41b3,DELIVERED,2026-06-02
fe8200d8-9849-4a0d-afd2-ec84fdb8592a,f35c12e4-bb05-4276-9491-44c65b401db4,DELIVERED,2026-08-15
8d871097-cc0b-4937-b203-9e367b0cc468,39184c34-cc72-49b2-8313-44986d77c52a,DELIVERED,2026-07-13
416fa519-afc7-453f-9bca-0c1ca55a45dd,e1b979d7-68a1-4fed-b293-efa80c9b92ed,DELIVERED,2026-08-02
e523b3f4-85cb-4997-bd26-64579f4ff3cd,d445b332-dee0-4fdf-8c74-7d6183f5ebe9,DELIVERED,2026-06-15
f6b82bd1-8968-4b3c-8e0b-722ee4a0fbc5,b37bb80a-0996-48ae-a7d7-5d5d7220f989,DELIVERED,2026-07-20
ce1b761d-1db4-4b53-a507-bf864ca5c0b8,51d85f18-2fc0-4f92-af28-d1ff3a18d58c,DELIVERED,2026-08-11
9846938a-361d-4f1c-8399-7471b715ee35,45e32a60-85dc-4eff-bd67-540e16b2e1e1,DELIVERED,2026-06-09
23f9b764-7e7d-4b9a-88c1-9935bc75869a,311415b8-9623-47da-844e-7d28914922b6,DELIVERED,2026-07-20
ae16019c-abff-4e80-84d1-87224c9f0416,7f7327d6-a67f-432a-8a4d-4788ec5e0e7d,DELIVERED,2026-06-01
93a3626b-c536-4889-9255-378eef3d751a,1673a3e8-469d-4c40-b50f-74ffcd03d369,DELIVERED,2026-06-23
de57a750-26fc-49d6-8917-b14978132819,ab880afa-63e9-4619-bd2b-61d8027e7bff,DELIVERED,2026-05-31
8bb48d80-1d4c-4039-a37c-130ed3285b6e,db4b2d79-632d-43de-908a-90959e48caaf,DELIVERED,2026-05-27
ddddb3bc-c624-4990-85f4-7f033ac57cc2,bc37edcd-77f1-4b61-9447-e07a7dacb001,DELIVERED,2026-06-22
91a07441-3e9d-47ce-a0f3-741c3901107e,125e0e41-291f-404b-8876-27b84ff97456,DELIVERED,2026-05-28
3110f339-4fa6-4599-ab49-5bc742be7ea4,ade03a29-4817-4d09-9f9e-c0b3badfa465,DELIVERED,2026-07-15
c8f41a10-17d7-4a5a-b59c-6063a9d9582d,bb612ba8-bb9c-423c-ba10-3ddeae42ebf1,DELIVERED,2026-07-17
8e893253-8d9b-44ff-8c6b-f761b0f11050,38f3b316-f00b-4522-837a-c10a00794786,DELIVERED,2026-08-09
97bcf718-6282-4c2f-bf94-02ce9d234be9,7159fb46-c572-41b2-bf15-011c15188227,DELIVERED,2026-07-15
77ba7662-ce95-42db-8e4e-b43c893e2454,d1b8103a-81f7-4ec0-9ffc-82e9ded550bc,DELIVERED,2026-08-02
baeae243-5540-4a6c-9a98-3ecf90e119e8,2d1383ab-2c89-45c3-9e4a-06ad2851dbef,DELIVERED,2026-06-24
82fbed84-3af8-42a3-aa1a-20b8fd26f0e9,72ab5fa2-ffb1-4194-b8f3-fc13bedfcd2c,DELIVERED,2026-06-08
bb33b7e3-7421-4ed9-affc-be4f33769bf3,df4dc6d8-ce81-4f59-ac4c-21cd0fd28311,DELIVERED,2026-07-08
ae29904d-dd9c-4250-9f71-d222e5e7235e,4e76b44e-3c1b-448f-81dd-5bf98ef23a0e,DELIVERED,2026-07-22
17736c67-e59e-401c-964d-156a6383a498,43aec502-f8b1-4d43-ba87-555367d7450e,DELIVERED,2026-07-19
94a84ec2-1aed-4c5e-a43b-19ea7a13cf7b,7d55a9e6-faa0-4809-b1a7-0e2fcb1e4072,DELIVERED,2026-06-03
0137bb5a-8dd8-4f20-9ccf-e1dd3ccf202d,26aa6c62-ca68-427c-a4ab-11a71eef143f,DELIVERED,2026-06-10
6900fa13-f224-4972-b091-a4757d6a11fa,26e1c055-69d2-4a96-bace-44707676837c,DELIVERED,2026-07-07
c574c50d-9923-4936-9417-0d9da799d944,af4f686e-cc6e-475f-8f4d-6988e6430fba,DELIVERED,2026-06-15
f153dd58-0f9f-42f5-bc4a-eb1fe79067ba,cf90ee13-435c-42b2-9916-13174411246e,DELIVERED,2026-06-24
b3743f0d-0da4-452d-ac4d-de321383f35b,4c118417-a45f-4930-89ee-e7d7208aa329,DELIVERED,2026-07-14
a8261f6c-ab92-49b7-8ace-8c89a0eb72f5,4a4204de-87db-4bee-b09c-304462ceea06,DELIVERED,2026-06-18
6cbe2a2f-282c-48ba-a4d6-37f2cb9074a8,f485a9de-580e-4687-8363-0ab28d586cd8,DELIVERED,2026-07-09
654231cf-0abf-4e8d-8c02-ee8e6088c419,61a9a1e1-0075-4f42-a043-602e5ab1c083,DELIVERED,2026-07-16
f8b2a580-bd04-4adb-9c1a-554000866910,0010267f-bd7d-4e95-ba00-12718e1342ad,DELIVERED,2026-05-28
f1a3b45f-86f4-402a-a7c5-d3e15a4ad4ae,20da94f1-6592-4637-86fb-cfba4816e597,DELIVERED,2026-07-30
bb8965c8-ea58-40c9-b028-2db14951ac6c,7740e26e-177d-4c4e-89ef-6c126adb5d22,DELIVERED,2026-08-14
f52a1577-c02c-4db3-bb9e-227400756967,e5eeec87-3e90-4351-9d00-edb5beed6c38,DELIVERED,2026-07-02
0667ef23-40b9-4029-9cf2-3de0f0c6a5f2,d51bc32f-f4d3-44f4-8c40-4e3c5c797690,DELIVERED,2026-08-17
27f9b03d-c57f-4516-856e-c4ad08c68d4b,de978e9d-b895-440e-9a01-0bd175f3159d,DELIVERED,2026-07-19
3c46d660-2e0f-4576-9ca4-31e3d45f06cf,e859264a-1f48-4fff-af75-31bd0177449e,DELIVERED,2026-06-14
03c14d24-163e-4de3-91c0-23ede7a7a2ad,b019e367-d98b-4a6e-9d94-4439fd7d596a,DELIVERED,2026-07-20
6596dba8-cba7-400c-84ef-20ae0a1aefdf,9ffaadc1-775c-4077-8bc3-42533d1ec44b,DELIVERED,2026-05-28
fd69d098-1df2-4c5f-9f88-6f452e0402dd,d0abdec6-cce7-44d3-9389-cc057230bc51,DELIVERED,2026-07-07
ed8773ce-2bf0-4881-b716-6ba319d5770f,56f63997-5dd1-4191-a55d-55f5082afe7c,DELIVERED,2026-05-30
9a468e42-7db8-4c2b-b359-dce026aa36f1,c5b3a0f4-824e-443f-939e-f58e964c2a29,DELIVERED,2026-07-30
041a9336-8cba-48ed-810b-46131e7a4c28,71ebbe6f-ee03-4495-bde3-36d7e1d31d6f,DELIVERED,2026-07-12
77d38081-6ad3-4bf4-b6a6-949269e6c55a,7ccd3b00-5536-43c0-a2a8-27ff14cbb402,DELIVERED,2026-08-09
e4091e72-1c5e-4612-8265-515c3e3f2bbc,42695032-3cfc-4383-a02b-85f24f298d03,DELIVERED,2026-08-15
62d3cadb-1e64-4ea4-bf17-5425df1f02cd,defd59b5-a704-4182-90f6-a245fd75c890,DELIVERED,2026-06-28
81f26b09-8338-47cf-bb23-6c1f0680292c,df6ca497-9c55-42bc-892b-446c42d68dc5,DELIVERED,2026-05-29
fea9bf78-d466-409f-9d46-e9dd949e9dc7,1605bde8-26e3-48c8-880a-97ff9f7da388,DELIVERED,2026-06-16
bf59d593-96bc-4ba8-aac0-6e95847266a6,36d03bfb-ec6f-4cf0-a691-e62783ae3802,DELIVERED,2026-06-04
2d77c533-de8b-4a82-a366-d17c9c1a6dea,7d0f414b-f1f1-484f-a9cb-254bdc2aebfc,DELIVERED,2026-07-14
73ea37c0-6b6c-4f1b-a81c-2a3d6e96a711,f93194d9-771a-43d3-992b-1abfb88f7415,DELIVERED,2026-07-02
f0dbcdaf-b79c-465f-9c05-e533c680c2f9,4ebf60d6-4319-4c24-8ef8-f80c5da31bba,DELIVERED,2026-07-23
7f9ee3bc-9188-4a39-ab6e-5cb3bd652099,7b365ced-94e4-40a2-b4b2-a1db6a7e5fe1,DELIVERED,2026-06-28
c5467db8-d905-4c6e-a5f1-863940205cea,b2a0861d-ced0-45e3-91f9-51aab730b7b3,DELIVERED,2026-08-19
1bce0522-8490-4136-96d1-dd83f646031f,764f5d0e-dbbd-4891-9e43-436fd72481ae,DELIVERED,2026-07-07
fd8157d6-f450-4cae-a885-7d1d87f5bad1,2ecb2839-845d-4116-9d3e-9206e4582517,DELIVERED,2026-06-01
d30ee5b4-983d-4d11-8770-cf0b29315107,4ef297ec-6546-469d-8f4a-a4865df38ccb,DELIVERED,2026-07-11
32c20502-4263-48e5-9ad3-c761bde61119,476c36a4-af94-4e15-aa91-7af599c66410,DELIVERED,2026-06-05
c01ec4dc-daa5-4836-a924-0ca5098f4d8a,07b13c2f-e3f2-492a-b891-173c7fac66b1,DELIVERED,2026-06-24
caaefdbc-b000-4cc6-ac95-aacd90d4dbd1,75f483d1-a572-457a-b046-43d748ad5aad,DELIVERED,2026-06-05
926951d7-bf1c-475d-971f-083f891bbbe2,bcb2a96c-ea4b-4793-b36e-48ecd95ba701,DELIVERED,2026-08-05
1c89c316-db40-4676-80da-a6b7c642bda4,524fc2ed-20b6-478e-a1aa-03c59304ab9c,DELIVERED,2026-08-14
39ab4009-eadc-4413-9eff-9a15a290f2c4,96d927c3-c51e-4265-89a7-1b06ddd562a1,DELIVERED,2026-08-08
6dae9878-1765-4a5e-838a-598ee4f4e7af,e727d341-c130-4b4d-a8c6-b83250dc1daa,DELIVERED,2026-06-04
43208531-4bd3-4c4e-af28-e0e981969436,b0285307-0deb-4030-b422-b9801a14caa0,DELIVERED,2026-06-24
11e7332d-b585-46b0-b69a-56eb019b3a0b,776f2ae7-9b50-4eb8-9583-b35b7bc28e61,DELIVERED,2026-06-18
44e88e65-001b-41bf-be64-85fca8d67e4e,b6ff41d2-0590-423b-95af-42c90f1fe2a9,DELIVERED,2026-05-23
d07f9186-d937-465a-bff9-f5d904f86974,36d03bfb-ec6f-4cf0-a691-e62783ae3802,DELIVERED,2026-08-16
2eb8bddb-6431-4e50-a0fc-66e33921eaea,dd2d101e-935e-49ae-9f4f-d0678e5bda36,DELIVERED,2026-06-05
2ae5c28f-3e9a-454f-90eb-614fa6bb0bca,cbd0a10f-ca92-4649-b6ed-4c32f4a4c84a,DELIVERED,2026-06-25
34f80efb-a885-44da-9a77-f728da01fdd8,ed5b68ed-6a99-4f49-be1b-74f85c21b0b0,DELIVERED,2026-07-21
68ca06ec-3f59-4c7a-9556-c6f7a258f703,43682b26-6e9a-45f4-a8db-c0219ba50c39,DELIVERED,2026-05-29
5c484649-0a96-4236-b840-9938145dc40b,dd353cbf-647c-495b-b96f-6d75283470aa,DELIVERED,2026-08-03
630048af-c28c-4be0-b58b-c7632291b240,42f6bf33-22d1-4fbb-8c1d-58cea7602de5,DELIVERED,2026-07-12
2003bc96-9b61-46b7-ac63-00336190b152,f5bf3504-6b52-41a3-977e-c8f1e512b650,DELIVERED,2026-07-15
939de08e-322c-488b-9e96-608046142e3f,7c25679c-2472-46c5-9a68-0dbbb92991db,DELIVERED,2026-07-02
44bbd0f6-b0c0-4c33-95ef-fe5e9d9fd9a1,bf42c0d7-465d-4230-9b5b-3e23957ff21c,DELIVERED,2026-08-16
ec2cfa06-34d9-42c2-b320-f29b442fab3d,08bf9d13-c160-463f-8f0f-57ce51162aec,DELIVERED,2026-07-11
f4a364ed-dcf7-48ba-a24b-f6c70f4f8ea4,cc93fd01-6c43-4985-ae32-9b8fd3378fa6,DELIVERED,2026-06-17
cdcb68e1-7a89-4d10-9249-0da1048d16b1,4babbe9f-b20b-4dec-8505-8393030a102a,DELIVERED,2026-06-11
84113bc2-d063-4557-9ace-13b67adf1c9f,e3fc266c-1a0a-422d-a255-a8f61b70adeb,DELIVERED,2026-07-10
b1af8118-5ad9-48b0-87bb-fe17711fcde5,47859f0e-cdf8-4fb2-bd2e-add74d3a3a32,DELIVERED,2026-07-08
19083afa-cf37-4592-8d8d-8ce815928201,71f90f69-9a3d-4402-8418-6b83083080d5,DELIVERED,2026-07-15
3d489e4f-47ce-4922-8a0f-9e7d78d25711,4e76b44e-3c1b-448f-81dd-5bf98ef23a0e,DELIVERED,2026-07-06
37c568a6-b900-4d0c-b817-0f356d19a5e1,b8dc1909-c895-435c-b7d3-6554997f6317,DELIVERED,2026-08-14
9ff9c369-5843-4d76-bcec-a655802e1272,e9100542-8c1b-4612-836a-885d6ee88ec2,DELIVERED,2026-05-30
d6d567b2-f5a6-4c16-8924-ad07ac773145,738149db-0117-4561-bbaa-77f6764d5cf9,DELIVERED,2026-06-23
13dc88c4-6463-4056-b108-38173a95bace,4dbcf9c0-bcc3-4102-923e-c0f81f487cf8,DELIVERED,2026-06-20
6036a56f-00ad-4272-8d14-d8ae7c4696f5,786cb0ee-6998-4fb7-8ffa-9291028f5c69,DELIVERED,2026-05-25
b0ae1372-8b67-418c-accd-7cd2de80b0a6,32342daa-60cb-4f2f-bd60-ea286772fddd,DELIVERED,2026-08-18
2c8c555e-0397-4e7d-bd95-1be5f36c7575,2c1b1dc2-2912-4edb-8715-4703d03cfef8,DELIVERED,2026-08-06
a34c5023-1364-4fe5-905d-e63959dbc737,cf9386f8-1d18-4c91-940d-691262c1396c,DELIVERED,2026-06-05
0f263740-3be8-478d-b1b7-d0b3676f2823,92853745-ff0b-4611-8763-d74535510344,DELIVERED,2026-07-17
169c305d-2b7a-4039-a30d-27bf9d4e682b,1218b727-47b7-4787-b926-b66f763de652,DELIVERED,2026-06-23
e5b40354-dce4-45bf-81cd-557ac800d2e8,b6b16ef6-55dc-4f54-a170-a06f66a7d75c,DELIVERED,2026-06-24
466635c2-298e-4f3b-9d79-057ba8619a8c,15199f59-45e9-4a62-88c0-89b76841fa4b,DELIVERED,2026-06-18
627212e3-5c06-4c6a-88d4-6eefd08af867,8c8ba647-7ab2-474e-aacd-d87e72258175,DELIVERED,2026-07-01
451fac85-02dd-47d0-9af3-4555f9bf33a8,d51bc32f-f4d3-44f4-8c40-4e3c5c797690,DELIVERED,2026-06-07
0e88bb6a-8713-47f0-84da-292ab76a2bd8,fd80b89d-32b2-4b18-b041-dc4247c56fc1,DELIVERED,2026-07-31
9bb55391-6cdd-4b80-be4e-373e13b1e5ba,7d0579f1-bf1b-4c26-9967-ffb8f2d20436,DELIVERED,2026-08-15
ee8eb49f-98d2-4b65-bc14-29206d3727ca,ac023ebd-1b2f-4c10-a685-4bad51334c90,DELIVERED,2026-07-18
42254acb-44c1-4f45-b1ef-e5f76a10f548,2e424b65-a2de-4614-a7eb-b8a40df50f05,DELIVERED,2026-06-06
4aab794f-44bc-4ce5-a72c-d008b590ad40,32ef04b4-e286-42da-b823-f72ae5282e9b,DELIVERED,2026-06-15
cc47a093-3567-481f-87b8-7859f392e423,bd0bf2c1-3a49-4c8d-8d55-fafc5cb125eb,DELIVERED,2026-07-13
c7f5bf69-4d5a-4a49-9bf5-de1ff0d9cf02,8c8ba647-7ab2-474e-aacd-d87e72258175,DELIVERED,2026-06-17
3792dd84-3c71-4ecc-8e1f-71126759df6d,042506a4-4dd9-4219-8b93-feff55e590ed,DELIVERED,2026-08-14
25a2a901-4b0a-4f73-8293-dee2f4364c88,ccdbc253-8d64-4104-8d80-92efd1efa639,DELIVERED,2026-08-02
c65041cd-61bb-491b-ad77-0d9adbe22b60,3576a819-3723-4c24-91f9-8fc318605d4e,DELIVERED,2026-08-19
d182c987-aff3-482a-93f4-34b514ff07ee,af4f686e-cc6e-475f-8f4d-6988e6430fba,DELIVERED,2026-07-25
8e931e3a-f761-457d-86d3-e9e30b20f4ce,2cbeb1fd-2db4-48ac-a1f1-03f5edfea4cf,DELIVERED,2026-06-28
e5f44dc6-c2df-4efd-b17e-be3e39f8c7ac,5443a75c-c5f5-4185-bac2-d10ccabfbf86,DELIVERED,2026-08-15
cc3a91fe-88ab-435f-96fe-ef30693b160c,7f8cb69d-5abe-4bc3-943b-066810cd4661,DELIVERED,2026-07-08
437a18ae-ee90-4006-97f4-b93e3b150a9f,e680ccff-b04f-41a7-9841-c2f8d2c988ed,DELIVERED,2026-06-03
b7b31ec7-f017-44af-b4f1-6a83eaf3e627,d1c8bfa7-9ce4-4c15-ac70-583c4c97bcad,DELIVERED,2026-06-06
ba8fb468-3de8-4ba5-8124-5ac179ae489f,1c3d1c21-6f92-49f4-80ce-ebd854be587a,DELIVERED,2026-07-13
03983765-75b2-4fd5-a92f-4aa02ace39de,d64e0577-dde8-4840-9687-399aafaf56a5,DELIVERED,2026-07-22
5da44b09-aa9a-4f2d-8697-452f8666351d,39fddd3b-b10e-4dac-960e-86f4e537c48d,DELIVERED,2026-07-03
8c99918e-ed63-43aa-9b47-916ea9aca8e5,46f2a2d0-e79e-4717-9d8a-773093c41eac,DELIVERED,2026-07-03
be21c015-2039-49d1-9644-3d4267d789f3,15d7d92c-bdea-44cd-b513-41f85b8acb5a,DELIVERED,2026-08-09
4afaf084-eda7-4a3b-bc51-d1b436eadb05,270b9124-da2d-49eb-a0ad-39338bddbd46,DELIVERED,2026-07-09
5171f2e9-1cc0-4493-84f0-91808874ea28,25fc3045-640b-4f19-a6d6-602287720cca,DELIVERED,2026-08-17
705b3d97-59a5-4e5b-9d7f-3ecf3084d854,8ed85172-eb45-4e06-96ae-92af07e4ad5d,DELIVERED,2026-07-07
4e7607b6-fe7c-4d91-9d01-55f3fdb1a855,0095543f-0138-4742-b067-f941ce5c2b1b,DELIVERED,2026-07-24
4b6896fa-97de-404c-9a42-e9dd1c8d300b,cd7d50f2-8c0c-46b9-9eea-42ffae74330c,DELIVERED,2026-07-27
08f7a6d5-d712-4f85-b8cd-170673a7759c,a7964a13-e930-49c9-b1ae-3a83d77a23d3,DELIVERED,2026-07-05
db7a4649-6372-442f-98c7-d412f55578a6,efc6c184-ca38-4b13-99a8-b521015ffa89,DELIVERED,2026-07-03
e6a0009c-bf3f-40b1-9fe3-953473d5e747,b23e6866-8aa9-451d-8051-65021fdc44bd,DELIVERED,2026-07-09
09508ccf-d37f-4250-92e2-97150cb1d5e6,e334b318-d9e6-4f43-add8-499503dd8ec4,DELIVERED,2026-07-27
6e1386eb-a25e-4969-8e8f-d4a3a8ffc41f,4e35d381-96b9-4a40-815c-62595e788cfc,DELIVERED,2026-06-06
3b003b60-7b2b-41aa-9dff-936109f675df,26d816c5-e57b-460e-85b4-75a6e4ecfbd3,DELIVERED,2026-08-07
86abb9ea-13d9-4831-afdd-177cea460098,3c3019f7-0dbe-4c91-a47f-c120cb9cdca4,DELIVERED,2026-06-09
8e940f23-079c-4e9a-beaf-534ff6d50689,126a2091-8c1b-4bdc-8b5b-8c3f069f95bf,DELIVERED,2026-06-08
8081406b-f24c-497b-a3de-cf2c4d89f429,ac04f443-aba9-4ce9-9ef6-5449dd6624b8,DELIVERED,2026-07-15
a92883f4-6f4f-4b7f-b184-43bea301bc87,4e35d381-96b9-4a40-815c-62595e788cfc,DELIVERED,2026-07-21
8062219f-f8a4-40e8-9600-133868d5222f,b13ec440-6b1e-45c1-95d2-f6595bcbfaa0,DELIVERED,2026-08-15
153bcf87-4a99-4fcf-99b6-0375df756956,27da9029-9ef9-4213-915d-facb9188862f,DELIVERED,2026-06-14
78e1d949-6281-445e-b9d2-e77719cf589a,44b4e589-9e99-4cc4-939d-9304e05500e2,DELIVERED,2026-05-28
80d53deb-dae0-432e-b7c7-d405b65bf4b0,fade47fc-ca9e-4494-814f-16576fff2914,DELIVERED,2026-06-22
b03f3eca-3906-4d61-b70f-47e59138b2a1,a72a9a4e-24a8-4654-9c2f-8dc382f0279b,DELIVERED,2026-08-12
96f12dbf-87cd-44af-8f1f-215a19fb7903,df4dc6d8-ce81-4f59-ac4c-21cd0fd28311,DELIVERED,2026-06-25
f3822c45-f2b3-4adc-b12e-a868302bb7f1,6b433d22-5aff-409b-8820-e58117461753,DELIVERED,2026-06-26
8579a80e-64c7-4fd7-9513-ade0ec11fe54,048f78e4-3d9a-433e-9cf9-edbe186bfae8,DELIVERED,2026-06-06
7d0b4f34-e1bf-4ab2-b070-b11980d3b25f,6f374aaa-f1a1-4a6d-b9b6-07be655f263b,DELIVERED,2026-05-25
e80b354d-076c-41a9-b68e-9a13bac86b9c,8cfb9666-a330-4b54-8585-36ffaab84e0a,DELIVERED,2026-07-30
c99f015f-1194-4861-ae03-9326b6adddf4,6166f323-3582-4fe8-bcca-45ab6cb38d36,DELIVERED,2026-08-11
c8610809-e731-46f2-ba4f-a8d3b9c893fb,56ad52ea-7994-41f5-bf8e-28f01e024b00,DELIVERED,2026-07-25
bcee6cda-0835-49f7-a6ac-5b2e14ade6c1,d42c379b-4387-4c0e-8329-641297414837,DELIVERED,2026-07-14
a009884c-8560-420f-9595-6a773e89e755,bafa9520-dbbf-43c3-bfa3-36cfcba11a53,DELIVERED,2026-07-22
57a6560b-9e08-4c19-aa74-8b4d777de83c,25e47528-5a06-43bf-a05a-051c338ea084,DELIVERED,2026-06-16
36f79ced-948b-4ffb-9486-32f6c834ee3b,e0b88d1a-750b-47b8-bc33-8f47f7fefbd2,DELIVERED,2026-06-18
33a64201-61df-4972-a4f9-5a2d5f626edb,e3fc266c-1a0a-422d-a255-a8f61b70adeb,DELIVERED,2026-06-06
212e8caf-d5a0-4fc3-ad44-e88533b18780,5e3b2737-517e-4380-a81d-41c3cd590e71,DELIVERED,2026-08-12
5a2a2eaf-6004-4c34-b1ba-9a2e7622a121,8f03dad3-aa81-472f-b548-d6386f460d3c,DELIVERED,2026-08-06
7ab82410-c24b-4478-9fc2-12c468a0613c,63c59d70-b956-47ba-a9c6-ce8e109eb004,DELIVERED,2026-06-16
dfad08db-244b-402d-b908-7d3af8723fa2,2c50de62-164d-468a-b756-82c4ee8cddf1,DELIVERED,2026-06-17
f096da08-7b8c-4d34-9a2f-36e503da67d2,af7d0406-89fb-42f8-b27b-e5d7845446f8,DELIVERED,2026-06-05
1995c7ab-9748-4785-b98d-3147b29e5f5a,0bd78641-4dcd-49e7-b110-5ff810217cec,DELIVERED,2026-06-18
81207537-1758-4b47-98d8-ac863dab87a0,c49d9d3f-a8f3-41bf-8d94-7092d77527ad,DELIVERED,2026-08-14
ae1b5d32-a53b-414e-943f-4773d6d2e01b,4d7bfe92-f59b-4211-a3fb-98b91d3e73e6,DELIVERED,2026-06-07
c1be6917-dea8-4570-8597-a7f7f143023b,71f90f69-9a3d-4402-8418-6b83083080d5,DELIVERED,2026-07-01
0d5254cc-0d21-483c-8277-b53a5e14f25c,2a02e509-0eec-4b70-9326-947abfaae429,DELIVERED,2026-06-27
cd9f77d5-cfea-4f79-addc-69390720fa6d,cc4df7e4-5bf9-4214-a990-eba2f2917c42,DELIVERED,2026-05-23
2f028af3-a859-4a80-b3dd-863118ae55ba,0907b6bb-134f-416e-b7b2-d9e88be4118e,DELIVERED,2026-08-03
72fa1b3b-4beb-4769-9099-ce902b1297fa,7ccd3b00-5536-43c0-a2a8-27ff14cbb402,DELIVERED,2026-06-27
637f5085-501c-4eae-9677-c985e1377d03,1f19eb59-42f1-4ba3-94f1-228ade4632a9,DELIVERED,2026-07-01
169a39d4-33d2-4669-a651-60813137c07e,80a817a2-0f7d-414b-8c05-ec8b628f8c90,DELIVERED,2026-06-27
04843e26-0ce5-458e-9e1c-14d5273b4d48,b0c24944-ee85-4495-a86f-9a86c3711d35,DELIVERED,2026-05-31
4f89b6e5-318b-43ba-80f6-7262454a220b,c49d9d3f-a8f3-41bf-8d94-7092d77527ad,DELIVERED,2026-08-11
83dca7d7-76f4-4d23-8bd6-bb0f937a4f16,f573993b-83ff-4f21-b157-b054473b14d8,DELIVERED,2026-06-15
ed51f159-1088-4ec8-a532-651e0a1dfa29,5f36349e-c39d-40ad-87e5-777553681365,DELIVERED,2026-07-09
289f140a-358b-4c54-ba7e-39dcd2345172,d893ee27-35be-445d-afc7-a3c2a344089a,DELIVERED,2026-08-19
f844e17c-456c-4eb6-b9c1-5d6a478a2760,feb40398-f20f-4d51-9835-221e7f84f0d8,DELIVERED,2026-07-10
b219a092-7ab1-40ab-8372-eaf4fae2bcfe,5ffa7803-30d9-48be-9987-637374fef760,DELIVERED,2026-08-10
1c0841c8-773b-42a8-bb02-12342485a4f5,72ab5fa2-ffb1-4194-b8f3-fc13bedfcd2c,DELIVERED,2026-07-30
34ca344d-5a47-4cf6-ba1c-ce393c3b756f,dab9a68f-229a-4e28-8955-4d73d2227e45,DELIVERED,2026-07-12
de01e419-24bd-45ca-a3c9-ec91fc81796d,61338154-377d-489c-9dfc-a353dee32138,DELIVERED,2026-05-31
74d2fd76-19f2-4fe3-bff5-901809d6371d,6ecfe97e-2b17-48c0-ba12-f724e6269f95,DELIVERED,2026-05-23
0341452f-2ff2-4ebb-8fe4-cb9dee48a9f5,65c4bd4e-4f2e-46c7-aade-cf48a3022250,DELIVERED,2026-07-16
281e675c-edb4-4881-be3c-07ec6d0d53c9,f1247583-4614-462a-91ca-90c487be29f7,DELIVERED,2026-06-14
2124d181-e6b7-43c8-a5e7-5f8297e769a4,cf9386f8-1d18-4c91-940d-691262c1396c,DELIVERED,2026-07-27
ae6aca21-1968-41d1-99a4-61bc729195de,c65c31a4-3f41-4dbb-b5fc-ffa81b3346c1,DELIVERED,2026-07-17
8596d428-5ca6-4049-bda4-8d9cb8830b67,db6a1ece-379d-4956-8858-5d0b85ab7337,DELIVERED,2026-08-11
82603582-ce5a-4d1b-b934-2a03e1aa30eb,11009022-8eb8-4854-8bc4-94a28aed8adc,DELIVERED,2026-05-30
3211d475-3aef-4adf-a7dc-fc08d65c8dea,5c699bf3-f32c-489d-8963-89cfa660bf26,DELIVERED,2026-07-21
fcca895c-d187-4dc5-9ea8-d8252dd6eaa1,2ecb2839-845d-4116-9d3e-9206e4582517,DELIVERED,2026-06-29
551e1297-5387-4e5f-87e5-e12065ecfd9b,c990b645-a93d-4e83-b850-24ed0115890b,DELIVERED,2026-08-02
84da8bf0-96cd-4c29-84fd-ae92e528606f,efb909ec-9b80-48e0-9b1a-0b8aa419eda9,DELIVERED,2026-06-09
9a2438ac-557c-49ea-9d2a-7550139f3685,53c00d98-b4ef-4dff-b4bb-f574eb5629d9,DELIVERED,2026-07-23
bf894cc1-2af6-4a95-ada2-f2bd6235f1a4,ce42d46c-cc5d-4e51-abaf-4706cf4bfe55,DELIVERED,2026-06-25
ef21be83-ffd6-4887-83bb-4a777257248c,8211bf52-92dc-4475-803c-96bb01217edb,DELIVERED,2026-06-02
f0558058-bbc8-49d5-9931-ace638ea1588,ac023ebd-1b2f-4c10-a685-4bad51334c90,DELIVERED,2026-06-29
37cd91bc-bdf8-4a58-ac84-e85e83b286aa,de97228f-8d1e-4860-b19e-fd47cf43e076,DELIVERED,2026-07-11
f8db2a98-11f6-43a3-b651-cd805f86295d,fdeabd7c-e37c-4967-bde6-67ebedfbd322,DELIVERED,2026-06-03
c283d4a2-7285-4fde-aebe-7d31f5bec835,c504abf6-bdc5-4916-b6ce-c349579e1c08,DELIVERED,2026-06-30
20e8a278-bba7-469f-af98-e5fb3acedb13,f14e836b-d7fa-4546-9421-756c0bef4dd8,DELIVERED,2026-06-02
6a639ac0-63af-469d-8de7-db678f4ba949,faabb250-e30a-456e-acbe-601b43329963,DELIVERED,2026-06-04
9aa7ccf1-b4fc-4955-b7ff-be980c33d157,a9098ec0-794c-4740-a51f-b725351ab464,DELIVERED,2026-07-04
626e6a05-1526-4e4f-8cc8-3f74a0e7cb9f,1eedadf0-ca38-44a2-9d8a-41c6bd5b8a56,DELIVERED,2026-05-28
059be179-68ee-4a17-b75c-a1eb7745c4ed,b7ec2818-bb6f-4e2b-b7a1-9e9c6452d5a4,DELIVERED,2026-07-15
675c1ccd-228e-4e21-979e-fab4dc19b1ce,0c241243-47aa-4bad-99e0-67283b93b811,DELIVERED,2026-07-24
79c3659f-eadb-4411-ae91-59034ca8b846,bd6e2b7a-7209-495a-9837-d2c93556764a,DELIVERED,2026-07-27
e202c3f3-d880-449f-972c-93a1b24135f8,dc8f037b-723e-4245-91e6-e4af364896af,DELIVERED,2026-08-19
3a1c5f4e-d908-41c9-a0f4-15e94a8aadcc,c54657f0-8457-4f51-8b74-09f5e6b84975,DELIVERED,2026-07-29
80639648-e6a5-4f6f-b977-19a497686aca,8fa5d724-c10c-4399-aba8-f63139419c02,DELIVERED,2026-05-23
d9765027-2a76-4448-a111-c3ffb21cbef3,1a234e6f-c5a4-4d0e-8134-368de2b81c05,DELIVERED,2026-07-19
b3611b6e-3b85-445e-8e17-de66a01f3aa2,31bc7238-750b-4194-a4ce-15e886f4f29f,DELIVERED,2026-08-08
4d8441de-edfd-4a23-99ff-70e7c8f6ccf2,abd66f56-5fcc-4a9c-a3ee-495623a02f62,DELIVERED,2026-05-25
47f4bfe8-5ca7-4b1f-9cb8-791cec658504,203b4336-a476-4c1b-b026-e2f99da40182,DELIVERED,2026-06-13
85fe65d6-40b1-4403-a38a-114bf5729d0a,5568e9bc-3db6-4872-8902-e6b5edf551d5,DELIVERED,2026-06-21
4a832795-72bd-4d6b-a2b2-b8477f7bdcb8,9130cde5-9042-42a4-83df-8fcbe412b72e,DELIVERED,2026-08-13
89f5d222-9dc7-431b-9799-72141042d3e8,42e11960-b6f4-4c57-87c1-03185e949839,DELIVERED,2026-08-01
880ce091-736d-4b19-b57e-2d2b8447f7cc,f6abd444-ed5e-42a6-8da6-7f1763078f18,DELIVERED,2026-06-29
eb2e333b-9dcb-4ed7-8e37-ddad39a32612,1694ddec-a9e2-4c8e-8244-465f1ad7e161,DELIVERED,2026-07-26
28c17dad-6fa1-4584-b9d4-a58676f49cd1,d82959b9-4628-4811-b587-14e9349e2b7c,DELIVERED,2026-06-12
83e113d2-79e5-48e3-a673-102c3545a00f,339d26aa-4d7e-4427-b0a3-69b11a35aef4,DELIVERED,2026-05-28
2ada1354-2ddf-47eb-8050-fb8787a09622,df11fa40-e0bf-488a-8d11-99f8ff909817,DELIVERED,2026-08-19
6290cb14-611c-4a89-95b3-9a050e4d21c2,ae6489a3-eafe-4a14-9d8f-ac195c6ab423,DELIVERED,2026-07-17
81c2484a-da29-4329-b4e9-56e0cbe65c56,4a4204de-87db-4bee-b09c-304462ceea06,DELIVERED,2026-05-23
010f1417-a3f1-425c-bd61-e765b476d32e,b51e2878-1785-48d5-b7c8-2ebc8feef9c5,DELIVERED,2026-07-09
944e2d0e-790b-4092-bedc-6c47654330c3,bd226277-448e-4778-a730-5c054d02a12c,DELIVERED,2026-07-23
dde4b60a-cec2-4ffb-ae93-35d93ba0b887,34850dd3-875b-45e1-b4d5-23b5d8ea7552,DELIVERED,2026-06-03
389f4328-46b5-4cc0-9c40-b53aa206f557,c33d3f88-3920-49f1-af7e-d62733c91212,DELIVERED,2026-06-11
bde3e9d3-9bab-4efb-ae80-49220806dd28,d0083d0f-8471-48d3-9f1d-5c6e4b7511d9,DELIVERED,2026-08-16
4360a80f-901e-4f60-b023-2b8bf78044a2,43b10d85-ef39-4cc8-ac3b-285f06890989,DELIVERED,2026-06-05
8e23a221-d9a6-465a-8cef-953e5d455061,e8b805a4-6ccc-40fa-9ba3-1a680bc5c28b,DELIVERED,2026-08-03
0a059896-822d-49e5-9482-1ec552e8c524,22959139-28db-4849-830a-2732337d91f7,DELIVERED,2026-08-08
5147f243-91db-4880-a706-6d7afbb40c54,4ebf60d6-4319-4c24-8ef8-f80c5da31bba,DELIVERED,2026-06-03
576f9cdb-f12d-48b2-a79f-1b464d4d4b2d,41718a32-8f11-4d6f-b197-9e2eae3ec423,DELIVERED,2026-06-14
d1687240-bb5d-4142-ab9b-7bd2be623ca7,19ddac78-e9ef-41c9-aa4a-9708a643788c,DELIVERED,2026-06-29
1acd8d10-c6f3-4266-9870-1f30c181201d,63d95ef4-2c1e-4bbd-ae0b-3172dddcf6b2,DELIVERED,2026-07-22
81bd8a7d-d146-4319-bb84-9cfd6308dcde,bc37edcd-77f1-4b61-9447-e07a7dacb001,DELIVERED,2026-05-22
fa02736e-7a21-4676-a367-37f83f7bb068,5684ce81-4653-45de-8d00-591fb7562e12,DELIVERED,2026-06-26
c05186d5-2da7-4657-a216-2f7b0b9adc4d,98a1e52f-965f-4500-9f5e-721258f22c7a,DELIVERED,2026-06-03
a104b006-9e7b-401a-9b31-edecfa465db4,cdb823fb-8d23-4880-ac6a-da20ec1d3e52,DELIVERED,2026-08-02
9b99e7e4-ed39-4e67-bad2-5ddb8a746ac1,48a86d68-dddc-4ec3-ba12-1a0b12db180f,DELIVERED,2026-06-29
4f148fb3-9822-4793-95a9-8b3dfd4c8f1a,0f8d765e-de91-4c00-a8db-cf55310b4e0d,DELIVERED,2026-05-23
e7689602-a3b8-4e54-adde-425968334d20,d8efca4a-cc5f-45b2-be2e-251ce721c059,DELIVERED,2026-07-19
3c3976e8-7514-4587-b3aa-525ecbb60bcf,5ffa7803-30d9-48be-9987-637374fef760,DELIVERED,2026-08-13
675e6103-7f9b-48d7-b935-10c67d489bd4,6a791019-87db-4a38-8e4e-e3948c62c62e,DELIVERED,2026-07-25
48e8f946-940a-4503-8fa3-b7920d2881bc,7ab90517-c044-4add-8bfa-1e286558bb9a,DELIVERED,2026-07-20
2903a17b-6b51-41d0-a1df-9a07c041bd39,3753af41-304e-4237-8272-164e008f7dbc,DELIVERED,2026-07-12
a02522b2-91fe-44a1-aa4e-8c3cdd31405e,63240cf3-fa57-4e2c-b451-8c457fe0a7e2,DELIVERED,2026-08-05
4bb1c927-0d89-4b08-93c2-db7a56f5c548,2790ce68-1ae5-4867-ba43-4159a2b01c4e,DELIVERED,2026-07-19
196ba603-3856-46bd-b1cf-29cf78b2bab6,ba19d095-ede0-4f2f-9f4b-99157afeeec7,DELIVERED,2026-08-12
2a4d1098-ff2d-46f6-8760-7f58aa165656,bf08f92b-b395-4155-9263-79751bf76471,DELIVERED,2026-06-23
aaedad3e-64c8-4082-be16-7551afba311c,7ae87fb3-2601-4fba-bf6c-cf0b195560a7,DELIVERED,2026-06-12
9e5bd751-a399-438f-b45e-e5ef79c844eb,7499a400-6b01-45e3-bcc8-14ea49803274,DELIVERED,2026-06-06
53d6b95f-3ed3-490b-a27f-3ae74be1c52e,750c5cd6-739d-475a-b7e2-e57cd737a28f,DELIVERED,2026-08-07
09a0fbaa-5a0f-4fd4-ad61-c5687e367461,6b433d22-5aff-409b-8820-e58117461753,DELIVERED,2026-07-27
795312d7-7fc5-489f-84e1-3a6809222b20,8da69030-fb9c-46da-b27b-41ca3176e520,DELIVERED,2026-06-11
f48810d8-c313-4b3d-875c-bbec77554e14,ea968ebe-0de4-4056-8e82-8b67c4dfd734,DELIVERED,2026-08-18
b5950601-ca57-4c87-8926-e686a9d061b2,15d7d92c-bdea-44cd-b513-41f85b8acb5a,DELIVERED,2026-06-16
50e284bb-d3f4-4d77-b6de-d3348bcadc8b,da4e1920-7b5f-4a3d-b48f-f3e657a6e595,DELIVERED,2026-06-08
a0003334-397f-410a-a995-82c59be6229f,7efc621b-4a4e-4f4a-99bb-4baadb9e62a3,DELIVERED,2026-06-28
114f37b5-8c83-43b2-9707-a1019d420e83,a69ad1c7-d19d-4f8c-b431-1b0d1177b8a8,DELIVERED,2026-05-22
0e0575be-b5d8-48c5-a34e-3f40a0ba3999,a510bc84-0a69-4df5-bd51-435012f0e690,DELIVERED,2026-07-01
db5a4412-69ef-4bbe-bf8f-7872f9c444d5,9b8dee13-fe4b-461c-8b4b-c473c1c6c831,DELIVERED,2026-08-19
27275176-010d-457d-abff-609799976a2f,e6048498-26eb-4b88-8dd7-690d405e10e1,DELIVERED,2026-07-25
cce792ac-a43c-445c-82d9-67711e0a1c93,d47b917c-27cf-4e67-9b24-b65bede5fd46,DELIVERED,2026-07-18
0bbfb51a-5144-443e-8672-64c76a6aaad0,8ccf2d8b-073e-45e9-83ce-ed1417f63fd0,DELIVERED,2026-06-11
96c7fa5b-907a-4fb4-a00f-25f338cbeaf5,b1042cc5-bf27-42a3-a120-eea5424f5b96,DELIVERED,2026-06-10
6720f217-5edc-45a0-abf4-a28f40c2f038,56f63997-5dd1-4191-a55d-55f5082afe7c,DELIVERED,2026-07-19
9148dec5-edba-4af3-8db0-b41453de9fc4,02d83681-b4b1-44d1-9909-2d551244c7be,DELIVERED,2026-05-22
3a88d3c0-e894-4268-8ea8-6e7325c06aa9,cb195a98-b207-4727-876b-61a016864164,DELIVERED,2026-07-05
decdef47-3ca3-4ca7-8c33-670d1352b60e,b90ee577-70a2-4e96-8b2e-c444407931de,DELIVERED,2026-08-11
794b0d60-d531-4c37-b976-2db389b67313,e78feeed-435b-4e46-a2fd-31cd333d1536,DELIVERED,2026-06-11
3e06c38e-e67c-4b29-be89-3f718c0b0f49,65fcc2d0-0dcd-4dc2-af3e-34a67a81b225,DELIVERED,2026-07-19
2c3133d6-2e79-494e-9b6f-7eb6d46b4b3f,a53c52ce-c548-4180-894c-e946018b0b8c,DELIVERED,2026-07-09
25b7cec0-606c-4504-a22d-389486eabef2,c335627e-9acc-4541-8e4f-e4ee2d9b7b1e,DELIVERED,2026-08-06
ec281fed-e171-4c2e-bc37-708e4cacbbf9,8b782e8e-3147-45e3-9aac-cdea41aff686,DELIVERED,2026-08-02
8d3a38b3-9b31-447c-94e8-aeab789c9952,94e92b2e-69fc-4158-b19f-576eb1064ec2,DELIVERED,2026-07-10
040adf04-8e29-45c7-a532-6e65612b384d,ca8ba8be-8527-4278-8eb8-0c2ff7d182fb,DELIVERED,2026-08-14
33674462-4844-4712-a2a3-e234b9b9e551,2469b002-7c6f-441c-b5b4-fa8e812c522d,DELIVERED,2026-05-22
aa0e93ce-ebf2-41b5-ba56-ec2023bc3035,067755cc-f1e2-42bb-ad89-4fbf9b7513c0,DELIVERED,2026-05-25
06e1e2c1-6b49-41a7-a7ba-6ed31becd83c,2119c284-b8f6-4c6e-915d-3f9366fe51bd,DELIVERED,2026-05-28
5bd97c1f-0172-403d-8fc5-4da12559020e,c6020fa4-ff5a-4e22-b54e-d2e9a0c2ae18,DELIVERED,2026-08-08
4e0bfc82-8b19-43c7-87d9-92d2b9db0e25,861bce16-f8e2-42f3-a5fa-359b6adccd01,DELIVERED,2026-07-19
283fb908-67ae-4c2a-8416-e365c0f18941,d59fa48e-b2f3-461c-93da-709d2b88b029,DELIVERED,2026-05-23
06292e9e-49d7-4c1d-97b7-755ffaafbc12,c0c095e8-c19b-4f9b-91e8-b550e8a8f220,DELIVERED,2026-08-02
0836b55c-7892-4788-b16d-66a5a8abd29f,380c42b8-9358-4190-bb19-c4945c22d34b,DELIVERED,2026-07-21
63dd4dfe-21d3-43df-b49f-b41efa45581d,4ef297ec-6546-469d-8f4a-a4865df38ccb,DELIVERED,2026-05-29
7de0601d-c610-4633-a801-ebee4b3cf5c9,aa68cc29-924d-49ce-a1c5-3bc5abd031a1,DELIVERED,2026-07-16
82507d59-3160-48e6-a928-477a6f485bb7,620d10e2-59f5-45a6-9a87-b2422e47015e,DELIVERED,2026-06-26
78bfec7a-d30a-4a99-866f-55c9b1a59aed,71ebbe6f-ee03-4495-bde3-36d7e1d31d6f,DELIVERED,2026-05-27
8fcbd3c2-5d7e-4db6-94ce-b5c2893227dd,d3af43ce-02ed-43a4-8684-8876a83087ad,DELIVERED,2026-07-17
744f118e-83cc-4671-944c-0f6d1778d693,bb1d4621-e82d-4a03-8619-80a0bab00f94,DELIVERED,2026-08-03
78ce64cf-46e8-467b-b708-66d08fd23a8e,9ee28efc-839a-4794-991f-0add90f862c7,DELIVERED,2026-06-14
c59ae81d-89d9-4a08-ab03-292035eb36b6,8fa67be4-6521-4d98-90bf-05f329beddad,DELIVERED,2026-07-18
f4cdf3d2-bd7a-4739-b258-f69c65a0f6ed,837ac390-f487-4649-a762-72426bd2179a,DELIVERED,2026-08-19
64a22848-dc09-4a11-bd0d-b286d42375af,2a99a8a2-6498-479b-bf63-3d0811b03623,DELIVERED,2026-06-30
40f186d8-7567-497f-b128-c6561f41d408,109618ad-0da1-4d2b-9a2e-af3cf258e653,DELIVERED,2026-06-21
7571bb1a-472f-4c81-8419-ae38906ad9d3,126a2091-8c1b-4bdc-8b5b-8c3f069f95bf,DELIVERED,2026-06-12
7b8dfd21-e61a-4cb5-9027-b3d95646c894,98a5e9b9-2d65-4d39-99b1-bd310154e151,DELIVERED,2026-07-28
7ba6770c-db62-4e3d-8371-5d4feae8cd0b,d2f1db75-934f-4f6b-a1d5-c24aaf6fdf21,DELIVERED,2026-05-26
18096918-a728-4207-850b-37731e1fa3bb,b1b7bce6-ddea-4823-b001-db364ef8eafd,DELIVERED,2026-07-21
6db8ab41-1bdc-4686-ba8b-4cd0797288e6,0e46b819-ef61-4b96-ade1-e8dc02c57a03,DELIVERED,2026-06-26
276c29b6-e8e8-4776-8021-21a9ec21c503,618488ff-25bf-4a9e-9c10-feceb312ce9f,DELIVERED,2026-06-24
55ee795e-a87e-41dd-b9cb-c796eada46fa,cd2c072a-1977-464b-a89d-c2d1f67c95e4,DELIVERED,2026-08-13
b3a0fd83-1edb-46fe-9e1e-5d02775668de,e9100542-8c1b-4612-836a-885d6ee88ec2,DELIVERED,2026-07-14
756bc258-ffa5-4e73-95c6-d0377b8a8c2e,738149db-0117-4561-bbaa-77f6764d5cf9,DELIVERED,2026-06-29
b6991da4-b289-4eac-8d7e-14ef4e83d9f8,44e98567-b1e7-4ea9-b06c-a3060d6f55bc,DELIVERED,2026-05-28
5e3e411f-9fd7-4f74-b638-093c91adfc06,cbd13304-581b-4a83-9d1f-4098af1462b5,DELIVERED,2026-08-07
8ed0e9c9-46b9-417f-9a35-b440201b7d85,892ea5ba-9ac3-4796-8114-8d8d7951adb9,DELIVERED,2026-07-07
cb118163-b666-4f41-b4cf-38057d65ea94,29c2580c-a435-4ab6-bc9d-9e0105bef855,DELIVERED,2026-07-09
a9df6719-2a76-483e-9902-1b75547008be,257c3c8f-5cb2-488a-87ca-f0174df0a262,DELIVERED,2026-08-10
8f64fd28-32a5-4ba4-99cf-9bff82a5d40e,76d2890f-ac9d-4ef2-8b80-0f2dcbba0fd6,DELIVERED,2026-07-17
47e0021d-dbac-4a6b-a9f0-c1c5a7c29906,d9691072-ec02-4a62-802f-7d18077ce55c,DELIVERED,2026-06-20
f1706b99-9632-4890-aba4-bdd5002f73dc,1c0114f5-8712-49a8-ba0a-89dfd97cbb53,DELIVERED,2026-06-10
2e59f6b2-545b-4b69-a616-7d72ed6d01d7,fb05cd55-dd90-4639-989d-793a86832102,DELIVERED,2026-08-10
958cef52-ab15-460b-ba6c-2af1cef4dc67,ccf995db-1ae6-488e-8fad-8e8d4286ebcc,DELIVERED,2026-07-25
435e20b6-536f-49e7-8a58-b49e8fc8aab0,13883fe4-ea15-4b2b-aeba-3e9b66a510c6,DELIVERED,2026-08-01
48c199a2-1b38-4123-b4a6-58d7f7d17231,e58c7a34-1d9b-4f80-b001-38f1b2574601,DELIVERED,2026-07-18
74fb2db7-2cc2-4a99-9a3e-8e1af2d35dee,0f198b4b-f53b-4009-abc6-88f1a5677adb,DELIVERED,2026-06-26
0ee6b267-eb78-4ded-8fcb-5eb28741332f,21344dbe-77f0-4366-9179-74a7f8c56e93,DELIVERED,2026-05-22
f89bd92e-5d91-454b-903a-b6e0aeb7168d,9bd8696a-c0f5-4865-bae3-664e348e4572,DELIVERED,2026-08-15
c3a5d2cb-1d73-453f-966c-0c648b5c24e5,8b64a69e-6884-4fc8-a649-225214e4aef8,DELIVERED,2026-07-17
9f20da23-7ed7-48b8-bf25-740e3e9d81f8,8ea5196a-f192-490e-bc55-50f5a9a17600,DELIVERED,2026-07-05
bdd3486e-31d2-4dc0-b351-07e4460a2f10,12405024-5419-4cda-99a6-b8d7f16e36c1,DELIVERED,2026-07-16
98c299ed-8dcc-4dfa-966e-3bb7912613f0,03d210b6-4e5b-45b0-800f-3cb983cbbca8,DELIVERED,2026-07-13
781a54ed-c502-44d1-b2dc-3acf5e0d50b0,da11349d-834a-44c1-9665-a58e79e97bca,DELIVERED,2026-05-25
5ad0aae4-be59-4f65-916e-d513933422ff,5019d6d7-1f69-495f-9411-0c9bfb441ae0,DELIVERED,2026-07-12
f5d897de-a0e8-44f1-99be-48d34deaaa90,69ca4d58-3c7c-4b43-b969-74fddcc77a72,DELIVERED,2026-07-10
a4aa90f4-354f-42c6-9a3f-e9d054c293c9,08d5da34-db02-4687-a2ec-e57d5855e598,DELIVERED,2026-08-07
d8541852-1edb-4e36-83ce-da62923d881f,923a8c54-3a04-41d2-93a7-4ac413c1d066,DELIVERED,2026-05-26
f7d31173-22e0-417e-a52c-c657de847dfb,0356a530-1c4a-405f-886e-726f3d101553,DELIVERED,2026-06-14
ca9d4cd0-e5f7-43a2-82f1-40b69b5e660c,8fa67be4-6521-4d98-90bf-05f329beddad,DELIVERED,2026-07-13
05186cfc-7fa9-4bb8-b402-b295791c82d5,0e795c1e-3b90-4239-a9d9-bc89e5066f17,DELIVERED,2026-06-03
3686b63d-27ad-4c38-80ed-ad4c946d13aa,850c10db-5114-4664-be7b-1d2511d3cea8,DELIVERED,2026-06-08
41551fae-8a8c-490a-9053-b8f717ff3886,919af4eb-6b45-4c59-abc2-1a7c60c4d372,DELIVERED,2026-08-07
8abfbf10-a9fe-4f85-ae67-44055b945c3e,7429fcb1-c31e-49f0-bf13-92e32415dda3,DELIVERED,2026-05-30
ec709dbd-ae4f-4f3d-8fa7-0f50d463175b,2cb808e3-1472-4d34-ac75-dd016d8077fa,DELIVERED,2026-05-23
ab412151-479d-4a19-b550-c77d197dd27f,24af944a-40d1-40b6-a6ec-daa9afb1444e,DELIVERED,2026-06-23
cdd36724-f3a1-431e-a7a4-95988f083c1e,516f9991-ef87-47ac-8eb5-c4bcbe4d0838,DELIVERED,2026-05-25
052ae46b-33e5-407f-af76-e0e0b065013e,ffb496b6-8e81-4703-8a65-440baa0c08ba,DELIVERED,2026-08-14
f2e17a5b-9282-4359-b013-83e916644147,3f959263-c211-40c3-ac32-954bf87bdd3a,DELIVERED,2026-06-23
b54d957c-aefb-4657-9f2c-7f038f3fcf54,814e7427-8f09-4409-a515-e79cd8bb5e4e,DELIVERED,2026-06-29
6ab60712-02ea-431c-8059-c07014935ffa,e50e2b02-62a4-46fa-9c96-987a3ec21bb2,DELIVERED,2026-06-12
49ed0830-f8de-4277-b031-ec1eaca34e80,1b564df5-237d-4d2a-9613-8a8fd2d612b8,DELIVERED,2026-06-13
989fa4e7-bebb-4ed1-a9ff-d1b1009449dd,76d2890f-ac9d-4ef2-8b80-0f2dcbba0fd6,DELIVERED,2026-07-08
9b844815-539b-4b66-8f93-a41e1a54aaf1,5443a75c-c5f5-4185-bac2-d10ccabfbf86,DELIVERED,2026-07-04
849f78a9-0cad-486d-97d2-06b120adeef8,6b39a113-24c4-41f9-8d7e-7922601ac3c0,DELIVERED,2026-06-08
fb1977bd-62d6-4665-a331-42ce9f7295c3,628b1cc6-9357-4f56-8884-012eb17a1078,DELIVERED,2026-07-01
68989725-d77a-4dcd-a4a8-ecaf4e63848a,924eccc7-39ec-417f-82ed-5e73076ad7f4,DELIVERED,2026-06-16
386dd891-0e91-4462-9279-453aad863b58,b019e367-d98b-4a6e-9d94-4439fd7d596a,DELIVERED,2026-06-16
e186c4d7-136e-481b-aebd-24d673c35811,ef42f2d2-ca2b-4c81-86e5-0fd0c3cf28a1,DELIVERED,2026-07-02
ff417994-bc15-4e54-a626-5a7aa9a74505,2f0b0d7a-24e9-4b80-9796-77aaa26de6a9,DELIVERED,2026-08-18
ee1761a5-911b-4a21-9377-29d21b4578e6,b9b3d900-2157-420b-9e85-76a3f02ade94,DELIVERED,2026-06-03
026c1fa3-15c3-412b-a40e-b585cb73499d,8e33cc0c-e229-4591-9d37-8e6a467a972c,DELIVERED,2026-07-08
ca74f51a-a2eb-456f-bcd0-0d04cebd5b2d,4830cc30-bea9-4649-bf36-4cd4191771bd,DELIVERED,2026-06-05
ac2f679d-77dc-48df-92de-2072ce015b43,1f8a8195-5145-4d01-afd4-d2059c5c1c88,DELIVERED,2026-07-25
eb4bb6cc-f0d1-4ae5-9ba1-4cce99432b10,0dba0fd5-a74c-4e24-8c33-b435ad1a3afc,DELIVERED,2026-07-04
20946536-e738-4fe4-aacf-eb99f10a3fdb,5b416c93-64e8-4ff5-941c-aad10e329851,DELIVERED,2026-06-25
1e49370a-c113-48d5-b596-b7b4f91792af,5bb2396f-3283-43a2-8266-a0b25a7492d0,DELIVERED,2026-07-09
d5f5d51a-a9e9-4e27-9bea-28984b08575b,026607e3-b41e-4efd-a645-67310422576e,DELIVERED,2026-06-22
cf323000-1a84-43d6-92a1-1d0963ecc03f,4c4c1c65-ef75-4709-b7bc-a0181faf3354,DELIVERED,2026-07-07
58adf8f6-b457-4d42-8396-1c15b7828245,0d40d4c6-c958-4936-bbcb-5c58c981f139,DELIVERED,2026-08-10
54602d7c-eb52-421e-996b-5165d3138785,a2a00a46-821e-4337-9edf-d020008ecd4c,DELIVERED,2026-08-06
e75162df-97cc-495b-88b6-1e5af0ead3b1,24ccaffc-216e-430d-be68-298046da306b,DELIVERED,2026-08-06
0c7318a2-bd0d-4f01-9099-89fc7d77120c,d38dc97f-3bf1-424e-bd5d-fea8516abfde,DELIVERED,2026-07-10
ba77498b-c561-4988-a458-629fd1d05c80,dee5f90e-de76-4709-a321-11a95d37708c,DELIVERED,2026-07-30
1b2046a6-c3fa-4c9a-8153-380f6da51014,8ace022b-19d9-4633-9c5a-cfbab6435f57,DELIVERED,2026-08-01
a783589c-2504-4f9c-8be3-37828e6f5b7c,2469b002-7c6f-441c-b5b4-fa8e812c522d,DELIVERED,2026-06-01
25b8304b-216d-45c8-bab6-13e4eded10c6,fe77ccf1-d240-4885-acb1-2be481b4aabe,DELIVERED,2026-06-24
bedb8b2a-ad7d-4fb7-a803-3b049780f73f,44905b78-792c-4eb7-9a73-1e6ae90566fc,DELIVERED,2026-08-17
5dd1050f-8c62-4935-b7b0-0bbc881d2a63,36ada41a-97db-4614-81f5-2433373f8aa5,DELIVERED,2026-06-25
3e812ec6-33bd-4540-b1ae-fe1233d32a83,931b66c7-02b5-4021-9959-c09951dc395a,DELIVERED,2026-08-17
37fd52a4-4dab-4a27-b316-fdf567f19ec4,f4d56ebd-4f1f-4933-bc31-db8b7fead500,DELIVERED,2026-08-12
b4104976-6183-46de-b4f4-c8d5a975636b,94cc57a9-2163-46e0-986d-25d00b52f160,DELIVERED,2026-07-19
0ccf5634-1d4b-47ab-b144-35ba7098bd6b,1b2fa4ad-6c66-4de1-b166-265ade32d990,DELIVERED,2026-08-04
3e1e70e1-e829-4ade-a3e4-2be00cc1db1c,a552e076-cc96-4810-94f4-2d4ee66b0c0c,DELIVERED,2026-08-03
5e4c685f-50d8-44a4-8165-b4cdf60d5ac1,2261658c-f963-4b48-8367-43effc0fabf6,DELIVERED,2026-05-26
44b6ed4d-0be4-4f1e-9b60-952e7a4018ea,bc1a084a-a6b0-47a4-af2a-09983f16e837,DELIVERED,2026-07-27
957c2b4a-007a-45d3-a231-5ad20b06dc58,c510c6ec-4ad6-45b5-9eb2-ce6623d8e0ec,DELIVERED,2026-07-22
3712aecd-59ea-4e65-84d0-ba96dc64cde4,eced060f-e91c-4ef7-94d1-b0ef0ae51a8c,DELIVERED,2026-07-18
6d171a48-5aab-427b-8a76-d00e6f07919b,6f1de1eb-102e-470f-bb92-9cc8464b7c05,DELIVERED,2026-07-08
f5354933-ca80-4f7f-9f94-14b70608c1cd,3d9e349f-8f81-48e8-a674-f7e048fe7127,DELIVERED,2026-08-15
f20a3e55-b148-446d-89c1-c829fd69d976,de9cb3ad-d8f7-4378-bf4c-6613b8f28004,DELIVERED,2026-06-22
86868796-cf43-4f17-8f9e-cb784040ebc8,46252157-77cb-4b9d-a097-e88eaaacf955,DELIVERED,2026-07-12
3a2ca5a5-e6c4-4cd6-9eec-b377f79e084c,ccf995db-1ae6-488e-8fad-8e8d4286ebcc,DELIVERED,2026-06-30
746daa96-87e6-477d-8309-230ff4beaf74,e3c599cb-09d3-4972-89a6-f286a150cb78,DELIVERED,2026-07-08
8a8bd90d-11c7-4f87-ba92-72216f153b3e,a346334a-5cd3-467f-abf1-f90f11eea154,DELIVERED,2026-07-09
b9f1893e-9223-4d1c-867e-29fb993f79f9,8c296604-4e97-4ea8-8cb2-6959b333e854,DELIVERED,2026-06-25
52b89d97-29df-421e-ab66-ba58c9357b9c,6bf402c6-a05a-4b45-942b-302b21755420,DELIVERED,2026-08-08
366f9e60-b0d2-4f09-a666-243fdc2831e0,08d5da34-db02-4687-a2ec-e57d5855e598,DELIVERED,2026-07-22
fae6e77f-7524-408a-bcb3-83b2d75e4c6e,ed028ea9-d9f4-48e9-a5e8-a2da9bed4c60,DELIVERED,2026-05-29
4946b1bb-9f5c-4d9f-a6b0-43bd8c149c91,1f90180f-ef3d-4c70-9306-2f8eba8e4fa1,DELIVERED,2026-08-15
e63a9b3c-e06c-46a1-9149-8b623c18d4d0,953b4f06-79e5-4f23-bee7-5895675afd86,DELIVERED,2026-07-22
8ea88ab9-8d9c-49dd-a148-9f801794fc87,02bfe0eb-885e-457c-9e11-12ec2e36c30c,DELIVERED,2026-07-06
a60f7fd9-5db3-4aa5-b3e3-af0597689828,5d7f6d9b-720f-49ac-be69-8bcc143d999c,DELIVERED,2026-07-30
db63655a-103a-4353-bdb4-95350e569f03,32966f2f-1fc5-4f67-b04d-c8822d7acb2b,DELIVERED,2026-07-04
fc0e3706-196f-491f-9c34-ae0acadd5288,c99a0a0b-be9d-4cfd-b3fe-9a871227ba45,DELIVERED,2026-07-01
799525c4-4ded-4cdd-bbc0-a1d671f8767f,923a8c54-3a04-41d2-93a7-4ac413c1d066,DELIVERED,2026-06-12
f4d5368a-e731-4e9c-98de-808180b417d2,d73cd3ac-8a41-4223-8b14-22f8025c93bc,DELIVERED,2026-06-27
c9d349c0-f701-4551-8a97-d2e45f582ddc,12b340d9-c68b-44e1-8664-eef424cdca08,DELIVERED,2026-07-07
8fdbdbc0-604a-4689-b24b-44a907a9ac75,4d585e51-59e8-46ac-bc20-3db140c784b7,DELIVERED,2026-07-03
9268ad41-7cac-4c45-82b9-ee884437046f,fbe15e85-7a50-4f0f-a64d-e18919737526,DELIVERED,2026-07-03
7461fc7a-8d49-4e3f-9d31-cd180bd2e0b2,dad6f20b-10b7-45c6-8277-a326e6762f2e,DELIVERED,2026-06-04
9b70b0d7-79b2-4161-965e-d09e892f464d,7ccd3b00-5536-43c0-a2a8-27ff14cbb402,DELIVERED,2026-06-22
a80d7f02-2fc3-4b97-8b78-fb0a0b598739,d54c3e6d-fa05-4dfc-bcc5-80a6504a159a,DELIVERED,2026-06-20
4e32be46-da9f-4433-ba2c-8f2965f42c29,32ab1e52-7bab-4d16-b8dc-07194cbb46b6,DELIVERED,2026-08-01
0baeaa7f-67fe-42d6-952b-d0cc20d73057,86f0addb-1c9b-4046-808f-1ab4ce0a266e,DELIVERED,2026-06-24
a6b37d19-b1ba-4862-b416-dc3a6aaa4fb8,9197d37f-515e-459c-a937-e8bbeca15a9e,DELIVERED,2026-05-30
3ef8f613-522c-44f4-b43d-9492efd06263,f9847e28-dfb0-478d-bccb-fa7e65b5b849,DELIVERED,2026-07-13
218e48b3-e061-48e8-b439-080c997af762,4fac493b-e76b-4c59-af73-66f64b8d938c,DELIVERED,2026-06-06
134177a6-b377-4733-9e3b-c81a72df641a,81e07f09-6f51-4ef0-8ed8-8485fb6e063e,DELIVERED,2026-06-26
e22d1a78-0a7a-4f55-b08f-9d8f81c72770,850e626c-9d34-4303-b5e6-5b895205d6e5,DELIVERED,2026-05-29
552a29d7-4cd6-4c31-8493-3db47fdd3ec4,db4b2d79-632d-43de-908a-90959e48caaf,DELIVERED,2026-07-16
6dac3b34-fa34-48a3-ab2f-1c82e1e90525,d99fa804-59fc-49eb-abdd-ed70ae1196bd,DELIVERED,2026-06-10
eea213c4-3149-4144-9090-2dd51a7cde1e,83f94554-3b6b-4fb9-821e-187d95715731,DELIVERED,2026-07-04
337696db-3b8f-4b5a-9dd6-82d788eb22aa,5e022cbd-396b-4764-9213-806deee6fe96,DELIVERED,2026-06-09
48d6f090-29df-49db-b728-9f683b1e115f,2f0b0d7a-24e9-4b80-9796-77aaa26de6a9,DELIVERED,2026-06-27
8fc52b6b-6cd0-4be2-89eb-231820225b1f,f9847e28-dfb0-478d-bccb-fa7e65b5b849,DELIVERED,2026-06-23
62fefd56-ab0d-4763-812e-ebe7e9483855,8cfb9666-a330-4b54-8585-36ffaab84e0a,DELIVERED,2026-06-08
82b88e7e-9101-4035-b6e2-a2d54353f67c,8adbe131-6223-4d64-9c76-d074aab27ce4,DELIVERED,2026-07-10
f95afc47-e7d9-4904-993c-0a19caaafa5f,558c1c0e-6f52-4ad3-a40b-12ba32c9294d,DELIVERED,2026-06-05
a46acbeb-23dc-4c43-9156-4aad8337e694,34038a5e-8923-4e04-95a0-08e2bf092ea5,DELIVERED,2026-08-13
a422598f-de55-4158-94df-45b581218d99,86d8b5df-28ae-48ab-8913-69b88a8406bb,DELIVERED,2026-07-18
fe96f5aa-cbd8-45d3-aff4-182f97f1f967,39213198-6249-4efa-8322-986d984192a0,DELIVERED,2026-07-03
5f7bf98d-cfa3-4db4-8af4-72bf833708d3,02d83681-b4b1-44d1-9909-2d551244c7be,DELIVERED,2026-08-04
1d0c9bf9-8dc1-47a6-84c1-4b195e61176e,618aebc0-3d95-4d35-bfe6-0f921fc8837e,DELIVERED,2026-08-09
fafcc662-1d15-46a2-b813-4b7f3ec6733a,29b274c1-6faa-40bb-a249-a05c47da8996,DELIVERED,2026-06-21
6c41fdd2-e602-4bd8-9073-0187a9cff6a7,5548af4b-1b94-4fc6-8f8b-5d54ec5d4038,DELIVERED,2026-08-01
dd861e82-8494-4f0d-b17a-244f2d83948b,d6e5e38f-ad09-4dff-a3e8-e0d11d4e99bb,DELIVERED,2026-05-28
3e9a4b73-4747-449b-b4fe-cdd1d17c9a57,d2e06654-8a30-404c-a0af-71b1b1c8ef8d,DELIVERED,2026-06-27
a74e9863-b2f3-4f16-9dc4-e067347235ea,379fb547-cb24-45fa-947e-0aef4214cfeb,DELIVERED,2026-06-17
d90a16fc-57de-432e-8d6c-802ac03226cb,b91ec1fb-6baf-4051-ad8d-93e6a2feaa18,DELIVERED,2026-06-03
ab502d81-a95e-4cbe-a313-47ca14cd683b,b62db510-b307-49df-9c28-3b31f2ac3a17,DELIVERED,2026-08-06
29bbd55a-d50c-40e8-812e-bff3527d4692,6031e08a-3ef0-4ac8-9f59-d7f108068271,DELIVERED,2026-07-13
4a95f7f1-fa73-43ee-b3f4-f396bc15b2df,09a8b5a4-346e-4fa4-b8e8-4f01d456eb2f,DELIVERED,2026-07-11
dde802fb-c0e4-4557-b0b8-6ece5cca8565,63b96149-bb0b-46a7-a81d-08c0331dcca6,DELIVERED,2026-07-06
30f96431-b6f5-4b5e-9253-54ddeca73c2b,138cfff2-2cd8-44b2-bd87-3fb8ee17f3f3,DELIVERED,2026-08-03
24dc9a0b-31d7-4f61-977a-142944c4c451,9284024e-6448-4bc5-9dbc-efab326badfa,DELIVERED,2026-08-05
574f6db0-cfbd-40d5-8dbd-ce0f19426b6f,e800705a-d142-4650-a080-4c43506c3546,DELIVERED,2026-06-12
abd4e5c7-2d1f-46a0-87ee-15ada73eff9e,67c5d834-cdc1-4ff6-8f77-1947ec09977a,DELIVERED,2026-06-27
2e2c86b1-08a6-432f-8773-51101fccbec7,d1eb2e1f-cc9f-4055-ae1f-bda620d15672,DELIVERED,2026-07-20
cf64808f-b420-4365-858b-97d2db080956,b33f4def-39a8-48c5-beb0-816916f847ea,DELIVERED,2026-07-22
66f4556b-551a-42d2-ba76-57f209e90813,6494da97-a10b-4887-8f90-2607bb4b39f0,DELIVERED,2026-06-07
38f2b8f1-9a05-49cd-a8ea-6c5e24618bdf,98a5e9b9-2d65-4d39-99b1-bd310154e151,DELIVERED,2026-07-03
a55b7cb0-e53e-404f-b838-2b614ba97de4,8ca5aedd-e1a0-463d-80b9-236f88fb567c,DELIVERED,2026-06-29
670cc9d1-d538-4e70-ac6a-765b992b0817,217a8d6b-ae88-4a79-a8f9-2d904ae168db,DELIVERED,2026-06-18
31c38bfa-5e52-4ac6-ab25-d7625d13017d,0d179aa8-01fd-44fd-b497-f952e6e59179,DELIVERED,2026-06-21
e180a6e3-fa5b-437d-ac3f-b4ea7141b948,48791b08-3f4b-4efd-b7f7-0c817bd12719,DELIVERED,2026-07-31
5e03e5b9-9c81-4e0c-90fe-fc8da8dff70e,5f1dec16-c799-4657-9305-25f6a40e29c8,DELIVERED,2026-05-31
6b49184c-8ae8-43b4-acb9-584ddeb3f8e5,498f4889-abfb-4e37-aa6c-bbf678c58746,DELIVERED,2026-08-06
d4baf686-7abe-482d-bc59-83ad8b0526b7,1b2fa4ad-6c66-4de1-b166-265ade32d990,DELIVERED,2026-07-31
1967897f-796b-4d3b-8a4e-4bbfa1e843a3,28c6a979-a5ba-4a78-b2d5-3eeae0cf6cc8,DELIVERED,2026-07-30
2d9c5045-c7e3-426d-961e-c0c70c7bb2b3,5522107c-8a81-4256-8bd0-5f57ba47afee,DELIVERED,2026-06-25
b181711e-8a58-4190-ba1d-e114a9fbdf6d,e680ccff-b04f-41a7-9841-c2f8d2c988ed,DELIVERED,2026-08-13
21b6e109-d7c5-40d3-9860-40c3f7caef5e,fa9adcfd-c888-4cf5-addf-5123a7110238,DELIVERED,2026-05-27
adcde7ab-acc3-460a-be85-9da36d85ffab,9431176e-3925-4864-ad21-79b181e09000,DELIVERED,2026-07-12
01003de1-58ec-47af-a0ac-60dd0cfc012b,d2f7b8c7-8a27-4972-8b49-6297ab58a2a6,DELIVERED,2026-08-19
6353104c-2d22-4206-89f8-14c796a6f2bb,4dbcf9c0-bcc3-4102-923e-c0f81f487cf8,DELIVERED,2026-07-07
2431d325-fc4a-4aec-b88c-057a79bfbfe3,401af745-fdba-45ca-92ff-b514843f0850,DELIVERED,2026-06-14
9dd03ce8-55b8-41bf-b244-f6f853a60362,f573993b-83ff-4f21-b157-b054473b14d8,DELIVERED,2026-06-26
594b9757-e052-4fd6-b6b2-6b5abff4928c,b3e49ac2-b520-4d3f-8c24-5f92ed3d9b7e,DELIVERED,2026-07-21
0f29f96b-4e6f-4b26-8274-df853bd72d67,3d7e0621-3166-4a41-8122-d293f1f87e19,DELIVERED,2026-05-24
88bdbe4b-a087-42dd-9331-c93a607c17d4,e5de59a9-24b1-4f1f-8387-73d6e37e3e07,DELIVERED,2026-05-23
96aa716d-0385-4c0b-a435-048e40bbee45,45c74222-4105-47ab-8464-07a0ce0dead8,DELIVERED,2026-07-17
a8812e02-ce62-4d63-a16e-8a38bfae1554,c5fb83ce-166a-4205-96e3-f8fb6319e658,DELIVERED,2026-05-27
a91f70bb-4cf1-45d3-8ad7-5a5364a476ab,9e0d0915-d19b-4cd7-83a7-ac9bf0c0a367,DELIVERED,2026-07-17
2b4575a7-cd2e-4309-b383-59cdb7dcbb2f,80f46c58-2a26-427c-885f-c07f8744fc8f,DELIVERED,2026-08-07
e55e0b60-39b2-49b6-b0d4-f5bf07aae130,74c54cf9-f7d8-4388-8b21-f98ff658014e,DELIVERED,2026-06-19
59a617f6-f092-4dac-9e9c-7260eedc0cad,36d1f755-5921-4e9c-a367-719c8f56cb67,DELIVERED,2026-06-03
0ed6ddc0-2c32-4d98-aed3-f508ad222cfc,414a864c-742f-4f74-809f-61e44f566c6f,DELIVERED,2026-07-26
a0a42da9-f4f2-48e1-86bc-1b5d6898e2af,732b22c3-b228-4bc4-b813-c3374e74bb78,DELIVERED,2026-05-27
24038a1a-e0b7-4eac-b3ff-b2c8f02876db,b019e367-d98b-4a6e-9d94-4439fd7d596a,DELIVERED,2026-07-25
38ec4e75-cccd-4639-916a-eba0c1ffdab4,744cc4b6-90bf-4ae3-8c8e-a535fe354c1b,DELIVERED,2026-06-08
31e0a726-0aef-420f-a25b-21dade0f4a2b,a634681d-bd18-445c-ad9e-2adeda4e67c7,DELIVERED,2026-08-17
f06be416-9966-40a9-b68a-3ec5f76b0901,a68d206e-94d9-4209-8dfd-b2aed1392938,DELIVERED,2026-06-30
44bc2f61-ff4e-4c8f-bec0-0ebf860c4425,dc8f037b-723e-4245-91e6-e4af364896af,DELIVERED,2026-06-19
bf276088-726d-4033-9561-833883ec738d,67c5d834-cdc1-4ff6-8f77-1947ec09977a,DELIVERED,2026-06-19
b7c73267-6585-488b-b4a2-871433fd254b,185cbf22-1a7e-4a39-b1c1-e078ed505475,DELIVERED,2026-06-24
f3a1a8d4-5edb-4ddc-9a0b-a2d322f48c4e,72b9746c-83c8-4a9e-a43f-9de504c052ab,DELIVERED,2026-06-19
1954d37d-6d4a-4be7-954a-0f33d7ee7210,21b6879a-6ffd-44b7-9a9a-18d441cbfae8,DELIVERED,2026-06-20
7b9599e6-4167-466a-98bc-318b232bc354,b6f62ccf-130c-401c-81fd-bdb24cf23917,DELIVERED,2026-06-23
8453b752-bdff-4aba-949b-5da54fc74736,df4dc6d8-ce81-4f59-ac4c-21cd0fd28311,DELIVERED,2026-06-19
4470c0ab-91f5-489e-abf6-c899f24f7454,bb612ba8-bb9c-423c-ba10-3ddeae42ebf1,DELIVERED,2026-06-03
4edf6326-911b-4a6e-8593-6f079c8022be,26e1c055-69d2-4a96-bace-44707676837c,DELIVERED,2026-07-25
8d2cbe01-f80d-4d10-b123-40f2c9b99109,b87bad70-f139-4d05-a9c4-9e473dbdd49c,DELIVERED,2026-07-26
ddcb6505-ac86-4546-8309-6e1bc2513189,fbd17909-554a-4181-bbf4-fad0ad532d59,DELIVERED,2026-07-19
f2323e3e-6f53-4f94-8ee7-ea6ea888e186,744cc4b6-90bf-4ae3-8c8e-a535fe354c1b,DELIVERED,2026-05-31
d7d4ee43-fd88-4527-b645-137d536cf714,37ceee29-15e5-4961-99fc-01d5f659fc19,DELIVERED,2026-05-22
fe4aee09-68e1-4cc4-b164-932ae96bf3ff,0493c971-a22f-4027-b82f-836c8e9b9844,DELIVERED,2026-07-19
bd0eabfb-de08-4dc7-abad-1b716ef76b06,70c1dbec-743b-4227-9768-b60fd9739ef9,DELIVERED,2026-06-14
4097976b-d17b-4793-8c5b-19e384c34b4c,654066af-72ae-4bea-bb16-f108c87251b4,DELIVERED,2026-06-01
d99a34de-7169-4869-87cb-aba298824a4f,9c9b507a-e71b-43c0-9ca9-67f904eace77,DELIVERED,2026-07-01
24ddab48-1fd4-4630-9999-0dba83f19425,7a9b5007-e0fb-46cf-8bd1-c63c60cbd86f,DELIVERED,2026-07-28
8743f544-401e-4d5b-8657-e107efff5af7,744cc4b6-90bf-4ae3-8c8e-a535fe354c1b,DELIVERED,2026-08-09
7758bfac-45f9-4b93-927e-4097de2dd3f5,ea968ebe-0de4-4056-8e82-8b67c4dfd734,DELIVERED,2026-06-30
0ff89d8b-6a4c-4b2c-a2aa-57ff9959f1e5,3d9e349f-8f81-48e8-a674-f7e048fe7127,DELIVERED,2026-07-08
61f7ada2-8356-4afe-9814-cebbe1fbc17a,f93194d9-771a-43d3-992b-1abfb88f7415,DELIVERED,2026-05-29
5ce05c9f-05ff-4af1-82e7-a9924070b5f7,8cbac20e-168f-43e9-bee0-72d885b19728,DELIVERED,2026-07-15
32beb77d-aca9-459b-9ab4-2147415f0a2f,bafa9520-dbbf-43c3-bfa3-36cfcba11a53,DELIVERED,2026-06-20
eaf8f52d-4dc7-46fe-a40d-011bf36db9f8,dae726c9-308e-4ae3-8ad1-6553ac2a458b,DELIVERED,2026-06-28
1b974f7b-39c3-4ab1-8cf5-43afea4a7dfb,8ace022b-19d9-4633-9c5a-cfbab6435f57,DELIVERED,2026-07-06
cc0792a9-3f34-42ec-9b13-ab10ff078015,e7f4c177-01b1-49f1-ad35-5f304e237751,DELIVERED,2026-05-24
e435c74a-f06c-41b7-9864-15707385cb97,4a8e8208-41c8-4012-9194-812a6018467b,DELIVERED,2026-07-25
41589928-9fe0-4332-8d8f-c91e10a70089,4830cc30-bea9-4649-bf36-4cd4191771bd,DELIVERED,2026-06-26
97249281-4ed1-4592-8ed7-d1ddb25451fd,548dd1e9-fb6a-4be5-83b0-b358022b1906,DELIVERED,2026-06-18
65c5bafb-4a99-4c69-95cc-667f36c84a82,223084d1-555c-4fbc-8503-729c781b3372,DELIVERED,2026-06-22
4bf5b13e-87d4-4bdd-b360-8b96986c9ddc,8ab1cafc-bf14-4f95-829d-70c55601526f,DELIVERED,2026-06-07
f0b218d4-0e50-4729-a890-5f7f9f0af3bb,b6867c54-8b30-4176-bda4-dbe8c6860273,DELIVERED,2026-08-07
fded489e-db72-4cb4-9934-2f666e6bbebd,2bb686fa-35af-470a-9954-0dd5f2f3628e,DELIVERED,2026-07-12
45c55e22-0b8f-49c6-a69d-17f5a8e70d88,924eccc7-39ec-417f-82ed-5e73076ad7f4,DELIVERED,2026-08-10
44810bba-0b81-44ad-a294-427fb9a41ce2,4dbcf9c0-bcc3-4102-923e-c0f81f487cf8,DELIVERED,2026-07-02
086d3a27-aa8f-4154-bb33-368f31db7830,829f2d0e-94b2-4703-86f5-129b6640f017,DELIVERED,2026-08-16
b973f11e-de79-4fee-976c-0af14119dc5b,d69e4509-88e3-4c8a-9613-9d1ad54c3ec6,DELIVERED,2026-07-16
6be2679b-8172-4d9a-826d-81477ec28e22,81e025be-0284-4722-acec-34a4e26c8385,DELIVERED,2026-05-28
3d2b5772-b0a2-4556-9ad5-d89d6f7be879,26276956-c95c-447f-8d75-81a2d48a90bf,DELIVERED,2026-08-09
c39f563b-86b4-486d-82ba-8523c24754c0,9d6ca2ca-e10a-4dd2-8f9a-362bf5452429,DELIVERED,2026-07-27
cd701c44-1d87-4741-80bc-925d87e5a8fd,a7964a13-e930-49c9-b1ae-3a83d77a23d3,DELIVERED,2026-08-08
30f620d9-6861-4cfa-b319-f12e9120f764,61338154-377d-489c-9dfc-a353dee32138,DELIVERED,2026-06-29
056fc642-b739-4d34-856c-905eb0054b59,a2e13b19-6146-43b7-9c7e-9e278de7437b,DELIVERED,2026-06-05
b975ef8f-abb8-40f7-b88a-71baf0050055,df4027b6-3425-44d3-b757-2f6d9c24565c,DELIVERED,2026-07-02
00b024e9-8f08-4380-8b44-a68f99765ca3,a61ac25a-dbdc-49cb-ae32-891c6a541af7,DELIVERED,2026-07-06
cae1d0b3-868c-4019-b630-bbe571320433,a69ad1c7-d19d-4f8c-b431-1b0d1177b8a8,DELIVERED,2026-08-18
bbeb2ac6-5016-45a2-97c4-f132044e9649,5f36349e-c39d-40ad-87e5-777553681365,DELIVERED,2026-08-12
1f9cd8db-959d-4627-b21d-dacb9bff2fa9,dff8fad4-3c2f-46fe-bf0f-7a1d05417c13,DELIVERED,2026-06-07
c7953759-ba64-4a3a-b0f1-a0f400ad87f7,2e424b65-a2de-4614-a7eb-b8a40df50f05,DELIVERED,2026-05-23
042181f4-abb9-4807-805f-1637c999d65f,0e2d7ee9-d1ec-46f7-86a4-85d3d549380a,DELIVERED,2026-07-04
8613cc0f-3a10-477b-8d18-b79318fbb3c2,27224b91-d017-4921-83c5-04ce4b3bb426,DELIVERED,2026-07-19
c40821ec-5af7-4984-bd93-3d9103dc625e,881ba2d7-ec9b-4d17-a9bc-34affda20869,DELIVERED,2026-06-30
7acddb60-0706-4d0b-bcf5-4c0535913d55,8bf937a7-f1bf-4298-a703-5f20b06c2639,DELIVERED,2026-06-18
03683c75-6e56-4d6f-8667-3ebd6ddf0854,b10fe654-b4f1-4dcd-8603-234e6da74d21,DELIVERED,2026-07-06
c513d7f5-d239-48ee-b5fe-a03ca78b8a8a,b8e5832e-83f7-41a1-a615-c7fcc563c410,DELIVERED,2026-07-11
ac4c1f60-82e7-43c4-aba6-e5491a00ab56,32d7e56f-dd4c-44af-b739-176054678b1c,DELIVERED,2026-08-06
76004699-2747-459d-90f7-30dc2cf02bfd,7143c263-7d45-4c74-9e2d-0d0517961b79,DELIVERED,2026-07-22
a32084f5-0021-417c-a239-d3682828e05e,3f6fb77c-a356-4cae-8935-9d3d3c92cbd1,DELIVERED,2026-06-12
6643f5f5-8968-47ab-8405-a77ba53e9d98,dd4849dc-734f-4ea1-9f34-5457c2e92f82,DELIVERED,2026-06-30
9ac1c3df-efd6-49e8-9f43-92478ea8c8e1,731daf1d-326c-4b38-94be-79d111a51917,DELIVERED,2026-08-19
fbb4e769-6a59-4e0b-87b6-df8268bf3071,cc9a3985-2dd0-4d43-892f-7732fff5f99f,DELIVERED,2026-06-14
af7f1e94-719c-4bd6-bc1c-717e46c529a3,3a4d4d62-a5dc-42d7-9267-74f7273b7f28,DELIVERED,2026-06-03
59e43c09-9b28-43f8-8ff9-e8fc01302e92,44b4e589-9e99-4cc4-939d-9304e05500e2,DELIVERED,2026-08-14
760eadfb-35fb-4e7d-aad0-de7fbd78694e,aaa70b61-62c3-4571-bcf6-d90ea8d09649,DELIVERED,2026-06-01
376af81e-4d0f-484a-9cfb-c294a0a17c5d,b4d1d6b4-e5b8-4042-8c96-65b7b9a7254c,DELIVERED,2026-07-03
ba4ad7cf-6539-4596-bea2-97cbcef636dd,8a5af11f-a61d-4266-8556-6690e2eecac6,DELIVERED,2026-07-23
26f452e4-e647-4245-a500-82b39b09e1ca,20da94f1-6592-4637-86fb-cfba4816e597,DELIVERED,2026-07-11
e5165a0f-0f2b-4b04-a134-45a7cc8db647,8bf937a7-f1bf-4298-a703-5f20b06c2639,DELIVERED,2026-07-17
e74e73d2-0963-4cc4-8913-24ab9bd53129,da1b69a0-ae33-48d8-b965-908de1e725d8,DELIVERED,2026-07-15
2ce7ae9d-8653-4c07-bc45-55e38ea8a34a,aa1c9f59-9036-438d-b094-0827e01502ec,DELIVERED,2026-08-08
775af9bc-aa53-4bb5-ab1e-67f9436bd0bf,dded73c0-800f-4583-accd-af5f624ea23e,DELIVERED,2026-07-25
dbe4a616-3cfd-4784-9c5e-9b368ce850de,16ee0d82-a9c5-43c0-8588-9ea4cb31b2b6,DELIVERED,2026-06-21
716c718d-335c-42c0-ad71-a82faa0645b7,e58c7a34-1d9b-4f80-b001-38f1b2574601,DELIVERED,2026-06-06
360d2962-affd-40da-94c0-5174912ec97a,f6417617-f2f3-4f04-b7fe-5d9b5c6d5bf4,DELIVERED,2026-08-17
58396d01-1373-41ea-b13e-d26b6f5eff46,d2f1db75-934f-4f6b-a1d5-c24aaf6fdf21,DELIVERED,2026-07-08
113cc189-c007-46cc-8961-ab6d064906ee,8da69030-fb9c-46da-b27b-41ca3176e520,DELIVERED,2026-06-11
4b0aed9d-d707-4c77-8b92-4d7e7ae1bb73,b45d167c-ba48-468b-82e3-c851973038b4,DELIVERED,2026-06-26
c052ce64-756c-4676-9b73-36ecbc4a9b88,3c6c9471-48aa-4548-bb3a-2e17b4729625,DELIVERED,2026-08-16
7afc7581-c048-4e80-b1c6-d597bd32d87a,c0c095e8-c19b-4f9b-91e8-b550e8a8f220,DELIVERED,2026-06-15
6635d047-9952-45a0-b19f-4ed68705e58c,3d5b2211-0128-42bf-953b-108d8ca6badb,DELIVERED,2026-08-02
c96d372e-517d-4beb-b2bc-5eb5e5b5556a,0484228b-929b-45fb-aadc-7870f7fc9261,DELIVERED,2026-06-14
5031d59d-9729-44fa-a3cb-8f04443e4abb,40a1c266-6152-462f-962a-4f01e089db6c,DELIVERED,2026-07-18
70d1060e-2ca8-4a24-a9ba-b7326996ded0,91891572-93e9-4f76-bd7b-3aba7dd9876f,DELIVERED,2026-05-30
026503e0-739f-47c5-83fc-60db629cb03d,bffe34b5-48ed-4f96-ba52-0f0dbd94c770,DELIVERED,2026-06-24
71b0d106-518e-43f8-9d20-00b1a6cdc3a6,322cb71c-6e4f-4f30-9bf7-77093c0e8f9a,DELIVERED,2026-07-14
63fd9fb9-4d15-4efa-a743-02b18de3cd55,dcace879-e5bf-4085-9ab3-145bf7c7ef03,DELIVERED,2026-06-13
574385b3-c02f-4356-be2a-9b1a1fcc26a1,d0752c58-83ab-4e70-8ac2-f55fd12d7716,DELIVERED,2026-08-11
313ac82e-c35d-40eb-bbd7-985ec814da61,a500926f-6791-4897-8436-79f1eff78842,DELIVERED,2026-07-08
d54a9665-5f19-4f8b-a829-d26fa471e01a,c5d83c7d-43bf-4860-8ab3-3fa0bf6b8e23,DELIVERED,2026-06-02
723491d1-bec7-42c3-a65b-7b7e75200b6e,df4027b6-3425-44d3-b757-2f6d9c24565c,DELIVERED,2026-08-09
8d19abeb-b9ea-4502-9ba6-856f5111ecac,bebfe356-4321-40a5-ad0c-4d340134a567,DELIVERED,2026-08-08
f0085fba-a778-44f5-a7bb-4146164af77b,61d6e662-4da1-47bd-a94a-9ac2700a6051,DELIVERED,2026-07-06
58cb02ec-e68b-434f-9eaa-151c310007c7,042506a4-4dd9-4219-8b93-feff55e590ed,DELIVERED,2026-07-05
984597d4-3e3a-4c90-992f-e7fc678779b9,1b7a77eb-6d27-4bab-8821-0ae651a6f260,DELIVERED,2026-08-01
c76aac55-93bc-4b69-ad10-36220b434dc2,3197f341-ad9f-4779-80ac-f8f5fbfc9847,DELIVERED,2026-07-06
cac78c78-041c-41bb-aeba-db722a685d62,195adcb9-808e-450a-875b-52053d544cd2,DELIVERED,2026-08-01
22520a7a-80b5-4890-8ee8-edde3a92ff79,f9d21db3-e343-4a50-b587-14cf2705fb7c,DELIVERED,2026-05-26
89913649-fb36-4100-8107-e84c00bba99b,165e0381-ee52-45f5-8c32-c78b4998c1bd,DELIVERED,2026-06-23
9c0e0562-07c6-4e08-b607-2b59e4b4112d,54fbd5c4-dcba-4e02-b6f4-acc543a28563,DELIVERED,2026-07-26
f1126297-0740-4476-b56a-84264392b6de,cba4b991-3aec-4975-98a2-a7b43cad3268,DELIVERED,2026-05-26
c5cac9ad-5e47-4a28-a2b6-b499502a687d,61338154-377d-489c-9dfc-a353dee32138,DELIVERED,2026-07-25
81d2382d-e123-44c6-8924-e3a6b8f6cc96,81e07f09-6f51-4ef0-8ed8-8485fb6e063e,DELIVERED,2026-07-13
d4c0a578-a7a0-48e8-abdc-34e992f58b06,ea70c55c-4c0e-4986-91e0-425c37e06966,DELIVERED,2026-07-01
d9e83638-af61-46ad-9cb8-eaf14f3b12e3,3d5b2211-0128-42bf-953b-108d8ca6badb,DELIVERED,2026-05-30
a4b813cc-5cba-4203-a90b-86ba74774d0d,c685fbfc-504a-450f-80e1-be6237e063d5,DELIVERED,2026-06-09
e36f3f9e-6d8a-4e97-939c-0a0987811c72,6a791019-87db-4a38-8e4e-e3948c62c62e,DELIVERED,2026-06-30
e96d7c0f-c3e8-4634-a799-98de1095ffe7,86d3f6c2-3380-4f58-9acb-113f5c24b6ac,DELIVERED,2026-05-27
b3c6d55d-27b4-4048-8cb9-9173563eed30,a3b3501c-a45d-4822-b706-e21e50bbe1e6,DELIVERED,2026-06-25
72b36285-9bec-4039-9e84-e97aa3ea77a6,0905cabb-82d3-444e-a165-3ad343b8e2ff,DELIVERED,2026-07-01
986843a7-b5d7-4b65-8019-bf48ee2d2358,8ace022b-19d9-4633-9c5a-cfbab6435f57,DELIVERED,2026-06-11
7c277f29-5199-4b9e-a4c2-8d90ac93f6d5,1fcdd6bc-a82f-4939-b3ed-9ab032f39169,DELIVERED,2026-06-24
fb4304ca-1e08-48aa-9396-479eee020374,7f9842e4-58bc-4f59-bddd-bb1b563e03c8,DELIVERED,2026-05-23
94b7a6d5-e35a-4f56-848e-b63d1dfddc64,b631c050-ffc9-4c3c-8e30-f6e949c814ba,DELIVERED,2026-07-30
f600c84d-1ffb-4fce-8e4b-3b8b716ac804,9d976939-2faf-4f9c-b768-81e31763df73,DELIVERED,2026-06-06
17bf0dce-cba0-43e4-8a45-effc83beb151,40f327b0-f381-41e0-abcd-54861bf4b46e,DELIVERED,2026-06-12
054bec3c-0c2e-4a94-a5b1-37674af6b026,defd59b5-a704-4182-90f6-a245fd75c890,DELIVERED,2026-06-24
4755e62a-1bf2-43a3-89e7-27e21cdbba15,bc5332b3-c968-459c-bccf-c079713cc4f4,DELIVERED,2026-07-06
9afb314a-0b98-4cb0-bde5-19ee2e1e92c7,24d12dae-f878-4680-b73e-4a49a54c823f,DELIVERED,2026-08-01
f2f9b35d-38f8-4dae-a050-f4dc2710f96a,5a098b94-6f58-46b8-bb36-89a1069e3bcf,DELIVERED,2026-06-12
16de4e71-c012-44ea-a179-bab740a2102d,0428bf23-0089-4d48-ac04-0a1ff9ecce44,DELIVERED,2026-05-28
c353907e-f805-4141-9bad-ceba906552cd,7061cc8c-e178-4038-bd64-74778542ba21,DELIVERED,2026-06-16
01d20f97-bbf3-449f-828c-c78e2e2f6a8d,28a31161-cd19-436d-affb-574257a9aac2,DELIVERED,2026-06-17
634a770c-f086-444b-b5d3-d0d17568ef9b,4d8dddd7-c384-496b-819b-c123f047dfc0,DELIVERED,2026-07-05
d981857f-fe5d-4bcc-a2dd-00977a420499,bfeb26da-ef23-4be5-9525-baa29a90fc65,DELIVERED,2026-07-06
22545a7d-8bed-477c-abc5-1fd9401e541a,14424701-6df1-475b-b75e-d12bf30eb3dd,DELIVERED,2026-07-28
8e2be11a-696d-4c94-af6d-a44fc10b54d0,8b2692f2-d128-424f-9cb4-de69b2be87cf,DELIVERED,2026-06-23
87fa36d4-0289-4852-9d69-c9912eea1b5b,eef8a17e-1290-4ff2-ba0f-a5e45d1e5ca8,DELIVERED,2026-08-13
f55deba2-e047-460b-a691-b56819db375e,fd77954c-58ca-4a18-99d3-0768e793a9ee,DELIVERED,2026-05-28
f617cd2b-9914-48dd-a9f3-0b35c660794c,de97228f-8d1e-4860-b19e-fd47cf43e076,DELIVERED,2026-08-03
dc1b20c6-c9d1-4d50-9b25-3e115bf1167a,7563ae68-d8dd-455e-8554-850ded6807e4,DELIVERED,2026-07-26
abfac5d4-273e-4708-ba50-6f363dd2782b,f9847e28-dfb0-478d-bccb-fa7e65b5b849,DELIVERED,2026-07-10
98c0303b-8def-485e-8d22-74e4b594562f,127adf2a-2632-4635-8edf-d4fead1fe27e,DELIVERED,2026-07-22
fc347367-f265-44ac-b415-c9d41a5c0b35,860bff2e-0d94-47a0-962b-c58a08299eec,DELIVERED,2026-08-02
f9ceeeca-25ce-4c49-b19f-84af4230c4ce,f0c6db5a-11ab-48db-b3ad-2bba177b9fa3,DELIVERED,2026-06-20
1bdfbab0-e3e8-4361-bbce-6410d0952564,65c4bd4e-4f2e-46c7-aade-cf48a3022250,DELIVERED,2026-06-11
130ea6a0-95e7-47c9-8c7f-70d840484cc3,19ddac78-e9ef-41c9-aa4a-9708a643788c,DELIVERED,2026-07-14
b4f18444-fcdd-4247-bfee-a649b68b05ef,f573993b-83ff-4f21-b157-b054473b14d8,DELIVERED,2026-07-01
ed186cb5-d274-4703-8310-20b1ff7df7d9,f4d56ebd-4f1f-4933-bc31-db8b7fead500,DELIVERED,2026-08-15
6455eb67-0ec0-40df-84bb-19ba1cd96c5f,d6087221-1992-41ee-af7b-d5fd9bafaa94,DELIVERED,2026-06-28
0594ef75-59e4-473a-a5c5-c29941d54b34,a2895f71-f1d8-472c-a7c0-2d7eaae080b5,DELIVERED,2026-07-30
38e4456d-88eb-4b51-8634-9e98ba048a65,361457e9-3e3f-4b2a-9990-d0e02fc6568e,DELIVERED,2026-07-30
1f0bfb0a-6a31-4607-8fa0-38e4a5497d0f,326aa684-398d-43ac-9103-851109afb733,DELIVERED,2026-08-07
b11368f6-333a-49ad-890e-c491cf13d291,668bd7f8-3187-430f-a762-61df3797ac45,DELIVERED,2026-07-24
b409e255-3fd3-4fa6-ba68-d5b5e006876d,4944593a-04e1-4ad3-bc5a-f6b86cc6f337,DELIVERED,2026-06-02
93f287e8-023a-4b44-b983-912d6aafc9f3,326aa684-398d-43ac-9103-851109afb733,DELIVERED,2026-07-09
96badfdd-efe2-4a0b-88f9-4f5094b8b2e3,9d9113d4-6e59-4803-a98f-af30abd2e8e2,DELIVERED,2026-07-06
fb6e9e72-8dc2-4a32-a880-3009315ae0cc,543f4dcd-4e10-4a2d-ba91-88253ecae0a7,DELIVERED,2026-06-26
24b3d715-9269-4a26-aa1d-4f061ac2afc9,95db8c86-423b-42c8-a97a-e95aaa679947,DELIVERED,2026-07-20
14cdf061-5aca-426c-bc6e-bace6b0d0ee8,d70af671-ec54-4bc0-906c-eb81d2194e64,DELIVERED,2026-07-11
5345a352-4a95-4a42-9b2e-3284921cd8ba,0f198b4b-f53b-4009-abc6-88f1a5677adb,DELIVERED,2026-07-15
134cd43e-4bcc-478b-bba9-f4ea4b03e536,9929bd66-f3e6-4ec6-b0dd-422c80886332,DELIVERED,2026-05-24
eda4e11d-372c-4fc5-a635-692e47b302d0,0eb85341-a401-412f-9562-5e239fb3cffc,DELIVERED,2026-07-20
bf4a4bde-9b0d-4ee1-90ae-0c6990ea2013,14028994-edf5-4bc7-af1f-c51ab894c0bd,DELIVERED,2026-07-03
6f795828-f3b7-4255-8bf4-999e6decc001,d69e4509-88e3-4c8a-9613-9d1ad54c3ec6,DELIVERED,2026-07-23
a33423ea-02ac-47b5-a653-23fab0e8db0f,90a148e3-b993-44b4-8798-29dcb4351058,DELIVERED,2026-07-19
1e827a35-dcab-4695-9e43-77636984a415,fa8041ad-2ef6-4ce5-a6ff-8a265a005fec,DELIVERED,2026-07-14
deecc190-c6b6-4ac0-b791-d05b7611c704,12405024-5419-4cda-99a6-b8d7f16e36c1,DELIVERED,2026-05-23
286e841b-e6b5-404e-aabd-6c40ff43c50b,d38dc97f-3bf1-424e-bd5d-fea8516abfde,DELIVERED,2026-07-18
683200f1-3f85-4296-9e6b-b7683068d6b6,d75a1305-1ac4-45cb-84a6-cfdd1d46eb0e,DELIVERED,2026-06-09
86d9e7bc-638e-4ea8-bb71-7685aee07629,c64d4383-4625-4418-be85-d25652cebe23,DELIVERED,2026-07-07
dfb71ec2-c282-4004-9203-406df046d757,c7a662d8-070f-4681-bae3-adbb5f85ee51,DELIVERED,2026-07-23
5b88eb20-8eb3-405b-b4c9-444e976a50d3,234df7fc-7f86-4fd2-8962-a09fb0cd1484,DELIVERED,2026-08-08
b71ab50c-ed61-42f8-b8dc-6e75c60e2e68,cd149899-dd8e-442b-b583-d794d5025e02,DELIVERED,2026-07-30
f262ab00-d6bf-471a-a0b8-463cbca424b6,8cbac20e-168f-43e9-bee0-72d885b19728,DELIVERED,2026-07-06
99bc4cb7-2f2b-449a-b5bf-c8d5558dc9f4,990ae864-f42a-432f-9416-eb4a5e75d65a,DELIVERED,2026-08-16
4d97509d-6cc2-4592-aa29-18305a7212d5,4e600597-7ffe-49e8-aa50-53de12513f35,DELIVERED,2026-08-17
32c64b38-e0b8-4c2b-8bfe-4619c7b88cf5,668bd7f8-3187-430f-a762-61df3797ac45,DELIVERED,2026-08-13
83927fce-f4bd-42e8-a82b-51a7840160fb,23800034-452d-4d59-b734-bf5df8e98c07,DELIVERED,2026-07-13
0e1bff49-0ca6-4e02-a5ec-b4b7bfe0f595,c199d93a-5743-48aa-91ca-60a062286524,DELIVERED,2026-05-24
526e769a-1b33-4349-bc9b-7348aae2300e,c9153aaf-9459-45bf-9c8d-6c5af727a562,DELIVERED,2026-08-09
c2599eb6-541b-42b5-a4d0-132c9a6e1a80,82690683-9370-45c5-86e9-b92885cc812f,DELIVERED,2026-07-01
1d655a87-d210-4382-abc7-3ba70139feb0,440d7f23-3b65-4187-aeae-2815cea1a302,DELIVERED,2026-07-17
6035c74f-ff89-47a2-bc09-8e994ec32809,15dbcce3-df98-43b3-a9db-9152d2a1661c,DELIVERED,2026-07-11
d8be865a-3d13-459c-9568-ac21eb88403f,bc212d5e-4309-48b3-b93b-86a3005017ee,DELIVERED,2026-07-10
baa52dc4-3c76-4dcd-ae59-9f55527be574,cd3d4837-62b5-4cb6-99e3-8c01f568c1c4,DELIVERED,2026-06-18
a924331f-db5e-4fba-8d5a-ce8030448a69,df10a5cd-75d7-4f35-9927-1e559eaf1c10,DELIVERED,2026-07-10
2198448f-e5e1-42c6-b0f2-7e340d8a389f,eca7306d-9b01-4490-b41a-608a37d3b593,DELIVERED,2026-08-16
bebc18f8-33e9-49a9-8bba-8b014260e5a3,0eb85341-a401-412f-9562-5e239fb3cffc,DELIVERED,2026-07-08
b4294b3a-7609-4290-917b-1eee349e0847,eeff558a-b6a3-44f1-8361-89af76cb5c15,DELIVERED,2026-06-14
3f79a2e5-ea28-476b-a3ae-c8198fe8a21d,6a1bf9f6-79f8-4295-94e4-a9a79b714865,DELIVERED,2026-08-12
025072fe-1bf5-4842-b7c0-4c28b7a5f0cc,96d59337-b03c-4ee6-aa92-3b7d20313b62,DELIVERED,2026-08-09
41986a8e-c2fd-4a6d-bb4f-1de5b61d9133,9ffaadc1-775c-4077-8bc3-42533d1ec44b,DELIVERED,2026-06-25
e931a163-f55d-45ef-8a04-80dc0028e98d,edad6e12-6dc4-4a26-8f80-456e8acd7905,DELIVERED,2026-06-23
31821f11-3d86-4c07-ba0c-35805869da07,a68d206e-94d9-4209-8dfd-b2aed1392938,DELIVERED,2026-07-16
3b944847-9be0-4c23-a94e-325357dd59d8,4a493799-998e-4320-b1fc-860191048410,DELIVERED,2026-07-13
256125e6-f967-4d14-b070-37c4899e4e91,b8e5832e-83f7-41a1-a615-c7fcc563c410,DELIVERED,2026-05-30
fa3f1e4b-bc1a-4d69-9f99-cd363655eacd,2c6deb57-996b-480d-b882-65fe9b3a7e39,DELIVERED,2026-06-05
51521b42-a691-40f0-9984-8cffbe6a2cd3,f016addd-a9fb-4130-a14c-d065afb9746a,DELIVERED,2026-07-15
e7bacf46-3f27-405d-a71e-a27aaef73274,e9070913-5ab8-4e13-a23b-63921b3e04d9,DELIVERED,2026-06-30
44736e51-6b47-4c2b-9fb3-396182ffa817,ac471707-5694-43ea-866e-8c3cc3ca5ef1,DELIVERED,2026-08-08
e1fb2bf8-0bf2-4411-bd7c-bc272b8392ce,6a7d2b38-7ad2-426d-aebc-9d7812e9a275,DELIVERED,2026-07-20
714c699a-989d-4ea4-ae95-0070d5ae8499,e1e79dbd-7d90-42c1-bdc6-fbf2716bcd3e,DELIVERED,2026-08-03
7ce8b040-eeb1-42a4-9e14-83bd5d3895a8,5c699bf3-f32c-489d-8963-89cfa660bf26,DELIVERED,2026-06-13
63fc1c47-b801-45a4-9f70-42b5d2c6932a,a61ac25a-dbdc-49cb-ae32-891c6a541af7,DELIVERED,2026-08-12
dd28eb5f-d0d4-415a-9c4e-89fc25741443,fdf11e69-fa1f-42fc-be24-40d15d707361,DELIVERED,2026-08-10
2afae3f9-5937-4553-9a56-3bb1c4907785,b8dc1909-c895-435c-b7d3-6554997f6317,DELIVERED,2026-08-19
fea31805-51cf-4366-ab04-b91e195602ab,384f8311-2983-46e1-a515-bbab3e1ca1a0,DELIVERED,2026-08-18
300467cd-ce4b-4b1a-8154-2f7b74180832,86b8636c-86da-4895-a4d1-069cf15ced1d,DELIVERED,2026-06-15
1b41f2a1-a92d-4a5c-92b9-fa0c9c076508,2d01a16c-eb6d-4666-ab6c-2647d1027e0b,DELIVERED,2026-08-19
32a46ea6-2aaf-404f-ab7d-498123c7948e,cb3e2bb6-a8a0-4738-aca1-bfcc57ea8733,DELIVERED,2026-07-04
7477ef75-14e4-4c1b-b3fc-e609151d748e,8db8f883-2aa9-459b-adc1-cebdfc680528,DELIVERED,2026-07-04
bbe47ca4-0509-4053-90bb-4313adfa747b,d9691072-ec02-4a62-802f-7d18077ce55c,DELIVERED,2026-07-31
ab57bc8f-96d9-4908-ac9f-74e6c9d15e26,42c6769f-d213-4660-bb80-a496ed9a7a81,DELIVERED,2026-06-11
8e9f71dd-c832-4176-afab-66711c7a6599,bbee3bf5-96d6-4bc9-9063-020a17a74865,DELIVERED,2026-07-22
e05f0d87-cdd2-40a5-9e1b-77263c28f0f7,9ac7dce5-4c5c-41ff-8c38-e0216eeab689,DELIVERED,2026-08-14
bde9d448-dce0-47ef-8b88-f0dff6653fef,f61bf4a8-e2a9-40f2-96a9-c6dd8555c6d0,DELIVERED,2026-06-13
ca7afd07-65cd-4c81-b27d-3fb6cdcc44e2,2231992a-0b4a-4f19-b25e-7ff3b7f14d17,DELIVERED,2026-07-25
6dc0ac83-a96e-46b2-97e8-58bfb5461e29,efc275a4-96bd-4c36-af13-c64507d3b1d1,DELIVERED,2026-07-25
a2483bb9-9ec2-4c1f-9225-09eba80c0374,bea86856-ed3f-4e96-9e23-4b936592acbc,DELIVERED,2026-07-01
4c3cf051-9c66-4801-b9bc-0b5223f18dea,c7d7dcea-60a6-48d1-b01b-ca5e50f780ca,DELIVERED,2026-05-25
b8f8b6bb-11ef-484c-9aaa-92d67d3b14f1,9431176e-3925-4864-ad21-79b181e09000,DELIVERED,2026-05-26
2f86d206-d8ec-4189-b91b-59091dc7b324,0924c208-348d-4c4a-8e8c-c456e696eeb1,DELIVERED,2026-05-25
dba3d7a8-b3d6-43d1-b353-47f26898138b,9f18daee-376f-4d1e-90f7-8f3e50b78bbd,DELIVERED,2026-08-18
37bd437d-e2ff-43ea-8fee-d8cdf8e53f99,ba578b26-f8ab-4199-aa08-910deb54415b,DELIVERED,2026-05-31
9b275d9b-dfb7-4c91-8d95-94e1acb3f963,33968271-aa72-4d9f-8619-9b315415a9ea,DELIVERED,2026-06-20
770ccebf-2803-4939-abb3-b3aaff88e6ea,f122c8e2-88a5-410d-bedb-efdcb99690c2,DELIVERED,2026-07-21
6120e6bf-0af2-4dfd-b172-0f8eea3be612,7ccd3b00-5536-43c0-a2a8-27ff14cbb402,DELIVERED,2026-06-26
a8e9a9d0-6ab3-41aa-a9b7-39dfd9e4db20,9ab85f81-c1c8-4ef5-b3b7-04dc6d19c4a2,DELIVERED,2026-07-08
6f7b20d2-6162-468c-8d95-ef4f6c71b2cf,35672502-a9f9-4008-a283-f30311fa75fb,DELIVERED,2026-06-18
307cfe17-f249-4e40-9192-499a5f0bd3a6,e8a5fa55-f866-4d71-b845-bd2dd4ca8832,DELIVERED,2026-07-25
d552779a-5eeb-40f1-9cbf-0499f1198b5f,60c0e3fb-5c24-4c91-9580-6e3ad7a8aa9e,DELIVERED,2026-07-23
c7466350-3ab4-47f7-810c-f1f897bd2443,3ef98cde-66ef-4405-a741-b036102a39b3,DELIVERED,2026-06-24
5713cc9e-f968-47c8-910a-60a331b4e851,318958e3-8ef0-4302-9ec6-9fb0970bd938,DELIVERED,2026-08-05
19add435-3f7c-421c-9da3-7413e24768b6,9f3af1fb-6b3e-447d-8cc9-62cab5592cfb,DELIVERED,2026-07-28
1e5b5adb-5115-49ef-a91b-09d5d85e8533,ccf995db-1ae6-488e-8fad-8e8d4286ebcc,DELIVERED,2026-06-08
07dc2051-94e6-4296-ae3a-014a87c7f18d,0f2a7d75-9cf1-4b43-a74b-576103d03e1c,DELIVERED,2026-08-06
0bc5967b-fdfe-4791-9e1f-c9efb40e0894,7d55a9e6-faa0-4809-b1a7-0e2fcb1e4072,DELIVERED,2026-07-30
c7cc5fe8-e074-4357-9028-56e167b1e6a2,dad6f20b-10b7-45c6-8277-a326e6762f2e,DELIVERED,2026-07-03
86e5fad0-5fc8-4a0b-a956-4b7eb856e30d,936dd0b2-21e2-4082-adac-8e09b4b554cb,DELIVERED,2026-07-13
ec5063a4-730f-418d-8b95-c8b5d91d4451,392cc06e-591d-40fb-932a-591102131b52,DELIVERED,2026-08-11
b3feb763-b531-4dd7-b8c0-b1944b915b17,5a0335da-94f8-47db-bc17-4a16228ee97c,DELIVERED,2026-06-16
956870ae-3570-42c1-a744-50bb22f42e0b,6f0011f4-e04e-4a1f-9cff-57d44f71c3a7,DELIVERED,2026-06-13
785e24fd-59f7-406b-ae33-026643d846a5,e2cb9848-a391-40ae-9f52-44bbd775e651,DELIVERED,2026-06-12
893055e1-6a41-4950-b1e9-0791603b160e,83db35d3-290b-4459-a3fa-762802e73335,DELIVERED,2026-06-11
8cf90958-da75-4892-8269-6ac18b85036f,2832e101-ffb5-4bc9-a5c9-1ac7bca7bace,DELIVERED,2026-06-12
fce9a6fb-246d-4fb0-b041-a35a5a319c5d,791a4b9c-1ee5-4797-a05b-45081574c58d,DELIVERED,2026-06-14
22ec34c9-67c3-498e-9614-8bda51f9b063,3a6859fa-a9d7-461f-8950-7b8292126457,DELIVERED,2026-07-19
bb3a28ad-5d0a-45b6-a20f-77feb0228e11,51af7526-6729-4461-aaa7-c7d540e3ba5c,DELIVERED,2026-07-17
a34d3a12-dcd4-4602-b307-c147ffece6a3,5019d6d7-1f69-495f-9411-0c9bfb441ae0,DELIVERED,2026-08-03
8d904747-d445-4cd1-a007-5da4ee9bc60c,2f69ca54-d18b-4b3d-8378-7745a7e0a08c,DELIVERED,2026-05-31
4734f1d9-acb0-48a3-a80d-51e7fe756d54,71ff7d75-0ac2-491b-89c8-36220f688e03,DELIVERED,2026-08-16
532251e3-ea49-4170-b435-6cdfacf1b623,d5d5e3cf-0169-418e-b1c0-298e23df8d89,DELIVERED,2026-07-10
7de087b8-865f-4f8e-ba16-24846c0a82bb,af31b0e8-8d80-4796-a259-afbb51361ff1,DELIVERED,2026-05-29
3e580433-bb4f-45d8-81f9-781f9d88fba6,8af90d05-1919-4e45-b41a-9d6ea2676dbc,DELIVERED,2026-06-12
7bcfb30e-c1c5-4a9a-b20c-a0b87d30edef,850579a9-3659-40c4-a831-0f70a4cdc6ed,DELIVERED,2026-06-18
54882cb5-75bf-4e88-a68a-070ae7d5464d,b8e5832e-83f7-41a1-a615-c7fcc563c410,DELIVERED,2026-06-21
b17abb6e-3f0b-4b28-aec2-4610954f4148,bc212d5e-4309-48b3-b93b-86a3005017ee,DELIVERED,2026-07-03
884bb313-eb2a-4fd4-a823-063923716a85,72ab5fa2-ffb1-4194-b8f3-fc13bedfcd2c,DELIVERED,2026-08-13
1f4aca0c-0139-4358-ac31-f346018ae982,0e9f28b3-8fc3-466c-9c11-19f46906c121,DELIVERED,2026-06-08
7e9b1b06-de49-45bd-8851-7b19f5db81c2,d5cad75b-49e2-415b-a5ef-7b5dba733726,DELIVERED,2026-07-04
80e9edf2-2dcb-4ece-bca5-48047d67925c,7993792f-f786-43f9-a803-5c4babf86b06,DELIVERED,2026-07-25
afdad9c0-e78d-4853-9f87-e311e7853354,40fe3f48-da21-4d00-83be-9aeaf8bb676e,DELIVERED,2026-07-26
a22a2b23-dc31-425c-80b1-7aead13c5dca,b5893949-bd6b-4514-ac0b-a288445a750f,DELIVERED,2026-07-30
0ceaa996-97a1-406c-889c-ba99c3ed31bc,dab9a68f-229a-4e28-8955-4d73d2227e45,DELIVERED,2026-07-24
e216aa84-0222-47fb-bf7d-0ad05b8c599d,db27a4c2-6bf3-45aa-879a-969640831e05,DELIVERED,2026-07-14
0a10e415-6e9f-4438-ae68-08389bac6469,229f3622-c559-4dcc-8336-23ba47647025,DELIVERED,2026-05-26
123a025c-a620-4fab-812b-df3a3394d9cf,8b836ee6-ea73-44ef-a78c-84b71e862d3f,DELIVERED,2026-07-09
ef5f944b-1ab1-415d-947c-4a24499f5cc6,09fb6d69-50bb-44c1-a29d-6c3ca1b3599a,DELIVERED,2026-08-15
a0e63088-6622-40af-a525-c17ca6c9f376,15b9baa1-4199-457a-82e9-c3a542cd31b0,DELIVERED,2026-08-12
ee1dd4f3-70f6-42ef-ad51-e59fde30405e,3ec68598-82b1-4103-a029-1cd4a2fd0177,DELIVERED,2026-06-12
914a9081-abd8-45cb-9ef6-c1189b113d49,0b661dad-f243-499d-9557-54b4b22b377a,DELIVERED,2026-06-22
f778e6db-e3bc-40c3-8daa-9962b4ff560e,7efc621b-4a4e-4f4a-99bb-4baadb9e62a3,DELIVERED,2026-06-08
9278e0af-5793-4497-acc7-9d3ae88ebc57,76834c58-bbc2-4c33-bb69-31a7de851f7f,DELIVERED,2026-07-22
419e7ac7-100f-4c92-b69d-a2a2759f745f,f1256b12-4f81-40ab-a3a1-c927b59970af,DELIVERED,2026-08-15
1383ba5e-2f23-4522-8eaa-593999984088,86b8636c-86da-4895-a4d1-069cf15ced1d,DELIVERED,2026-07-24
1d292fc5-bed7-4728-aa4b-ba8216daafe3,3b331fc6-76fd-42de-bf23-2ef6e0c8e60a,DELIVERED,2026-06-21
e6709717-2b68-4bd4-80de-47c9cd779e67,9ac7dce5-4c5c-41ff-8c38-e0216eeab689,DELIVERED,2026-07-24
28ddcd59-2b18-42bb-8a12-1e3afc079cbe,6a5d92da-efee-4f50-9afa-2322c954b0fb,DELIVERED,2026-05-22
dcc2fb58-9479-48a8-8460-a31fd32aab44,a054731a-138b-48e1-b269-d4279fc32bfd,DELIVERED,2026-05-27
68f04f59-009d-412d-88aa-31f462428614,7dd5a30d-204c-494d-824f-37c1a7ff4bf3,DELIVERED,2026-06-18
8f21710a-373d-46c8-bab2-27e8f36a04c2,0b2e452b-6a85-4050-bb27-a521aa395bbd,DELIVERED,2026-05-28
81690ca9-3b3f-421c-9857-e0169bc58be1,031eaec1-2d5b-4189-800a-357eb87baf33,DELIVERED,2026-08-13
3541d353-d476-4376-a0d3-857d4813389d,e4bc169f-0045-4de0-9b2d-d95171fadc5b,DELIVERED,2026-06-11
63942e83-f538-4208-8d5e-8bbdffb05b5b,0cf9a267-1d22-452b-883e-5d2652c20c10,DELIVERED,2026-08-17
5a4bf05a-00a6-49e2-af15-6793ffd8b4e8,140414fb-d7b3-4a76-a61e-1881813c6487,DELIVERED,2026-07-24
c946abf9-3b1e-4086-ab2f-a6ae128c295b,1b69bd60-f123-49c5-a4cb-19034256b638,DELIVERED,2026-07-18
5613a3ff-adbc-4112-95f4-e73a0a49b870,70858a09-2e7c-440a-a7a0-bcba27ca5fac,DELIVERED,2026-07-06
1d0cc4a8-ad30-4eeb-ba5a-67e0ddf9a953,c626fd87-9915-497b-a0bb-ea8678007d34,DELIVERED,2026-06-30
6b6efcc4-4054-4ac3-9cb0-94cdfc8e05b3,2d67b4d3-6820-4ac7-85c6-5bd7f5674c43,DELIVERED,2026-08-11
79ab59de-0220-4318-adef-5b8a38818310,36d03bfb-ec6f-4cf0-a691-e62783ae3802,DELIVERED,2026-07-20
065b5608-a7e3-4ed3-80a5-9024187c2a72,3ee3b35b-6f8f-4913-9759-218f5c78bc33,DELIVERED,2026-08-03
25c0b235-b13b-45ee-9e6e-deb5f4d9fa9d,09a8b5a4-346e-4fa4-b8e8-4f01d456eb2f,DELIVERED,2026-06-06
4125d5ba-6e8a-466c-aa4d-908f627ad439,9ffbfd23-b0bc-4ee5-80d2-b20dc0e9170e,DELIVERED,2026-05-29
d7ea512a-0de7-4024-b740-1aba59025488,90a148e3-b993-44b4-8798-29dcb4351058,DELIVERED,2026-06-10
811afc54-88b6-4ce1-af5f-eb44f33320dd,796681f9-c44f-42a7-975d-6628835580d4,DELIVERED,2026-06-22
585b22d5-5aaf-4694-8c7f-b1edcceb69c2,8e919282-d6fa-4959-ad49-224227ed9edf,DELIVERED,2026-08-06
114191fa-7197-470d-bacd-225a6437b633,392cc06e-591d-40fb-932a-591102131b52,DELIVERED,2026-06-25
0e8b7333-008d-4e2d-a1e8-3da621cb7875,2091ce36-0f30-4873-ad4f-f1718acde8ca,DELIVERED,2026-07-31
a4638a6e-326d-489a-9ed8-14106f55b5ad,3680e415-a483-4bbf-b0fb-56df59b1b26a,DELIVERED,2026-07-03
4bd9f060-88c6-4af4-a8da-175e001f02d4,695e3b66-29b3-4903-aa98-312ff8fe479b,DELIVERED,2026-05-28
3dee72e2-ff9f-443f-8954-529ea92df6c6,6a3b8977-f950-4d9a-b8d2-30671dcdd675,DELIVERED,2026-08-10
8ced70d2-a033-4db4-aab0-7b5a9f8fe371,9ac7dce5-4c5c-41ff-8c38-e0216eeab689,DELIVERED,2026-07-30
0a06556d-c609-4202-ae36-7cfb6831bb2c,0681271e-c5d6-43af-9323-ec71aeece3ce,DELIVERED,2026-06-09
f234e572-8c2c-4139-a034-05d16e4e5155,dca263d8-b122-42ec-ac3c-61b2d2c36b08,DELIVERED,2026-06-10
46337479-52e2-4a6e-afa8-299257baaa13,51727f71-55ce-4e25-9e32-71163b9cebfd,DELIVERED,2026-08-18
00519020-7e08-4846-b233-a4f5ed256eac,5e3b2737-517e-4380-a81d-41c3cd590e71,DELIVERED,2026-07-05
a6fec51b-226b-42bc-934b-c814830c2d01,2d1383ab-2c89-45c3-9e4a-06ad2851dbef,DELIVERED,2026-07-16
2c53dcfc-27a8-401c-98dd-eee213c97b61,03502802-123e-4b81-9660-f74c6082aaaa,DELIVERED,2026-07-14
102ba172-e4c1-482d-90d3-d6394fd59bf1,ee1bc306-3b8b-44e4-ab46-39c7c5126444,DELIVERED,2026-08-15
188dc6d0-913c-423b-9ce5-aa3b269734be,3b0d939d-e2d5-4c48-a5c3-d451836ca370,DELIVERED,2026-06-18
e03be636-7f92-4c97-96ee-fba4853a1ff0,ffe983c3-3801-4137-866a-d89b16f90ccd,DELIVERED,2026-08-07
09ee62cd-be98-4f44-b613-522709dcc2cb,98dcb382-1f69-44aa-8591-a4f58c854ba9,DELIVERED,2026-05-27
450e853a-90d7-4547-a9ca-5eb04773d0ca,15441985-059d-4550-be75-1d6988b40da7,DELIVERED,2026-07-13
a0bb8ffd-81ff-4214-8d9c-9d95526927b1,110fead0-5c7e-4a2d-aaaa-f6bf6cf06797,DELIVERED,2026-05-30
c830f57c-e46a-4c78-bda1-926097c10a42,c6a94759-6913-4a7b-a511-f0a03fdf7255,DELIVERED,2026-06-10
3fd184bf-6fc7-46f2-96bf-ec9e0c1dba6c,d0355456-a002-4b77-a512-c81e48309128,DELIVERED,2026-07-20
67522d4d-b66c-420a-9458-75f5926a58f3,d614d71f-4c86-41fd-a846-dc5a2a2c4e11,DELIVERED,2026-08-02
3d5f016b-98c0-4f19-9cac-985d0c67f1e7,109618ad-0da1-4d2b-9a2e-af3cf258e653,DELIVERED,2026-07-28
aaebaf3b-1b28-47bd-94d8-99cfa08372b8,b85a2424-8af2-4ba2-910e-9e85e1e5361a,DELIVERED,2026-08-18
f26d9a11-e23c-4df2-bd4f-4dbf295db064,eef8a17e-1290-4ff2-ba0f-a5e45d1e5ca8,DELIVERED,2026-07-07
2f8e5d39-4949-416f-a5c9-fe30fcb61bd2,16208bf1-c2eb-4739-bbe3-834a95c245b0,DELIVERED,2026-08-17
a9e2421e-c1fe-4d27-b621-a217fa9e9f28,a8180b3e-be25-4411-b952-668869f6b01a,DELIVERED,2026-07-13
d4efacdc-ff6f-48af-b2c0-09ba77e45246,4a493799-998e-4320-b1fc-860191048410,DELIVERED,2026-06-24
e4accfd1-4da9-417c-a20b-09b7a9efe897,318958e3-8ef0-4302-9ec6-9fb0970bd938,DELIVERED,2026-07-15
a8da7705-2a3b-4848-86f8-ce9a78581eee,9fcec5d7-6372-4165-bf38-0ae0f8839233,DELIVERED,2026-07-23
d4c31059-fe31-44d7-9d00-60ed4fe1a966,d50fe1ff-379b-4864-8181-4a7b82c9038b,DELIVERED,2026-06-17
02462dff-4e7a-40b3-9f79-5dcdfb1c3a4b,ccf995db-1ae6-488e-8fad-8e8d4286ebcc,DELIVERED,2026-06-06
c8f7ac5f-7e9a-4ff0-9b3e-6a9e884bb81f,02bfe0eb-885e-457c-9e11-12ec2e36c30c,DELIVERED,2026-07-16
cf55b90e-c5bf-4232-beac-3b8b0526e800,89a5ffb7-9644-4d3a-8874-6994ff8bacdf,DELIVERED,2026-06-05
0ac84da7-21d6-4b30-9aaa-ef40a0cb4123,92ba2085-8c90-4b70-b2ee-ef5bbfda50f7,DELIVERED,2026-08-04
463f826b-0b55-460c-b218-f009c0e2c459,5d7f6d9b-720f-49ac-be69-8bcc143d999c,DELIVERED,2026-06-14
99ee3d44-b323-426f-903f-9f96665f28e7,9c5132b1-f837-4cfd-9953-e33acadb068a,DELIVERED,2026-06-25
0385623c-a394-4a4c-9322-92f534942512,2cbeb1fd-2db4-48ac-a1f1-03f5edfea4cf,DELIVERED,2026-06-07
f0f798d5-2682-4c0e-a312-b9118ef37db8,7ce4a8d6-89c0-4bea-bbce-38e18ff1798d,DELIVERED,2026-07-28
39134cc9-c9cb-4c7c-95fd-b833214fb265,5b667684-363f-4384-adab-7ea84485437a,DELIVERED,2026-08-14
9bd23b7b-1945-4d86-8b2f-278a0242bb97,a69ad1c7-d19d-4f8c-b431-1b0d1177b8a8,DELIVERED,2026-07-01
fdda58dc-6f62-44c7-91b6-f817c787049d,006fab4d-4522-4ec3-b12b-416fd5417830,DELIVERED,2026-07-02
53c332f2-297a-46bc-b1b6-04f2350ea4c9,6a3b8977-f950-4d9a-b8d2-30671dcdd675,DELIVERED,2026-07-22
f823d4c4-268b-40a4-8e08-e8e2e48dd316,9ebf5a5e-e7a1-4879-b83a-05d528889bb4,DELIVERED,2026-08-05
e4835276-f972-4edc-b3f2-3967b9d9215b,e326553e-d49e-4708-b3f0-648ba9adaf4f,DELIVERED,2026-08-05
11b6000a-91d6-4de6-a766-391e991ca43c,727d67e2-7b83-453c-a77a-25ac43162902,DELIVERED,2026-07-16
b27b1d67-d580-4fe9-8997-4477a022befc,be96ff82-895b-40b1-b001-5d9fa6d0369c,DELIVERED,2026-08-10
59af8d04-e4ad-4f0a-a457-dfd922e1bc60,1762a0de-6c9a-4db9-b8a9-390825fdbdbd,DELIVERED,2026-06-17
387decec-7c99-4174-8974-0876223cfda5,a15fbc60-fc9c-4466-98f3-80090bef4caf,DELIVERED,2026-08-18
51b57b41-d368-4ed1-98e7-db60fde3dc0a,10edcf06-9e9f-45a1-beca-14f3a243a89e,DELIVERED,2026-05-29
