id,orderId,variantId,quantity
7687225b-7f69-4a5b-9683-1a6c2824bfb0,b3c7b6f3-fd3c-46fc-b33d-c9f84c4c4565,f4d55996-c77c-4a03-95e7-08ad380f8a34,2
1d3b9ba5-631e-42a3-8b5b-3b0d508ec49f,1486fd3c-039e-4331-8886-21f67abd6d8a,935ddc28-373d-43ff-a088-7f16a66a5ffe,1
9df6e494-d71e-46c4-9f05-f564292e7798,38979ac2-b859-4084-ac69-d503f9eca9b8,e5c1063d-fa0a-42f7-b758-8cabd1837163,1
092e3f37-7a94-4e39-a8a6-ec97a2841ddb,b4e189a9-e6f7-4a33-b2fd-5e498982ca33,8a9db4de-8fa9-47e6-88a7-bcd803ea650c,1
c1077ab0-0e93-4190-95eb-17c82f7b076d,b7eb9777-5ec9-48fe-86f3-1fca5a297806,10e149fc-0348-494b-81bc-1505cca06736,1
d70e0f94-3e1c-45c8-a39b-a71b1c71781d,97daf2bf-1b65-4133-aa6b-4ec994ad15ed,76b6ed8f-ad78-4e41-8256-3c4955941344,2
7787d3ab-9396-4af7-b00f-d31899d71aae,5c641a94-14e6-4923-b20b-367d67826013,6f83b480-ecd2-4d88-827e-b2103d9dfa59,3
9981c225-b10b-4969-a6f6-4b9087fd31f5,c7f343c4-9ef3-412b-a6dd-102f7b4ff6b5,7cc02357-8ea8-4ffa-8887-3d54415021b6,2
0acbb52e-a40b-4b30-b2eb-8e420aa0af40,314ed523-4935-4cfc-b819-295746e5cdbb,e5c1063d-fa0a-42f7-b758-8cabd1837163,3
d0015f2f-7a73-4c63-8dee-f0b42eed34a7,83866322-7113-47c9-a05e-9ff5eb54e56f,5838a2be-c776-4dec-9ead-1fef76ac167d,1
830b1d5a-812e-4c68-9036-97dc8da3697b,c82afbaf-db6e-48a7-9cb3-68ad17a51ab3,fc5a19a0-7f0d-46f4-bcd8-0530c5229059,2
55d9b47d-9719-4157-82e4-a961c71de014,e64a7bad-1aa1-461f-adb0-ae65a062ca49,28518a57-6b50-4f94-bcc1-cae42336f5d7,3
0cc17f66-7883-4473-9299-a87e7c1e533c,3a3637ae-8639-4a97-89eb-bed482ba5aba,a6965682-ac74-4da2-bc29-4b81e62e8a18,2
2328e7c1-92b2-4dd4-b7a2-ceee3a28fda1,1b53df34-5ae0-4d26-900d-8b40ce379f9d,28518a57-6b50-4f94-bcc1-cae42336f5d7,1
c9c48f86-f6e9-4fbb-9572-3008281be0e6,c3a69f93-ce46-4cf8-ab70-c8d2be7757d2,143ad2c6-7ecc-46e5-9828-ae4c4f92e3f9,3
ecdd71b0-8e5b-418b-b55b-0e509dde93b3,7f5c2556-2af5-47fc-a6cb-0c173093849b,ced41916-f2ee-48b9-b5e6-99ecf108f0e5,1
64b69819-4595-4a8d-ab0d-2e08a90de899,8dfb7c6a-4ced-44b5-8768-235e61f43ea5,ccf72e42-613a-450c-824a-5dcc829d743b,2
7ab7e595-3f37-4396-9fa8-7bc76c033b18,36d06d81-6d72-4900-98d7-d75762c3f420,4be59bae-064c-4bec-826e-c96ab2c9d6a9,2
1f4da487-269a-4a7e-a4c3-ecbed6b5a2c9,935c23e0-490b-4be7-a629-9ba5be18cb00,a5a8e64d-fd52-486d-a565-116fb17b05a2,1
5340cf5f-95bb-4ca5-836f-5c6e4563a852,4daa89c6-2fe1-4da3-8369-4c729719845a,6049401f-ba02-4513-ad31-df49121e8ffd,2
cd45ab6e-91ee-44cc-adfd-57eb5abd47e9,ca1fe70a-5371-44b2-9ca1-7d8683266cc1,2aef055e-10e1-4dc8-b936-edc1248a5758,3
36117ff9-642b-4848-8073-b9e9c84210b5,dbc4c9d1-2399-4b24-ad3f-1139681d2855,c12e4b71-135c-4703-aed7-3f5eef4d287c,3
de840271-1ffe-4fe1-a732-2c84a8008d53,65d43217-1476-4732-82ad-b78953fff3fd,279c5d31-58f1-4527-85eb-ebd8a815aac3,2
c8200833-c35e-4ab9-a55d-0b95d5148dec,287d63cd-255d-48a4-bd87-7c4ab0e674e3,08f99e79-31c9-405a-9c94-e5a9f5ffe29d,3
89f52091-8b93-477d-8a95-107868c554d3,6da7c865-b784-4f0d-9400-58cdecfeed40,81a8396d-6ee7-4a59-aeb2-2337497919a6,2
4d909540-ba5c-4bc4-a4da-0a5e79d7f3df,e625d3d3-b53a-4d22-b0a2-92e808f72b1e,36448613-605d-4b93-a5d3-5ef29922209f,3
d4be4d55-8f8f-41e5-afe8-9e347a3f3119,27b3c92d-ae8a-4500-b48b-0875de592746,61e106db-d0de-43c7-88cb-befafa196f45,3
fa509e06-8b29-4643-bec4-2a6ba6974563,d164a4d2-58c9-4209-8b66-cd937e22b4f3,5aaf174f-0a76-403a-b3c0-6dffe99b13c9,1
088dfc6a-518d-471b-be1b-bfcb58c3e85e,3c843594-1673-4ece-a968-398c4406b09f,57194cda-5324-44a3-b5a3-64a011c2aee5,1
5f1ba378-d195-4e92-94db-9aadf171027c,1ab033c9-c1fa-402a-99a1-93767ef4e1a3,15a5dd8f-5d97-4ee9-9a38-ff2591136343,1
ea636bc0-1fb4-4e5e-8422-36d7859419c1,4fc4320e-28eb-4da3-a2c8-edaaaba3a5b8,935ddc28-373d-43ff-a088-7f16a66a5ffe,2
f2e50a81-4f92-40e9-bcb6-15d65dc03424,60b40875-23b0-4f0d-a1f8-66208db5e2b7,279c5d31-58f1-4527-85eb-ebd8a815aac3,1
925d454a-5cfa-4eed-bdb7-2a037fe3e5a1,62440cba-e6d2-4b13-a049-b51922170649,4c730fcb-7a34-4b0f-9e0e-3202214c49eb,1
4f6094a1-5c3b-42c1-9f33-db709c4599c3,f36811ea-f197-4950-8ba8-8aeade3e28ca,7afa640d-5d5c-4e34-b1fe-54e159fbd787,1
42ee61a8-1d33-4007-8156-7f864248da27,4899306a-da92-48c3-9194-dc6bd6faca74,4230174e-e38a-4f36-93bb-49e047a5693d,3
4e9af17b-24c2-4b28-a7d9-db76f9ea0ece,d2378bdb-ab77-4fab-bc8b-88af0cef1cd0,0e6e60de-7e9a-4771-aabe-b57a5fd99cec,1
21f8a738-8c2f-40de-bea2-76c1986a8f75,4b24c4aa-b9dd-4e65-8e26-b02fbf1e05bb,9e54eb37-0d17-4465-b41a-63a1442efafc,3
ac8cb3f3-e44e-4de2-9f45-abda7220c3de,37de59fe-36ee-4b12-9c56-45e47e314f95,f0ee770e-8e3b-470e-aba0-40d2f1d643c2,2
dbc79b7b-c73d-4f48-a998-70ececa85951,4cb23090-bd25-4df0-8917-0a4cae1f01fe,a115ba3e-04dd-491b-b592-cda021c6f8bf,1
f3f8071b-6c3a-4b71-8ab9-e4b2ff860dde,7c38e8de-ffff-4374-9f62-92937f50ff2a,a755edde-4dd5-4cb9-8fb2-0648a1088a13,3
776e7115-adef-476d-9236-990c391dbd5a,49497c4d-e457-4d1d-bfb0-7d61c1a1d09a,549cefb4-9860-4e18-9165-1daa0dab640d,2
7113e43c-7014-488e-a027-500b07c164de,d9190dac-5025-439f-b46a-76f76f70c091,a651236b-60d9-4ed7-a38b-ac86ddf74c0b,2
afa7f41a-1200-4f5a-bf1e-505ffe7f0c49,638b5ffa-f0bb-49a6-bee2-f8aca69f36a7,984ace7a-e291-4c9b-8a8e-2d2ded4e1d24,3
7b685276-ccff-4489-a663-f4b61bc18c9c,c2ac4cfc-f0bf-4012-8d81-988d35092ea2,5aaf174f-0a76-403a-b3c0-6dffe99b13c9,1
632ad960-b437-4b78-9047-02655ec59aed,6f8d440c-7031-4730-a413-5c378f8ac32a,c12e4b71-135c-4703-aed7-3f5eef4d287c,2
6a5f0491-076c-4880-a153-3692c0f2350b,ee5e5dcd-b605-45cb-85e7-8f60042b32f4,76b6ed8f-ad78-4e41-8256-3c4955941344,1
87c86d39-2e77-4979-bedb-3d4b39465e27,b2542565-02a0-40cb-871c-71da6baf4cb2,de01375d-2bd2-402f-b2ed-dad4d789199d,1
cb03a8af-a6b3-4901-a78c-a4889aba7f00,0114a7e5-b56d-4f9b-b60f-1c2aa32393e2,fb6d977b-8e59-42f5-bb61-daf7c3258b02,2
c68cb1dc-52b5-4595-a0ad-883310c3d430,5cadf7a4-be48-4eb7-90d1-159563cb93ee,a08d90f7-7cf9-4915-998c-5d48621813bf,1
d14e639c-b2e1-4277-97d7-aef01b8c0859,6ffe5c0a-7e75-4270-abc5-20f3a70316d2,d1536aeb-f6dd-45f0-95dc-2de377b9b782,2
9d4f9dc1-2adb-45f3-8ed8-130f37b3e302,f9ed8548-08ec-4e77-ba6d-00426a6ddebd,308a3547-4187-458e-8868-3df5f39bb3d9,1
4e884dfd-9172-4d02-8532-f6a95d22b864,39422522-2726-4b6b-bc49-764d9da50dbf,4d0cd76b-5992-4b08-a556-68b0b5b4fdd9,3
4871cf99-a525-405a-9feb-cc919fd01e1f,1af0fe94-922f-4fae-8821-1119cdf352b6,4fc582ba-0afc-41c3-beb1-dcd7266c511d,3
144aa8bb-a922-43fa-b5f5-c523eef0afd8,ca35b330-3900-41f3-8470-565ebf71270a,d06d178d-08da-4f87-9349-ec16221f5486,2
5b27c0b6-f810-47be-82d0-f886427dab46,bc3d8058-2f9e-41a3-951d-5252e9e2ddd6,28518a57-6b50-4f94-bcc1-cae42336f5d7,2
11c50eb7-fc8a-4f60-8e81-1b27eb2fe5f0,c98ef0ab-f4c6-475e-b273-99f7bdeba765,e0c71a05-519d-4c12-a76f-448ffc1cb9d3,2
1902b805-bdab-4741-9ee2-a3d9cdd39c45,32b94929-c6fb-48d6-886a-930ffb7e1452,8bcc0275-bcd9-4804-bd33-fbee3660713c,1
b66c8526-4097-4eee-9657-75bdc9475d1b,48daa28b-352b-490e-ab01-1b4436a21f3f,e0c71a05-519d-4c12-a76f-448ffc1cb9d3,3
c46d1d7c-38bd-40fd-b864-edf87a3f72ba,9f67ae08-d90d-4c8b-ae8d-034f45976243,50e19f29-2494-414d-9812-a92c97a38222,3
a7f88203-175c-4b1c-b616-5fb9c865d02b,ff25c6cb-886f-4f60-b4b0-7f5bc7b9c6e1,0bf9f23c-b443-467c-90a0-6fa16d0fa658,1
cb6076f2-6c01-4eff-9a13-0b9bc7bfe655,b7fb091f-42e0-4c8b-ab0c-80f31b038dbd,5901502d-429e-4c41-914b-dc73b783f787,1
a4c2427d-454c-4503-84a0-80e019215621,df1f20fa-6f26-4c08-9e71-b3f85e2822e8,f62064fe-bcb0-4fd1-ab08-0af3b4b20bf3,2
473bf354-5a6e-4f72-a114-b7ea1be2187d,18c63e46-8e07-4b9b-b4f4-e8f698f10ef9,d1536aeb-f6dd-45f0-95dc-2de377b9b782,1
4b9823fe-5d75-461f-9983-2f442415d0f0,b6a52fc1-9228-4f9d-b4c7-622d5d1ecb73,84accc98-e179-4c3b-8592-97b7b3aa2807,2
9eea59d9-a6c0-451f-bf83-0ba19b6c7b22,0b577309-12f4-442a-b159-9a1a6e7484e5,7cc02357-8ea8-4ffa-8887-3d54415021b6,1
40b35f89-3ec9-49bc-8831-6f93c990f37e,adca65c7-b88e-497e-a278-815162ce1e28,d1536aeb-f6dd-45f0-95dc-2de377b9b782,3
0ed8265e-fedc-4e49-a8a0-96139c4b8ead,69228a4f-d874-42c1-8a26-2636ebe62f61,5eeda2b8-169c-4573-a595-c3bee605b184,1
3000660e-b152-43f1-a849-44462e41f689,fdb813d9-379e-4131-94a9-b66e606989b5,eb6cc66f-3a64-4979-a57f-f2dd893bb05c,3
052b7a60-b411-4f68-8bf0-4236a948b946,e11e8830-cc9b-4ebb-9d4c-031b43e3ffa0,ebda6ffc-b8fc-4e43-9c0b-b3ecb89c40f8,3
a6d5a16b-aa5d-407b-a4f8-fe57489d59b3,2650c4e1-ae70-4371-bdc0-4349d6e8b79f,4c730fcb-7a34-4b0f-9e0e-3202214c49eb,1
830ccf36-18e7-4289-86e0-31cb03888927,52f4d389-1cbc-43ae-b274-8aea4b68ece2,02d7b992-f1fc-4a88-b765-a595642d8241,1
ed1ae9d1-e4c2-448a-bb31-dd99f623d9c7,ce450f4a-8e38-4c51-a301-c9a82f5beaaa,80d19c5b-2dce-47d3-a8a0-fbc9c3bd600e,2
b3c9e3e1-c6f8-4c41-9924-8ec9a62e8aae,1acbe471-e7d9-489e-9c9e-a4f5d788f7ea,4d0cd76b-5992-4b08-a556-68b0b5b4fdd9,3
433416d8-339e-4352-a33b-d6ef8f703aec,d7763c08-3d6c-4b18-afb3-e30c300d375b,d06d178d-08da-4f87-9349-ec16221f5486,1
95ce8c09-f69b-484e-b04d-4ca62bcc9249,edef5aaf-d866-416e-b6f0-6b50d7ec0930,86be4786-7b39-4daa-a6a4-df3136ee40d8,3
2f573807-8ef1-415a-8915-5bee31ca0251,53f34304-6124-4a53-97e2-bbf24f96853e,36448613-605d-4b93-a5d3-5ef29922209f,1
843e63ac-ad9f-47ef-a681-026f1d322387,f7567202-beac-4222-b0da-e379704285a5,4c730fcb-7a34-4b0f-9e0e-3202214c49eb,2
7113b670-5df5-4e10-8d72-b90ff34703f0,cb734eec-92b7-496b-aad5-cefde6f645af,fc5a19a0-7f0d-46f4-bcd8-0530c5229059,1
cc25744e-011c-4b17-ac14-571f52f67735,06c49b24-f165-4e0b-a459-7246ef742c32,3f4b5184-7e9d-4038-927e-23701dfadfdc,2
7a25b702-637b-4222-b4b1-31ba3fc2bde5,95eb5e9c-9b88-468b-b1f0-194cfd9786d2,5eeda2b8-169c-4573-a595-c3bee605b184,1
9f879660-dc81-427d-ab54-111d7f0cee0e,70f66b11-8f05-40ab-9306-84440f84a3af,12fd588e-17ff-4b8d-a866-9934a6861df8,3
647e88e4-cee5-459e-8a33-927b8d963c94,1c2dd54f-14ab-4d3b-ab36-08ec30113608,984ace7a-e291-4c9b-8a8e-2d2ded4e1d24,2
d33768aa-5f55-4b83-970a-32b225d1e4a7,bc220f49-763d-4e74-ada5-ca859c00a9c2,9cf97cca-0ea5-4aeb-b239-6676eb8aa407,3
da1b3388-f2c5-4dc2-bfc6-8f0841b8354a,01f82ed7-c6e1-426a-853f-d3d79a69e5eb,a0fad330-fd48-4734-8c27-0c17efc1525b,3
d0373ec3-4679-4997-b567-cec6c602f6d2,325d9f9d-c0a2-4d6f-8c2f-705a34e043fa,f9b2820c-40a1-4769-83c1-37bdfae45c99,1
6c609ace-1430-403c-b6f1-f8d976399abe,9219e889-2ef6-4c2a-ab55-c7751b92482d,f49b6c7f-1859-49eb-ae36-7fcd89943378,2
2dd09dde-20e7-4b6a-bed5-b28d9927db1b,8da406bb-9006-4870-841c-8952dd2b57d5,5901502d-429e-4c41-914b-dc73b783f787,1
3e2f7ec8-2e78-42cd-878b-6970cd4505d2,8936863a-3268-4ec9-9f49-59d44be39355,7d0ef134-f9d0-4cb6-a63e-dc4e440c1be0,2
4660e7e2-0c72-460c-b54e-9ca2acc81c0d,8050f2bc-1998-4746-aa82-422b724c6250,e0c71a05-519d-4c12-a76f-448ffc1cb9d3,1
0bdb1857-42bd-4aed-a47c-4903093a33c7,438332f7-7f8f-4a7a-a2ac-4a2175656663,fc5a19a0-7f0d-46f4-bcd8-0530c5229059,2
b9e176f5-41c0-4d01-88a5-8cef3ea72ed9,3ea4d5d1-68fe-4680-969a-0beba032a6e7,4d0cd76b-5992-4b08-a556-68b0b5b4fdd9,1
2807629f-eec3-4475-b73f-a88caf41e87b,cf513f20-f146-4ee7-8a67-1a2e943137ed,984ace7a-e291-4c9b-8a8e-2d2ded4e1d24,1
aee6a92c-b02b-4eb1-ac04-c798bab15495,4743a566-e179-48aa-95d8-04684514c53d,6f83b480-ecd2-4d88-827e-b2103d9dfa59,2
2bb51165-3ef0-4066-9ef2-bea566049299,059da671-c252-40ad-9ef6-f0a921ae6bce,5838a2be-c776-4dec-9ead-1fef76ac167d,3
5b8e9666-3499-495d-b62a-bf079bf13e92,a352b95f-94a0-4164-a0b8-d4e4e50d31a6,2f499b55-c45d-46f1-a51e-b48a23921a88,3
1faa4e52-4b70-471d-9e2e-87602ad6b819,de447426-fd2a-4301-adce-e087a67f041c,9bb6c04f-be4a-4c42-8291-0226b0c82f62,1
9958e194-fc8e-4e3c-9f46-a9ce00c66f3d,e6735621-bf24-407e-ac0d-b167c72dd014,ee4c6ad2-6ea2-406a-bafc-d25b9b39a038,2
f998263e-d9b9-450a-b728-8ff803acb765,7dab7a80-104b-4df1-9d93-f1bbbd60b644,9d0f1335-3fad-425d-85eb-07867ee177b2,2
d9427e24-2b8f-49c5-9c81-6df447c1eb3e,9ce101da-d82d-4abc-8e05-abb51e7ce710,4cab4f2e-2fd3-4fcf-a479-06819c075afb,2
eda47284-72d1-472f-a578-56c5188adc5d,cc320b95-1055-4652-925a-6b4d9d695fb3,28518a57-6b50-4f94-bcc1-cae42336f5d7,2
c7b1cacd-7381-4809-af34-6d317dde4b9d,efb15f28-8fff-4b79-b0c7-d97e84da363c,beebe6ea-9a33-4cca-a17f-105b4d226ca8,3
2e641674-8eff-4191-9049-ca3f9924bd14,d5808c48-f8dd-420b-b10d-6ec03b91e373,03ff807e-db97-4d2d-bd8b-a41da80edb53,2
94ed082f-dffb-4f39-a75b-7ab345231ea9,a0d1dc18-78de-4dbe-bd54-fd89b287d01f,0e6e60de-7e9a-4771-aabe-b57a5fd99cec,1
e5acd400-9961-4a76-b52b-a2203cfec26e,23dd0b03-1bcd-4f2d-abae-021c350ffd29,81a8396d-6ee7-4a59-aeb2-2337497919a6,3
c7745e57-9748-4428-a5f4-8f4ae175e44f,6dea7340-13aa-4968-b0e1-beb5316e2d7a,099c2be8-a55f-4481-8a79-bb81a6f79a9f,1
a9826f5d-40cc-4490-baa3-5732b105f668,eef92aff-2deb-4aa4-aad7-f51f36e58dbe,6a800f33-c65d-4b09-aebc-67ef70b47578,1
067e151c-f19d-4f9a-9abd-a8931a6d5307,ef61225a-ac22-42ee-a8a5-da08fc9808c5,a25b830c-fbe1-4e75-8026-fdf153a905bd,3
cbe13119-95da-4258-ae9d-dd8e57b3f859,d72d47a1-0786-45af-8bab-6e0d6a78cdfe,03ff807e-db97-4d2d-bd8b-a41da80edb53,3
8cb75f12-8664-41f2-8117-d6a1732e8000,45c82be7-2873-4c56-bf26-2c072ca2d417,6f6b36d9-dcac-4c1e-b66a-e2684ee4c6c7,1
a50d7bb0-7895-4800-93af-bd4b8842713f,082ff4f6-3346-4c5f-bf82-39c0c9adf5db,caaf0fe3-421e-49d9-a006-aede18cefb11,3
e377c7c2-09fe-4968-b892-c49fed605f59,b7bdee27-16ea-4e62-96c4-97fac5553533,e36b1638-2e5f-4e00-b002-4260bbd5319c,1
6c5ad678-159f-4c7c-9cc5-57ceb31c4e79,cabca855-b932-405f-bd5c-1a4ff38246bc,2c0cce6f-78ba-4796-be19-6bb7dc4601be,1
d1428fa6-50b0-4007-a901-cf31ba66debc,2bd96095-fd40-4997-8c7f-a03cf131013c,a0fad330-fd48-4734-8c27-0c17efc1525b,2
adf53aa8-b2e7-4ad4-876e-0b3a52b08de0,6917823d-c639-44b7-b6cc-d61121717ed2,d529b89e-02c4-4134-9305-f716c71b9988,3
65e61b06-3a8f-4761-a723-c9530965484f,23bce6ec-8082-4f34-8cc9-d761adb11c30,c07d6aef-b48a-412e-be5c-fa42445974fe,1
383c8a84-8126-46b7-8b54-13f6d112f4b1,7b7aa5f7-9aec-480a-9d47-92a2d738e693,f0ee770e-8e3b-470e-aba0-40d2f1d643c2,2
d4015859-1b50-485f-a0de-bf200d310af5,58ef03cc-d5e7-47c4-b7a3-132b4397e59a,65a6a4f8-b5db-4c02-a28c-b814600e35a9,1
c41b7769-c23f-409a-a295-46e3e0847302,d3d8271e-21b1-4a17-b837-a7015f33ecde,29874687-7995-44c2-b211-471d32059600,1
4e2be363-4043-4a53-a3f3-965b7fab0404,f015f7f6-cde0-4123-8978-434590cce589,201f3f92-3c71-4f6a-aa46-03be75af415f,3
b116b80c-a2a5-41f1-83fc-8a6823dff3a7,035f1af3-f48d-4951-9195-0e6d1226118e,15a5dd8f-5d97-4ee9-9a38-ff2591136343,2
64e58b81-cdc0-4749-8877-29c7c54a3bab,7356c6a6-6d6d-4c63-ba64-b1dec0c572d0,f49b6c7f-1859-49eb-ae36-7fcd89943378,1
81ad93cb-202d-4a4e-ad96-546079a45afb,6eccd617-63f8-489f-8f34-4bce3e65f940,bca71a29-a853-4f73-b2dc-965e6055c746,3
08207fc5-2378-43fd-b5e9-00899fc285ea,354dc074-1cb4-4e2d-9f1d-92a17ae79f7d,5aaf174f-0a76-403a-b3c0-6dffe99b13c9,3
796d0941-cf5f-4154-b957-c7b60ca54dca,b60ed5bf-ea40-49ae-a8aa-d4e1aeaffc03,d06d178d-08da-4f87-9349-ec16221f5486,3
ebf5b40a-32a0-4ba1-869f-f2be4fd3ddbc,0f66fc12-3c37-433e-a674-12a49f33e176,ab508650-43e1-454b-a19c-22bcbcfec332,3
ecc63fb0-b9c4-4bc9-8600-c35fdef59730,2318f509-ee59-4709-b143-4ab1f68583dc,4be59bae-064c-4bec-826e-c96ab2c9d6a9,3
38af8c18-f224-446e-bfc9-8af37358f1cf,5d3984b6-2fc2-4bf2-bb7c-d0bc619baca1,4d0cd76b-5992-4b08-a556-68b0b5b4fdd9,1
a8a28e3d-63f9-42af-8c64-e9bf40aaf4a2,0f180772-2bf6-45bc-ba5a-4c12c9e17270,a0fad330-fd48-4734-8c27-0c17efc1525b,3
d2beca3a-1eb0-4ff1-970c-9c02c7361d96,b6d24a4c-4ec9-4784-9b9e-eb52d6407f56,143ad2c6-7ecc-46e5-9828-ae4c4f92e3f9,1
e8e2e949-cf89-4fda-99d0-f525a4940841,ad14d266-7183-4eac-8820-25c489e9e081,ebda6ffc-b8fc-4e43-9c0b-b3ecb89c40f8,2
74133173-33c3-4940-b480-979cb9dfbc61,810bf794-dd65-4fcd-a06c-8455f187b6c2,e36b1638-2e5f-4e00-b002-4260bbd5319c,3
7e9427e6-a9b4-4acb-b5cb-be1d14ae4f8f,976f0a61-ced9-4ab8-8679-a6c3cad665d9,12fd588e-17ff-4b8d-a866-9934a6861df8,3
dd45d7f0-a482-4f2f-a4b6-1280864e07b7,2292d27d-07d4-4a2f-b7a1-4339b724f651,0b2601db-f7ee-4152-9117-82f4b3f88955,1
c53a6384-f488-4af0-93cb-ab991669be7d,92642bac-9182-4aff-9476-5d808e67460c,0b52e799-177a-4336-b956-efe8fa8f23a0,3
0d799050-2862-47f2-9429-0f8618d81626,af83ec61-f94c-42ee-9fe9-02717e7173ba,bca71a29-a853-4f73-b2dc-965e6055c746,3
dbb7fb20-5d3f-486f-9220-eaa5fdc58a69,f0bee9e2-04dd-4083-a682-1192c7f6d191,86be4786-7b39-4daa-a6a4-df3136ee40d8,2
f871b6ca-71ea-4284-9603-d149f7994b4b,b95bf300-b826-4ad2-b2c4-d032518bbb13,d8846728-7ed8-445e-908e-21f47e372c54,3
1954974d-2595-430f-ac5f-264efe8f15d2,e783019f-f0b0-46be-a69d-718273e63382,2e4587b5-65d7-495c-9560-01d5046b83f0,2
59d85d35-5dd3-4caa-b265-595fc13f9de8,12c3d1ec-7db8-46d9-a129-17bd0e61d9f6,c9f46531-d3f7-4d1b-a5b1-ed67e616ed62,2
13e011e1-a7f5-4fcb-a795-1ed0ceeca471,2ef4e60e-262b-47a8-9c76-facbd49c51d6,a9bb8177-95fe-4c69-937b-860308b4bbc7,1
939c192a-b3a7-472e-bf71-1c1d27a3942b,819514e9-f93c-4752-8a79-edfe2f1c88be,ebda6ffc-b8fc-4e43-9c0b-b3ecb89c40f8,3
f6f67ee8-6c80-401b-adee-e3de83f66282,8b3045ba-e328-4be6-9ee2-835a809ca69f,ab508650-43e1-454b-a19c-22bcbcfec332,3
8e036719-30e3-434f-b96d-d1ffc375cd91,207c17bd-f566-4903-9ec1-bfef0355c7bf,2f95b2ac-04f2-4290-b8b5-60005c4601a1,3
35a46183-345c-4782-a950-06134f3d008a,1f2278cb-c15a-4e5c-812f-960cb28f0939,549cefb4-9860-4e18-9165-1daa0dab640d,2
87bee3fb-deae-49ea-a108-6e29f7110f9c,6aa2579f-0b67-4474-bc1e-00cfb4b64e6b,a25b830c-fbe1-4e75-8026-fdf153a905bd,3
41da55c9-c3e8-4fbd-8a2c-5e31683fe832,9942d32a-7aac-40ae-98d7-15c5632a5281,e5c1063d-fa0a-42f7-b758-8cabd1837163,1
dd0f4358-561d-4cf3-a661-797bb2343eb1,bba29c9d-b5bd-46ae-af80-354449fecda5,28518a57-6b50-4f94-bcc1-cae42336f5d7,3
7ca7a3b1-70f3-416a-9d8f-769bd774e2d4,d6f9ac8d-7acc-4cc1-9363-339a091a33a5,08f99e79-31c9-405a-9c94-e5a9f5ffe29d,1
27931689-acab-4347-a596-3b12e5efe4f8,60d97f55-f7cb-4a32-934d-0f11640aa0ea,28518a57-6b50-4f94-bcc1-cae42336f5d7,1
6ad95ef7-200b-40fb-9102-bc14b37e9ea4,0e71d8e7-bb8d-42ab-a19c-e91f24b8a163,0b2601db-f7ee-4152-9117-82f4b3f88955,2
76a09cd5-5c41-4ce7-9938-9373989c44e3,9089768e-e543-487c-8c57-a8597d98a9e1,279c5d31-58f1-4527-85eb-ebd8a815aac3,3
b7d2adf3-b96d-4694-a4f7-fab512264ed4,7692d6c2-9743-49a2-98c1-666c07b2477c,d93a6ed4-3d12-4965-8f59-2ae4df5197c3,2
84bdb5d6-eb15-40ae-a58b-cf3b91d9d04c,74051aec-8720-42f2-910a-a669feb29d0c,5838a2be-c776-4dec-9ead-1fef76ac167d,2
db4ff4fd-2522-44e5-9f78-fceaa170b24f,545b203d-7fda-4be7-b83a-e55526763e8b,c31dc40d-ba47-4631-ae91-e472c79b2e1d,2
e1e5a029-515d-4b62-9f83-e2b4525dc8b8,b12acb24-10c1-439d-8356-1fd40ed5155f,2876e88e-23a6-4f98-93c1-f6655a4fa180,1
4acfa639-884b-4890-b37c-5b8c61740300,65536176-3d7a-4788-ae14-2312c805d535,d1536aeb-f6dd-45f0-95dc-2de377b9b782,1
996f8966-fc79-481f-9b7a-16215cce82d3,d30d30d6-6814-451c-912d-53a2710d67ab,328e4a9b-959b-4a03-afab-211794fad351,2
6ed7823e-3619-4a26-8df9-dd09a157e9d5,431af194-3c15-4181-92cb-c1673aed14da,15a5dd8f-5d97-4ee9-9a38-ff2591136343,3
55d5c9a7-8354-4934-90f8-8138c2a0a666,c7e7734a-75b2-41c9-8896-03e735298d11,6bfc4954-1150-4d81-8a09-5eeef09a779c,3
69b470e4-fe52-408b-b2ac-f67f88c563b6,bf357341-24d5-4fb6-bc8c-de1b1259866d,9bb6c04f-be4a-4c42-8291-0226b0c82f62,3
9f68e510-9481-48e3-b2f2-986a809c6ad3,3759e4c9-7b09-4c27-9986-4e451f91a313,12fd588e-17ff-4b8d-a866-9934a6861df8,2
90f649b3-d12f-4d28-903b-4f9374c6a204,9d59a577-09f9-4424-afd8-740c3ae231b6,549cefb4-9860-4e18-9165-1daa0dab640d,3
ae7d746f-67fb-4440-8d00-b5826db2e314,7bc6d161-bf18-42a8-aa0a-3b7b17d585ef,80d19c5b-2dce-47d3-a8a0-fbc9c3bd600e,1
8794f406-f16c-4a15-b5fc-87d61d004ef4,4a486940-13ce-4b20-a40c-d7452b237f89,d93a6ed4-3d12-4965-8f59-2ae4df5197c3,1
4e145163-61f3-4968-bf82-33e68b707620,f6808f1f-3eab-4c99-bd61-22c40702d7e7,a6965682-ac74-4da2-bc29-4b81e62e8a18,2
6ab1326d-7f35-4241-8127-9e5fc1cf23f7,c03cca77-9574-408a-83a7-92623e8d8bc1,65a6a4f8-b5db-4c02-a28c-b814600e35a9,2
bc7fb72d-20d4-4780-a22b-22f953ce3e8c,c41a4e63-11d1-4fc5-9291-a4cf204e63ff,65a6a4f8-b5db-4c02-a28c-b814600e35a9,2
098b1cb2-a6b1-4ca5-a875-0ee025f889eb,c88b91d8-34b4-4824-92e5-ff6a0f3b9a69,984ace7a-e291-4c9b-8a8e-2d2ded4e1d24,3
960574ba-51bc-4a43-89a1-0b59326873bd,30b7b1f2-99af-4268-a30d-0c93fde95547,2f499b55-c45d-46f1-a51e-b48a23921a88,1
6527166a-0999-4e3c-bec1-462a8e99fc87,99f8830e-d5e1-440b-babb-8c7055f0d9dd,49c05dbc-ef8f-4d2c-b5be-2c5f9d057c8f,3
654e678c-0c57-4fc9-94dd-1eada5da7b29,e6b9b12d-20ca-4fb4-bd89-dfa2571612a4,02d7b992-f1fc-4a88-b765-a595642d8241,2
0376ab95-df1b-4096-90b1-53062188337d,bde47f50-5297-4ad2-ba5c-ea66d468dc1e,a443ba7e-45fb-4dbc-b432-40fb172b9f29,2
71f081b8-dd97-4806-9535-73adba390891,f5905733-38d9-44ab-9fec-2a7602a2108a,f0ee770e-8e3b-470e-aba0-40d2f1d643c2,1
316ccd57-1ed4-424b-abf0-e1280034d49e,d186a59a-f213-4c72-b175-10734c0ae3d9,31c3597a-7ce7-4017-b2ef-61485fd9a7cc,1
7f9f5a6c-6df3-4650-b894-d931e8563606,ede29ede-33a5-43d6-95d3-5c69aae2d4c7,207a8cd4-27ff-4aeb-8a08-53675185c7c5,1
d2307d66-5a3e-4928-b5ab-bffd2df5ce38,dbcf8681-da41-4604-a80c-44f75d331f5a,d06d178d-08da-4f87-9349-ec16221f5486,1
b1d158de-22e0-4a51-800d-c20c4bb89640,c2e1f6e4-6e2f-4392-8d55-7f4895005d41,c1991e50-e942-4f00-be18-452746e21271,2
e4363d4c-8397-46f3-8007-b23c38ff6fbf,92b7e396-5cc8-4569-a3f9-5b5d2157a7c6,5901502d-429e-4c41-914b-dc73b783f787,2
e64a3d32-a2f6-4954-ac52-b32f73c24db8,fdafbbea-775c-4871-9ae4-cf1cd06d0b77,501c7126-f743-4a9b-b694-515bfba7c037,2
f2460bae-a0a9-4341-a8ec-8bef919f97ad,b335d017-e71e-4a01-94db-9e991f2f7546,de01375d-2bd2-402f-b2ed-dad4d789199d,3
1d35eca1-9013-4499-9ed4-a72f987ab561,1eb9516b-8a2f-4b0e-9ecc-30b55b4a559a,ced41916-f2ee-48b9-b5e6-99ecf108f0e5,2
929385dc-76ea-4122-9566-f60fa85a912e,2ddcc346-9617-4087-986b-bb7cc0ebea58,02d7b992-f1fc-4a88-b765-a595642d8241,3
7cd18d6c-98d1-465a-b19b-489ef8948610,59fadc47-2f19-4209-953d-d863ef99af1f,4fc582ba-0afc-41c3-beb1-dcd7266c511d,3
9782acd4-5e47-44f3-9651-0e91e0700162,64fa3775-5c1e-48cb-b550-d9d39f051f65,4c730fcb-7a34-4b0f-9e0e-3202214c49eb,3
98af3afb-fd6a-4863-9ddb-e57038b3faf1,47ec0523-5d1a-4865-b9c6-cf13eb089d6a,f8a8360e-c112-4407-b885-68cbc93c68be,2
0818cffb-7f9c-4628-8ee4-afaa70440b50,252dacf8-3de2-4057-a4ba-4dbb0eeb9bd8,28f23ead-ed12-4feb-9636-0777eb328182,3
4d81427b-23ce-4f63-9dc3-8c2e5a6bff60,2a2dba98-cb32-42c6-b48b-e82a0c753bd8,d529b89e-02c4-4134-9305-f716c71b9988,3
ac2a0d03-0719-4dc6-a7fa-0399db1b41ee,4193398d-1714-4fd6-b271-4bc37b5cc679,979d0be0-8b4b-4268-ba6f-f0ab57e20bc5,1
c8d14b21-a6f2-4b49-9421-a4300936d378,afe71efc-89f7-446b-a687-45f51c2d2ba7,eb6cc66f-3a64-4979-a57f-f2dd893bb05c,1
ee28270b-12e6-4e61-a564-eadf24b811aa,9ec0916d-e335-4d5f-95d0-2c9116be9d5d,a755edde-4dd5-4cb9-8fb2-0648a1088a13,2
c0f783b4-5df7-4618-af2f-c79303b3a40d,d8d47892-d366-4fd7-9e9d-d4bd77e8b8d7,e8727c3c-813c-4eb9-a67f-43d699df5dd4,1
307d912b-cf78-405e-9a20-46ac795f4f79,9d9405c0-1bfa-4b0c-a97c-fb31c7c6cf95,28f23ead-ed12-4feb-9636-0777eb328182,1
5f30de2f-8b7d-40e6-b8cf-18b80bdadbfb,d6d8aa91-aa36-47b8-add0-e3e999055cdd,bca71a29-a853-4f73-b2dc-965e6055c746,1
921ad8a6-2399-4e1b-96da-a727659da18b,074b41bc-0ddf-4eb4-a027-2f13b967fef6,201f3f92-3c71-4f6a-aa46-03be75af415f,2
826e4ab2-5f00-4a9f-8662-185816cf96ca,0d6e356b-5ab7-4206-b944-1c3207ad2cdc,81a8396d-6ee7-4a59-aeb2-2337497919a6,1
8e823a0a-7862-485e-ad66-b2db54b5d94f,36d730c8-3f79-424a-bbd5-d88a014a58ec,72b897cc-33d8-4aaa-82fd-70b898ca966d,1
7df2a08c-51f9-48d0-9b86-e5f1b8bdd3b1,cc5d5fe4-abe2-4075-9a19-e8df4acac025,eb6cc66f-3a64-4979-a57f-f2dd893bb05c,3
62e643fe-1794-49f5-b2f1-b17c9d49737c,dfa2227f-2cac-4a3a-9f6f-bf72d2b74cd0,201f3f92-3c71-4f6a-aa46-03be75af415f,1
47460a88-6121-4817-b6d8-0a539f3fe42c,39f1bfa7-6243-4ada-abda-d3487ee0cd57,2f499b55-c45d-46f1-a51e-b48a23921a88,2
3a854a0a-81e9-49f3-a334-a45609f20151,716cd1eb-2620-4085-99e3-0a7927d257ae,fb6d977b-8e59-42f5-bb61-daf7c3258b02,1
85854671-4500-422b-bfbf-7663d0a35748,cbe51a7a-4373-42de-8f13-0e1df390ab9a,2f95b2ac-04f2-4290-b8b5-60005c4601a1,2
af745ef6-cfbb-4308-af34-110b5de34a85,51e6095f-9609-464a-bcc4-af04342f620b,15a5dd8f-5d97-4ee9-9a38-ff2591136343,2
0a928a31-703e-485f-839f-b09641cbcd9b,e346e58a-18dd-499e-a680-f58fe9b9db1f,db465b3b-77f2-4707-b61a-f5f13cbe281f,3
c89c1aea-64f4-4d4c-9dc4-885fc91ff9cd,fca619db-ebbe-4109-a20a-ba6a41d77ec6,fb6d977b-8e59-42f5-bb61-daf7c3258b02,2
76d76c71-f13c-4798-98b5-4760f2346d7f,1f2766ef-b439-4caf-9098-3dfb46ecc6ec,76b6ed8f-ad78-4e41-8256-3c4955941344,2
9801c470-4f4a-4acd-8786-61cf156ff499,d9923e47-c6cf-4d5f-bde5-f1c8bb4cde09,31c3597a-7ce7-4017-b2ef-61485fd9a7cc,1
7c2e37db-dc0b-44eb-8650-1c94abb05286,efdd815d-2905-4f0d-94aa-0a0620811e65,e0c71a05-519d-4c12-a76f-448ffc1cb9d3,1
28490769-a954-468d-bf69-6d09f25e9271,8a673fd6-cd73-4522-9ab2-151619c81c1d,9cf97cca-0ea5-4aeb-b239-6676eb8aa407,2
298d1fc4-2a9f-4737-bb86-ad927b923ad7,789aeedf-2761-4969-8e86-d4fb90aa5448,d529b89e-02c4-4134-9305-f716c71b9988,3
11e50437-0c3a-478c-a6f5-b53f18c4b743,f7de8805-3376-4a39-9c4e-62ebc373d1c5,7afa640d-5d5c-4e34-b1fe-54e159fbd787,3
f44f41d7-dc93-48ff-bc6f-45850ede3ac3,d1168ab0-6bdc-44bf-9672-6b1a8b7d15c4,36448613-605d-4b93-a5d3-5ef29922209f,3
1b8c354f-5849-4e1e-a347-99681994efdf,3c7a60dc-a401-4152-a8da-8a50712d8f0a,149e3c64-911a-4737-b40e-eb3528f3bc8b,2
703c9e22-f20e-47fe-b35c-30b8d7f613e8,8250e2a4-7c99-4d14-8776-bc854ffeb89c,a4f1f4d4-efdf-430f-b089-42d24d31a019,3
4e2e0039-7858-4c33-8e37-b516977846d5,a44b7b28-a775-434c-b37f-f5d1f2e7cf96,0e6e60de-7e9a-4771-aabe-b57a5fd99cec,3
850c31a9-7de7-41ae-a2d1-ff318f47a26b,0aabcc9d-fe53-47ef-bbf4-d9478c2235ca,7d0ef134-f9d0-4cb6-a63e-dc4e440c1be0,1
302dedda-2fd6-4c07-9ffe-b6063f37f239,94c6617a-d52b-4185-af6a-959b18615a83,a5a8e64d-fd52-486d-a565-116fb17b05a2,1
41130e42-eda6-4efc-8b9e-ef43dc705437,2959b636-582e-474f-b834-38c4c559b5e1,c07d6aef-b48a-412e-be5c-fa42445974fe,3
60089b4d-2594-4057-a312-41e329d96bef,7e5e5124-5882-4037-8e22-e6ccde836bd5,5eeda2b8-169c-4573-a595-c3bee605b184,1
aa8bf19f-883a-4fdd-9657-0d32a9164211,29faab39-638d-4897-8890-6d35e6d54934,34775c41-d73b-4918-b22a-0521835f678a,3
e74b1ed3-5382-4d69-a1f8-cf04dfaa35b7,2c21f00d-fece-4572-8c3e-5f7878b04595,54aa4fc2-4ebe-40c6-8426-4e7fc6376183,1
5fc2d799-54b6-4cef-a546-15ad64839f2a,af10dda3-ec17-435b-ba22-e5da82b8d603,ddc0e2b8-e408-47b9-bb1a-96d00fbd886b,2
548a04a4-3898-47ba-8d58-1974315ca637,75d9ec9e-c05b-4760-b8e2-2d26ce60ad1c,d529b89e-02c4-4134-9305-f716c71b9988,3
a00dbc6f-d415-459e-a75b-579c5007f73b,cf7ef3bf-ae48-491a-8ab6-dc3bec620114,6049401f-ba02-4513-ad31-df49121e8ffd,2
110c77fe-e241-4ab1-b6bd-bed9765827fa,9c6848cf-5818-445a-a6d2-1ecd41c97c6e,984ace7a-e291-4c9b-8a8e-2d2ded4e1d24,3
2be2c085-56c3-41fb-8782-7b50378af344,85c5a9dc-a6d3-4d0f-b051-495526b4fa91,f4d55996-c77c-4a03-95e7-08ad380f8a34,1
5731b7db-992a-4c96-8dec-4f7c51b8cf0f,416ed8e0-d33a-4b12-b8fd-2996cab42b38,34775c41-d73b-4918-b22a-0521835f678a,2
270d83ee-9542-44ec-95e3-c8faac85a762,4838669d-acf9-4637-9806-39b56a679e9a,4be59bae-064c-4bec-826e-c96ab2c9d6a9,3
5e74f501-21a0-4f03-b76a-e9c3e0d01875,bf8b8235-5143-4893-80b9-bf4af0cda99b,279c5d31-58f1-4527-85eb-ebd8a815aac3,3
a1e29faf-cbae-4fd9-8522-efe4b77282f6,f68c7a5e-426b-442f-a176-c8e693a1b375,207a8cd4-27ff-4aeb-8a08-53675185c7c5,1
c6c8dd3d-c3df-4b05-800b-edcfce0f0d56,a6a9fb37-8064-47ab-9d0f-7c189bf80e59,20fe47ec-3e23-4947-8055-81e4099f33eb,2
6b12aa7d-1702-4c44-9bd4-71ddab175f90,80b3159d-9d47-43c0-9218-26d7ab81000a,ddc0e2b8-e408-47b9-bb1a-96d00fbd886b,2
fbd75d85-1bca-4143-a4d2-bfb49fbaad6f,44d765c2-df03-4a1e-80c1-a63977f2d40a,abd0f15c-e7b3-418e-9768-9ed32cd3fa90,2
227be5f9-5c8c-4b26-997f-1d6a469c108f,e82f43e0-7685-4401-96fc-a7671c7bcf58,9e16a8e0-d43b-4884-9bbf-e09ef9b696d6,2
525fcbb6-a00a-4ce0-b0bd-eab56407e1af,a43ed37b-597d-4851-824b-e1ca5d12c6a6,c8180d81-ab58-47a5-b62b-dee2362b147a,1
4d46e136-1eca-4066-84b2-746f8e4dbc61,5342cd97-edd7-4b73-a2c0-38292ef11dd3,2876e88e-23a6-4f98-93c1-f6655a4fa180,3
11efe77c-c210-485b-a777-1c7dbf7a7e06,c6b07dde-3e2f-499c-8508-b08a9982c3bd,7afa640d-5d5c-4e34-b1fe-54e159fbd787,2
331c8727-6d62-4964-a1cd-ab4e395ff9d6,b7b8f61a-cb70-4f9d-96b5-5da207c1131d,a25b830c-fbe1-4e75-8026-fdf153a905bd,3
ef693b6e-ef04-48f3-aa95-b6118d574a5a,5f884eca-fb15-4bbd-b187-7a886172d3f3,84accc98-e179-4c3b-8592-97b7b3aa2807,2
1c6703e2-70bf-43cd-a85f-54ea5386461a,966cd4e6-a45b-4208-a4b1-4c9ec0ffd269,50e19f29-2494-414d-9812-a92c97a38222,2
bacc103f-c9ff-47aa-94c1-9eee8593a3f9,d9ebb3e2-0717-4564-99cb-d84891673f54,10e149fc-0348-494b-81bc-1505cca06736,1
a7cfe404-898b-4c35-b8cf-29dc94273860,4c1eb368-caa1-46b4-9d00-731e70f52938,88c377f5-4b2d-48eb-8c80-75c3a8171ae7,2
8708c3c9-8780-4795-b424-35c96205b538,54dea959-5181-44d0-ae70-a10cf2ec2eed,7c5c2da4-bed0-4552-8981-1734fe31542c,3
a43fa581-3373-4ed9-9348-2b1156c1214e,27f7a42d-a7d0-4c6c-be23-0fee28074787,279c2203-7292-4fbb-8cf8-f44891441846,1
684c804f-16a0-4661-9201-7a0a824579a4,58dacc55-338c-4ce4-a3da-cb66e41fbcea,28f23ead-ed12-4feb-9636-0777eb328182,3
285a7a67-4909-401b-9418-9ab3c4a87f07,d294e34c-0d4c-4538-8f1e-2f37b7538a7a,f4d55996-c77c-4a03-95e7-08ad380f8a34,3
f61e3c94-ca3f-4ee1-8e22-700de08b6e24,5173a21a-5c52-4670-84a1-bbaa9094d904,207a8cd4-27ff-4aeb-8a08-53675185c7c5,3
797f2df5-1f92-4e8e-8c96-ab8ae5cdbed4,b090914e-8c8f-4b6c-8275-30baf0bef4c1,fc5a19a0-7f0d-46f4-bcd8-0530c5229059,1
53c94cbb-c7de-444d-8a62-8a4407e28e34,f15af48d-cfd7-4238-9ec6-61c431a1efc0,3f4b5184-7e9d-4038-927e-23701dfadfdc,3
1d6980ba-b3c0-4734-b55e-e1028fd278c5,8e0b2738-9c80-4675-bdcc-5caf1e861c32,6a800f33-c65d-4b09-aebc-67ef70b47578,1
2ed6b45a-d555-43b6-bfec-5279a5f926dd,05a9a862-62e9-4b04-b1ba-da4a53dd40bc,a910983e-bdda-4915-bd6a-9d05ef1bb506,3
80815ea6-c60f-4ba1-a005-61ec101bb80c,5632bc7d-61bf-4cf8-be4a-cfce5d7666a2,f9b2820c-40a1-4769-83c1-37bdfae45c99,2
852a1063-5ab8-4488-ace4-6d1d14560142,ca0bf62d-f71c-40f2-9b44-35528162e2bb,cab10f6d-a2c3-476b-96be-1839a7917e49,3
0e18188e-f8de-4365-8ffc-1c9357aeaa53,b6db67b5-e364-44cf-a280-638c3c310dcd,e5c1063d-fa0a-42f7-b758-8cabd1837163,3
f03e1f1b-eeb6-49bf-a506-a9d8ac858621,eb3f8fec-c17f-4c51-961f-904459a99108,3a802b87-946e-4c1d-945a-7b3b8b0e8d3e,2
8ba9042f-2af3-40ed-9d69-2cc0ae1c63f0,c2250bcf-2f27-40c5-8e85-333d13cf3a24,fc5a19a0-7f0d-46f4-bcd8-0530c5229059,2
4d9ed690-f58a-421f-a96f-71fc6371ddec,a13fcdf3-2c27-441d-ab81-dcaa82966288,28f23ead-ed12-4feb-9636-0777eb328182,2
de6e851f-98f4-42e3-9df0-1891f5cd2bb9,e28465ff-d3e8-4753-a715-73ac7c57c5ce,5aaf174f-0a76-403a-b3c0-6dffe99b13c9,2
713bdc75-bc34-48f3-bf75-0c2f12513b03,74208308-aeec-4f38-92b5-7ba80c3ff647,0b52e799-177a-4336-b956-efe8fa8f23a0,1
adae512d-d703-4178-840d-270c07c3b18a,eb64d6f5-2d30-4913-9e64-67b8fcfefe8c,2c0cce6f-78ba-4796-be19-6bb7dc4601be,3
e8b5a242-c673-486a-89c5-38ab8da4d474,fed38eae-11be-47db-ad0e-148c2effc73c,beebe6ea-9a33-4cca-a17f-105b4d226ca8,1
853f9e17-4412-4e1c-b4f9-c7836b307e77,db2adbaf-64c5-4ad3-ae2a-2d9f4b19efcf,d93a6ed4-3d12-4965-8f59-2ae4df5197c3,1
62f63cd0-0dc3-4e35-b099-fe96e8d11450,ebc809d8-56d3-4366-a87a-6735c63264e9,9cf97cca-0ea5-4aeb-b239-6676eb8aa407,1
9f41646a-095e-406b-9f2e-400e4ddeccc9,d400b566-b121-49c5-9733-69d467ab559c,7d0ef134-f9d0-4cb6-a63e-dc4e440c1be0,1
93983b24-9ceb-4a7e-b473-88776af8cc91,a9eea945-c676-417c-8db5-6a281600c9d2,36448613-605d-4b93-a5d3-5ef29922209f,1
951ad30f-f81c-4e23-9f19-e18ad2c13aed,670dd053-d986-414b-bbe4-7d72e2e061e8,ced41916-f2ee-48b9-b5e6-99ecf108f0e5,3
315d5c18-77c4-41a2-81ac-b51f1e3d5349,32eec1b3-97b5-4578-b600-6636b0db6ec0,d1536aeb-f6dd-45f0-95dc-2de377b9b782,2
dff5ff45-c72b-4f51-9554-fbc792af696a,63234c36-0d45-4f7b-a8ea-ea107dd403fc,984ace7a-e291-4c9b-8a8e-2d2ded4e1d24,1
adb9c546-6be3-4eb1-a550-6b09f2642c30,b76c1941-e19c-4d52-a3f2-1f033ed4a265,7d0ef134-f9d0-4cb6-a63e-dc4e440c1be0,1
4af0bba9-3d7b-43b7-baca-67299dc4d153,ff04edc4-d17a-4b0e-b9a8-9a017f1a3266,7c5c2da4-bed0-4552-8981-1734fe31542c,1
658a59f9-c75e-4af6-9d69-13f51ba01bc1,261b2f23-6a5c-4f11-b4cb-fca5885cd9be,201f3f92-3c71-4f6a-aa46-03be75af415f,1
d5a9c687-0e8b-4569-b462-bdf57b320321,9c4cc63d-65a7-423c-9f9b-7c56e6854525,28518a57-6b50-4f94-bcc1-cae42336f5d7,3
feee80ad-d9bf-41e8-b25e-cec9c8ce0bf5,33002c98-2ec3-4a62-ac15-42fe4a2f061d,e0c71a05-519d-4c12-a76f-448ffc1cb9d3,3
70e21901-d92a-4033-bda2-6abde0c59dd8,0ec988b5-9fc9-4a39-bd20-06ee3b4c5aa4,7cc02357-8ea8-4ffa-8887-3d54415021b6,1
ad3d95d8-58a1-46e9-ba0c-a2f65d03bdab,c509e9ba-15a5-4e09-a839-424506354cf5,2f499b55-c45d-46f1-a51e-b48a23921a88,2
871b99ec-c49c-4ada-a612-22d5134259c8,db5f5e27-42a5-4bd1-a832-f77fc6e5815f,abd0f15c-e7b3-418e-9768-9ed32cd3fa90,1
8324468a-121f-44d0-a5a5-ba4944df1747,22ebfaea-a071-40fd-97d0-4d3e9e797ba8,2aef055e-10e1-4dc8-b936-edc1248a5758,3
cd3782f3-c327-4b1d-8baa-a033a3424830,e7bc1f53-9406-447b-8aa2-4dbd678a31a7,308a3547-4187-458e-8868-3df5f39bb3d9,3
2b9019c0-d22a-4bd4-aa1e-872ab7e6d455,031e1628-0944-4096-a1f5-d992f9bb475e,10e149fc-0348-494b-81bc-1505cca06736,2
328074ab-1044-436d-8902-e6fb247143bf,7eedbe25-ad5e-4255-8f34-b53d69508107,3010377e-ff81-49b5-9072-932712bdabc4,1
1d5ebcba-84ec-48b0-8e05-8ff5abbf3f60,186dc541-c01c-4246-987c-3311f921f4f6,c8180d81-ab58-47a5-b62b-dee2362b147a,2
3199f29b-06a3-496b-a0b0-7339d16314ca,2b49f995-ecfa-4b0c-b38b-7d9e7a793a31,d0e563e7-a062-415f-8219-1d9931fcecf1,1
ba2abbb1-e991-4780-863d-1cb72581161a,3a321bd1-d05a-4264-81c7-68c129482929,0bf9f23c-b443-467c-90a0-6fa16d0fa658,1
45300aa3-dc38-42c5-a449-8101ab8c2b2f,c2af7543-978f-435a-b3aa-aaeb6b104e5b,7cc02357-8ea8-4ffa-8887-3d54415021b6,2
83a70024-e22c-41ac-b3a8-b4924f2d1910,c86868a7-7fd6-4e6d-a713-d80885dffce4,c9f46531-d3f7-4d1b-a5b1-ed67e616ed62,1
452eabc7-bf9b-4cc6-bc34-368ccb0d22fe,41c986a4-e4c7-4961-a8ff-5bec23b629b9,4be59bae-064c-4bec-826e-c96ab2c9d6a9,1
50d70e83-2002-4c55-8a80-47e5981e27c4,ee44540c-a5d9-494d-99ae-b678d4ae5939,36448613-605d-4b93-a5d3-5ef29922209f,3
f40cbe19-e985-4494-ae4e-09705e9f2c70,c16ae2d8-b516-43e0-8e67-233cb6625a0d,fb6d977b-8e59-42f5-bb61-daf7c3258b02,2
19d31ab0-d869-40f9-968b-ee461098579f,e22352ff-3108-40fd-b7b7-5c77af3ddb68,54aa4fc2-4ebe-40c6-8426-4e7fc6376183,3
2df221d5-5830-4101-a214-be87eadad270,5f8d8d05-9ec0-402f-a5bf-8d340c04f42a,f8a8360e-c112-4407-b885-68cbc93c68be,2
d9db1fae-1f73-45e8-8962-8c4544f16589,9e6ed5ed-9765-40ed-80e0-06c63d48b0de,ced41916-f2ee-48b9-b5e6-99ecf108f0e5,1
38187755-37ca-4b3b-8223-ca597446de53,22177dfc-5d83-4e44-94f6-4197f68f027f,76b6ed8f-ad78-4e41-8256-3c4955941344,3
90a6a507-d00c-4a81-a8f7-c4e5f43c0304,71cadc92-c530-4dc4-b91b-b4d7ac5f1668,9e16a8e0-d43b-4884-9bbf-e09ef9b696d6,1
a4c920ba-c0cd-42ec-9d94-22e3c0de6820,3a24c21f-7156-4714-818f-3ed06b61d816,d93a6ed4-3d12-4965-8f59-2ae4df5197c3,1
f0f2375e-8d09-4af7-9946-fdd3618c7591,778f5626-a865-49b1-9231-9142d9df6ed0,a5a8e64d-fd52-486d-a565-116fb17b05a2,1
f0f203f0-1bf4-4d5c-abc9-475c2ec089e9,067ddfac-3d5a-4112-9238-40ddea25f760,6f83b480-ecd2-4d88-827e-b2103d9dfa59,3
8602b569-2400-4ce2-ab8f-ea07eeab59e0,48ad49d3-66ea-4e0b-a472-dc7e4d4b410b,50e19f29-2494-414d-9812-a92c97a38222,1
e91f2831-8867-4148-9b7a-710437340099,aa8b969d-27f2-4063-bde0-d0c66ffc8b48,65a6a4f8-b5db-4c02-a28c-b814600e35a9,2
0b2bfe33-cde2-4381-92b4-7c4c5c8859ed,f66dc3c0-44ce-4555-8424-8a08ed973f87,caaf0fe3-421e-49d9-a006-aede18cefb11,2
feea2945-186b-47fa-b1f3-e1b989ce733b,e952978c-aa2e-4739-a93e-c237022731c1,5eeda2b8-169c-4573-a595-c3bee605b184,3
109e0c1d-47d1-4e9f-91d6-6cb7ecea543b,2b290954-cb78-4cce-82c9-9406b5c7fe4f,5eeda2b8-169c-4573-a595-c3bee605b184,2
be3cd3f9-68ab-4a0d-b27d-ee55a9563864,3a2679db-602a-4a42-b13d-d6c0fc6d3beb,47dba4b0-084d-4ae4-9dd8-4e9f14c83daa,2
3cffed2e-f9fd-4edf-9a01-2a43889a6da2,59d0e7f8-c9c6-4441-96df-f49f8c1c4ef6,672c4582-ec94-4606-b4f3-22e75db33fc4,2
128873a5-418c-44af-95d7-4548276fdb65,64b360a7-835d-4a78-a038-bce8261b3ce6,d529b89e-02c4-4134-9305-f716c71b9988,3
2a4c7214-c3bd-4d82-bfd2-cb5444e84b4c,d00e2567-b1f6-43f9-968f-504cc7ba891d,81a8396d-6ee7-4a59-aeb2-2337497919a6,1
22d8c200-baa0-485c-9891-bc5a0b57eb04,1e48dec6-2734-4d3e-833f-0ef3de777b5b,3f4b5184-7e9d-4038-927e-23701dfadfdc,3
6683eed5-12cb-4e03-82cd-961c668cb93b,16473eeb-d328-4515-b936-d668d149304e,201f3f92-3c71-4f6a-aa46-03be75af415f,1
6566a4bc-ad97-44b5-871d-cc2a2518389e,10108749-b22a-4f4a-9cdd-8bb706d769c0,5aaf174f-0a76-403a-b3c0-6dffe99b13c9,1
fa1adde6-f705-4728-bed6-c26b4e766fc7,782e7af7-4411-4abb-a697-ed145285395c,672c4582-ec94-4606-b4f3-22e75db33fc4,2
10336919-5e10-4904-b8e0-5efc905fc598,4c8bfdb7-b810-4bf4-ac5d-af466c99ddc7,84accc98-e179-4c3b-8592-97b7b3aa2807,3
ab043d4c-ebc6-45be-8479-885ab96ea538,417878ee-cb6f-4831-a1e0-cf062543e3b0,5901502d-429e-4c41-914b-dc73b783f787,2
e3b0ea33-68e4-4b55-a6d0-7385790a4afb,5a9457b1-0e29-4845-93e8-60ba41e52563,5eeda2b8-169c-4573-a595-c3bee605b184,2
6b7f1751-24f9-4552-8cee-38cc1f9da917,da22b84b-20ba-4c52-94d4-4ba36b83a941,a115ba3e-04dd-491b-b592-cda021c6f8bf,3
a0086bbf-5162-4f87-b04b-387fcc4e027f,8f318f19-21bf-4182-9f32-43b8fd505804,80d19c5b-2dce-47d3-a8a0-fbc9c3bd600e,2
54808379-d1a9-4334-bd87-210487e501b9,f6c18dd0-cd9c-4f44-889f-8b5f1bbbfeb0,a651236b-60d9-4ed7-a38b-ac86ddf74c0b,3
2c5ddac8-fad0-4423-b044-4eb4e1a92869,29747956-e90b-4623-ba8b-a58a75698ea0,ebda6ffc-b8fc-4e43-9c0b-b3ecb89c40f8,2
7403abbd-95df-4b92-8f5b-1065afb9e60c,c8a873b5-89c8-4f80-b036-aec162501af5,02d7b992-f1fc-4a88-b765-a595642d8241,3
03e5b928-7130-42f5-8cb7-5ed77f0a427f,8f28f309-7221-4376-b816-7111413b4f8f,4230174e-e38a-4f36-93bb-49e047a5693d,1
c2d8ac73-9232-4639-bcaa-6747686b88a2,f5917de6-8815-4461-98d2-535eb664204c,fc5a19a0-7f0d-46f4-bcd8-0530c5229059,1
c7daec42-7873-451b-9654-e3f8245ae493,2dae439c-8130-45cb-be21-4093ccc066ad,9e54eb37-0d17-4465-b41a-63a1442efafc,1
266ab183-4362-4772-a8ed-24d1fd341b92,c2b54da7-bd0e-4d28-b717-af51caf8c046,a9bb8177-95fe-4c69-937b-860308b4bbc7,2
20512099-cd84-4666-960a-84643d742ffb,66732770-022e-4aba-8e0f-41c47df069a6,4be59bae-064c-4bec-826e-c96ab2c9d6a9,2
bfd3c9a0-d131-45d4-8229-4425028db9c2,557d1bde-d57e-484e-8edc-654fd468aa01,7ebb3b48-2fa3-4636-9c71-a698215cf2ab,2
9d5278a1-06bb-496d-b0a8-000f6d988e7b,ed2d87a4-dadc-4e1f-9058-1decc2c98a73,a115ba3e-04dd-491b-b592-cda021c6f8bf,2
7357fd1c-9d45-4c4e-ad88-08a80eb0da56,9644143c-bb4c-4214-8a1c-e47834d2159c,a910983e-bdda-4915-bd6a-9d05ef1bb506,2
825c25eb-4a1c-4d6c-89bf-2f280606e89f,5123374c-2bb6-48db-816b-8b16b0816dd5,5838a2be-c776-4dec-9ead-1fef76ac167d,1
ec563cee-8884-420e-a58d-70cbf3c1039c,ec9a0132-41e3-4cf6-921a-b5f77ff719f8,f8a8360e-c112-4407-b885-68cbc93c68be,2
95a4e9b7-ba58-442d-97e2-3ade754e38a5,fd9ee1ed-03fc-41e8-b75f-ed27f1e79eb7,f9b2820c-40a1-4769-83c1-37bdfae45c99,2
cfb6b08b-ae73-4c52-9f0f-ddf757dc0ea5,cd0589c7-49c2-4b05-a4a4-3b2b6ef62af1,bca71a29-a853-4f73-b2dc-965e6055c746,1
f49d6492-7f9a-42da-a96f-3e9f5ff1602b,47d858a8-b6de-4f7b-9f83-b57502654e59,279c5d31-58f1-4527-85eb-ebd8a815aac3,1
f1aa9d7b-d768-4599-996e-fd048723c3d0,8aac8006-2eae-49e9-889a-bb59f92cdf63,6bfc4954-1150-4d81-8a09-5eeef09a779c,3
d92847f3-3a72-40cc-9d7a-246cf8cf7bcb,f8222a1f-afcf-4ebb-9f81-55a5401e58bd,7d0ef134-f9d0-4cb6-a63e-dc4e440c1be0,2
7c52f4e9-7cfa-4639-bee3-a2c36a3901a6,602391c9-2535-481b-b469-4e9846303fa5,d1536aeb-f6dd-45f0-95dc-2de377b9b782,2
9f304dc4-57a8-4420-a4fe-50e170351951,88235669-9543-4c7d-b9ef-fb93ffbc28e3,65a6a4f8-b5db-4c02-a28c-b814600e35a9,1
91be5b09-0e07-4d60-8bbd-c27f79659c7b,cb69b4fc-a67f-4740-969f-21b24b9b2731,28518a57-6b50-4f94-bcc1-cae42336f5d7,1
d82cad43-0ebb-4385-aacf-438bf1d6408b,9435222b-fe4e-479c-9461-f1a0d5ba41bf,279c5d31-58f1-4527-85eb-ebd8a815aac3,3
cebc996e-32a8-4e3e-9e7a-42a9c8e4a9f7,abb4730c-9639-4a1a-b57f-445faec37325,5eeda2b8-169c-4573-a595-c3bee605b184,1
0a90b33f-98df-49a4-b2c9-65afbb1488ab,070ffa1d-2f8d-4dff-840c-a7075a5be4f0,0e6e60de-7e9a-4771-aabe-b57a5fd99cec,1
80650c32-1a52-4bb8-8fbb-43fc46dcf7b6,5bcb611a-27d3-45fe-b2b9-73c77794f2b8,8a9db4de-8fa9-47e6-88a7-bcd803ea650c,3
a0b33cac-9a3d-461d-aa54-5baa641379d1,95af7fa0-d4b7-4e69-a9b7-12b8adba1774,099c2be8-a55f-4481-8a79-bb81a6f79a9f,3
3ca3b1f1-d421-4119-8b8f-7e3a822b4f32,6f62057d-5ce8-4f11-b1fe-b842e32b6a75,cab10f6d-a2c3-476b-96be-1839a7917e49,2
0e927fbb-7673-44cf-845a-33bf0df909ef,b9133a7f-5fc9-4182-af58-4fdc703134b6,a9bb8177-95fe-4c69-937b-860308b4bbc7,1
5685cc0b-f41c-477a-95dc-1e09fdcc0237,76c1f678-32f1-42e2-bafa-0de8c0de1a31,0e6e60de-7e9a-4771-aabe-b57a5fd99cec,1
e6799414-4e35-496a-86a8-c65094436a8e,8220860d-7406-4ca6-92ea-c20dd754e263,20fe47ec-3e23-4947-8055-81e4099f33eb,3
3e727704-76f4-4b74-b970-d29b5cba2d16,7489f39e-f529-4aa8-a205-891071c01788,9bb6c04f-be4a-4c42-8291-0226b0c82f62,3
fca8e545-2a3c-4be3-a020-e9586e2e4c5f,435316e3-056a-4976-89a6-ba64d2b76db5,abd0f15c-e7b3-418e-9768-9ed32cd3fa90,1
07c64bfb-1bcc-444e-b4b7-9c8bd7e87b2b,de79db25-c6a4-4f7f-8512-0342f2e382b2,88c377f5-4b2d-48eb-8c80-75c3a8171ae7,2
8214ca3c-b471-4406-b520-c9602d1e8389,0d2734c4-f97c-42ef-9e84-316984952190,50e19f29-2494-414d-9812-a92c97a38222,1
08d46e3b-376d-498a-9579-11611f128597,49805789-2058-493a-83aa-28062a7a707c,8a9db4de-8fa9-47e6-88a7-bcd803ea650c,1
b9e176f0-1ecb-4f11-a297-551fd55ffeac,0ced4533-3eb7-4c48-94ca-ca50bfbb64e7,5901502d-429e-4c41-914b-dc73b783f787,2
786957df-a59f-489f-8b0d-281f67f7d8ee,0a69c2c1-b63b-4ae0-b00a-abaae8523517,34775c41-d73b-4918-b22a-0521835f678a,1
380b249e-47a0-4f7d-8227-189db861c148,0effc2e2-3fae-47a6-9cce-3bc4a4067568,65a6a4f8-b5db-4c02-a28c-b814600e35a9,3
7500703e-a849-4084-ad78-b3ef22470b7d,0951eb65-8204-4125-aaf1-93487ade01ce,3a802b87-946e-4c1d-945a-7b3b8b0e8d3e,1
e08b4e64-aae9-4beb-a93e-b94c49a59e7e,f708f16f-3783-42a3-9b10-c2beb33f54fe,22549d4a-d0e1-4df1-b490-87a9d009ad62,2
e0f6ce4a-c3eb-4e80-83ce-dfb3d225d60f,37f47e89-8791-46f2-9a2e-d9473d16112b,34775c41-d73b-4918-b22a-0521835f678a,3
f8d15af6-aaff-464b-bd9f-245051496f17,36041039-c58b-4c40-808b-b7eb87d0d00c,fb6d977b-8e59-42f5-bb61-daf7c3258b02,1
519bc83e-d6ee-4f1e-9790-bdf2a832f662,6a9760cc-b434-4918-ac9b-6a35f2fe1e20,f9b2820c-40a1-4769-83c1-37bdfae45c99,1
35736c3e-7036-42ec-bd34-5be8d1652e89,3ba9269a-1909-45ad-aa8f-13af4917a62d,ebda6ffc-b8fc-4e43-9c0b-b3ecb89c40f8,2
e273e19d-6fed-41c9-b515-913e444da7e8,a38d24da-2e5e-425c-8eb9-61fa28a7d213,e0c71a05-519d-4c12-a76f-448ffc1cb9d3,1
e43cbe1e-df74-4787-ae5c-9068782e333c,879558a0-2c3e-4452-a885-afcc1112266f,d8846728-7ed8-445e-908e-21f47e372c54,2
4644c1af-3b7d-475b-8c6c-afa10f91a2ee,3d422562-09c0-4805-9cc3-7a846ad841ca,672c4582-ec94-4606-b4f3-22e75db33fc4,1
39cca0b8-55f4-42a1-8104-f330370ada03,1c908e38-b64c-4853-811f-8c10e8c030b8,279c2203-7292-4fbb-8cf8-f44891441846,1
5687aa05-e880-4850-a2cc-2fc936fef961,96ab3b98-228c-4137-93c9-4bb481ffd2bc,5838a2be-c776-4dec-9ead-1fef76ac167d,2
ed54d0b7-eff8-4006-9819-ec17b352df36,99398d72-8d6a-41c2-a3d8-65aea5cb0c28,672c4582-ec94-4606-b4f3-22e75db33fc4,2
7d20d048-1b91-439d-90ef-1a1356665cfd,bb7c9511-1429-43b3-b5ab-53bc3b712f43,6f83b480-ecd2-4d88-827e-b2103d9dfa59,2
d423cdce-2efa-4910-96ac-907b1d85be83,11319637-a39c-4df0-aa9b-e3c8145bc29f,d0e563e7-a062-415f-8219-1d9931fcecf1,1
980fa426-33b3-4665-a125-94a5181db729,3292204b-926e-43a0-8a95-5561e64ba005,6bfc4954-1150-4d81-8a09-5eeef09a779c,3
2f112a64-8c74-4645-92bc-79854fc4dc06,8253311c-92ec-4dc5-beb0-c23058e95735,72b897cc-33d8-4aaa-82fd-70b898ca966d,2
3688bcd3-719c-4173-bdbc-b6a727680ddb,c606059a-a5db-4f18-aba7-9a01c8371665,4230174e-e38a-4f36-93bb-49e047a5693d,2
3cb7ce81-0a14-47a4-83de-ced80da5973c,6cada107-ad6a-4c03-81b4-a5723efd0873,47dba4b0-084d-4ae4-9dd8-4e9f14c83daa,1
635f31a2-511a-4d88-825f-1f0bed08b317,c648b629-bad1-46b0-aad4-0d162f36f891,20fe47ec-3e23-4947-8055-81e4099f33eb,2
45e1e691-43b8-4940-98cf-efbdca86caa0,30c7fe2e-2256-49f3-b20f-e58853b95380,65a6a4f8-b5db-4c02-a28c-b814600e35a9,3
9d29f80d-d48d-432a-94ce-c9821c3eeb8c,3d83b5eb-0797-4db9-8277-2cd784c79005,f49b6c7f-1859-49eb-ae36-7fcd89943378,2
54403f6d-0981-4f84-bd7e-f44e52add9f2,56a3e238-cb3b-440a-8bf1-d501a4d268a2,86be4786-7b39-4daa-a6a4-df3136ee40d8,2
d3499093-d292-423e-b7d9-522e02877ba9,5fd5b050-99d2-45c2-8b53-755ceeac2cf7,beebe6ea-9a33-4cca-a17f-105b4d226ca8,2
791d1a37-4c0c-4438-82b3-2a67c08f20ac,3f025c1f-3b59-4d4a-8a73-7a9e32a40370,ddc0e2b8-e408-47b9-bb1a-96d00fbd886b,2
c2220a55-f05d-4ecc-a4da-d58ed711f211,2f14b6b6-dfc1-403e-bd90-2eefffc02c94,935ddc28-373d-43ff-a088-7f16a66a5ffe,1
f4af9778-51c5-4261-a184-99cda4b57b23,f8c0f797-4e82-4e2b-8e75-4f6754cbed48,28f23ead-ed12-4feb-9636-0777eb328182,3
3d5cb5db-34db-45f6-807b-4c6354350335,bd7745ea-5894-456e-a5e0-41fddcbf1bf5,984ace7a-e291-4c9b-8a8e-2d2ded4e1d24,1
67261b65-db23-43e2-8985-8f28f978683a,ca6ab1bc-c08a-4ac6-a069-51165847162e,4234721c-5fb1-4303-9fc0-37e8a8e6999d,2
7a2eff79-860e-4a9b-9c5c-6544af6eec6d,012d90bf-c666-4129-beb8-c9fb53046177,d8846728-7ed8-445e-908e-21f47e372c54,3
d868a942-93a8-44a5-8c68-81a84150a0ad,8108e729-1b7f-498d-884b-b5e183c78bcc,ee4c6ad2-6ea2-406a-bafc-d25b9b39a038,3
79f8378e-2978-4d32-bf8a-ae2386af3968,db121067-fd68-4d8c-9f3c-95d9eee70bf8,10e149fc-0348-494b-81bc-1505cca06736,1
ca705258-061c-43d7-aef9-f4ebe842f7d3,b3d61c90-6da2-432f-96b0-5c951be3bd10,fc5a19a0-7f0d-46f4-bcd8-0530c5229059,2
bc3430b1-5036-4bf7-afce-fe2c7f5772eb,15688ebb-4040-468a-8281-9f6f8568f5c7,db465b3b-77f2-4707-b61a-f5f13cbe281f,1
42b8604b-1d52-442d-b9bf-d16651b240ca,a70d0906-11d6-4f06-a88d-3bc8b66109b1,beebe6ea-9a33-4cca-a17f-105b4d226ca8,1
6e3681a9-06d4-44f3-937f-55ff0de31820,426f7dc9-daad-40d5-892a-4eea86151462,c1991e50-e942-4f00-be18-452746e21271,3
4ebd8175-76d6-4240-83f4-04326c6bca29,04736a6e-c3f4-4bcc-a257-7636949b21d3,979d0be0-8b4b-4268-ba6f-f0ab57e20bc5,3
a9a51d4b-2307-432c-bdee-a5160adc81a6,32c7a44e-f74d-46c0-a27c-7a7bb8e85a71,672c4582-ec94-4606-b4f3-22e75db33fc4,3
c5c88a5e-585f-465d-84e2-f4e29f702868,35e199d7-ef50-410b-af23-ca535ac1d210,8bcc0275-bcd9-4804-bd33-fbee3660713c,2
309e533d-c0b6-4a4c-841d-75ac4418fb5e,79d0e33f-e49b-4b0e-aa1e-6ae337b4ff61,5eeda2b8-169c-4573-a595-c3bee605b184,2
3fe754cb-f04d-4d50-ab1a-ab360e95d82e,d757b7d7-541f-49cf-90d8-2a0061e3269d,7c5c2da4-bed0-4552-8981-1734fe31542c,3
0560b7c3-5567-495e-9d25-783a6d5e1b5a,42ed75a9-0149-43ba-90f9-067ac28993ef,6bfc4954-1150-4d81-8a09-5eeef09a779c,3
431748cb-e8a8-44ea-8f81-e096365492e1,3b1e5473-6d78-4ccc-9aec-0823e6a1c863,6f6b36d9-dcac-4c1e-b66a-e2684ee4c6c7,2
832bd761-1516-402f-a565-8434b217f5d5,d0abe83a-3937-4a18-8af3-84fe34531e5a,d74e376a-686a-45af-af18-941b8fcd745e,2
ebd6def7-255a-4ccf-980c-6b74e4a6fe19,24f60da7-d5e8-4802-a8b1-f7c7f41fc07b,9d0f1335-3fad-425d-85eb-07867ee177b2,3
0a11c71a-dc3c-4906-ab71-204470bedff7,988d339b-be28-4d3f-89de-60c721ba454c,549cefb4-9860-4e18-9165-1daa0dab640d,2
34696097-4eac-411c-89ff-0ece52565196,1c361deb-637e-43fd-b503-e4ec878eb06a,6f6b36d9-dcac-4c1e-b66a-e2684ee4c6c7,2
3ebe4e1e-6ed1-449d-9dfa-bd45ba04b488,230ffea5-6194-49ca-ae3e-abc7aad75303,7c5c2da4-bed0-4552-8981-1734fe31542c,1
09ee51b3-f4ed-4bde-92e5-52d438374a3a,b9992b02-ac56-4648-89e2-858cb210c029,501c7126-f743-4a9b-b694-515bfba7c037,2
eb2ac5a3-32bc-449d-a09c-1eec1a3e72bf,ed6c8b58-6706-4859-bfe5-6d1f8423f707,2f95b2ac-04f2-4290-b8b5-60005c4601a1,2
a3a00da0-6a5b-4690-9c9a-18498b9e6bed,42c9c51c-89d6-4f9d-993d-8f9105cc09d3,31c3597a-7ce7-4017-b2ef-61485fd9a7cc,3
265f1a3c-b435-4df7-8ddb-070d9c271b1c,6c2f8c6a-df08-46c7-ad2d-dc6a7f399511,0db4820a-805a-4ee9-b345-b2bba8971d91,3
e7e11b80-48dc-48c1-ad57-0e816dd744c7,67a6a296-018e-499d-a63d-071ab68a1cb8,97648fdc-9dfb-4b3e-8dc0-f10d9287bdba,3
f3ad1d71-b031-4bd1-bdab-1d640b91ece1,e18cc780-6cf3-495a-8603-3f0b73b48a23,54aa4fc2-4ebe-40c6-8426-4e7fc6376183,3
debdf96a-f6e2-4125-ac9e-95c7b6efea7a,70f9fc53-c22e-4245-bddf-a9338a25ee42,db465b3b-77f2-4707-b61a-f5f13cbe281f,1
8224aed1-194e-4058-a5f2-91a51961bace,dac95b71-43eb-4fbe-a48b-d17391e0f05d,099c2be8-a55f-4481-8a79-bb81a6f79a9f,1
1adb79c5-9d26-4c3c-be9f-2ef7f0c12e6d,9a577305-9d61-4d46-9715-504e86678df5,12fd588e-17ff-4b8d-a866-9934a6861df8,2
94d69d22-9c22-4edd-b212-2b98c75aee35,ad1882b2-4329-4654-b06f-3ff69466bdde,0b52e799-177a-4336-b956-efe8fa8f23a0,2
e5b08092-6243-4553-9777-59f5a5e07a09,0a6b4b55-350b-4177-9593-732cc3dae6e2,ee4c6ad2-6ea2-406a-bafc-d25b9b39a038,2
15ab2a5a-aefb-4994-b531-af0bda85b0c1,0f871adb-47e6-4f7c-9c7c-da80476e9553,d1536aeb-f6dd-45f0-95dc-2de377b9b782,3
b28738e8-5b3c-42c6-969a-a4196e03240d,9e8c4ce9-d85b-4e4e-a3e9-745968686880,36448613-605d-4b93-a5d3-5ef29922209f,3
c87a6fa9-d07e-4b70-8e8d-bba9719342f7,c6fca988-e200-4e5a-a903-ac1c6356c3d8,bdfa8e9f-9331-43ce-9d64-61e229f56cee,3
59eb0659-9e2c-41b0-be70-14559f2495ac,6a17d592-c132-4039-bf62-7025060af445,6f83b480-ecd2-4d88-827e-b2103d9dfa59,2
f658a889-7cc0-4585-9dee-2fa9de1ce5d0,b202df14-10d8-4fbb-ac2f-e14caf95e265,08f99e79-31c9-405a-9c94-e5a9f5ffe29d,3
1d441187-f9ef-49ae-94d1-8dc4f3e21f21,ef7a0799-0845-4d00-b120-78d1aec494a3,201f3f92-3c71-4f6a-aa46-03be75af415f,1
4bcc10ec-de5a-4b2e-98dc-c2e94481f44a,afcf501b-4d33-44cd-b79f-5d35bb3cc246,d8846728-7ed8-445e-908e-21f47e372c54,2
e3106b6f-caf3-460c-9fb6-838d8c159b27,d5ec9278-c472-47b0-a97e-4425a1111b20,501c7126-f743-4a9b-b694-515bfba7c037,1
3a0e5c4d-2e0e-4c44-998c-9be1e616eff3,9fa64051-cb57-4655-8c28-280442d96cb3,2c0cce6f-78ba-4796-be19-6bb7dc4601be,2
9762f4b7-43b2-4d7e-9f00-dded17a667aa,2ad3e157-7068-4f91-a64d-9209d7658dd4,36448613-605d-4b93-a5d3-5ef29922209f,3
8c104d42-c047-49d1-a92d-bc877398fa8d,796e69fa-0400-42b1-aa8e-86ca43acff54,65a6a4f8-b5db-4c02-a28c-b814600e35a9,2
c2c5af5f-0d70-4564-8318-90d9bb756832,b65d8920-bf3d-4636-8cf7-db01bfb2e09a,5aaf174f-0a76-403a-b3c0-6dffe99b13c9,3
68224998-e6dc-4375-9d5b-d5a454635e6e,f2e7d53c-160d-448d-a430-9ba172b45df1,308a3547-4187-458e-8868-3df5f39bb3d9,3
f2cd2f82-40e3-49c6-831e-b0fc48f9cf4b,3708bd1a-5c9b-4466-9ea2-cffc1473cf1c,2f499b55-c45d-46f1-a51e-b48a23921a88,2
9c6c3899-1d84-41d5-af8f-d11698270e5e,a8c15ca5-9b7a-4efa-95f4-2f4d49bc4faf,d74e376a-686a-45af-af18-941b8fcd745e,3
b443610c-2be3-491e-833d-95ca8e685124,d2f46124-2b32-446a-8e7e-d4f947c34d55,2876e88e-23a6-4f98-93c1-f6655a4fa180,2
1438913b-5e2e-4081-8449-5223e1b181eb,1ac76c1b-333d-4a24-9328-9090125e80ec,88c377f5-4b2d-48eb-8c80-75c3a8171ae7,1
67afb6c7-b296-4342-93bb-2ad1f065c03d,5a6e8ede-9a03-478f-b0ac-9dc907ac9d32,d0e563e7-a062-415f-8219-1d9931fcecf1,3
9c143243-00f7-4eef-abd3-3a90b13c6d24,a2b2c731-2a18-4058-98c7-3bf61c5d94ad,a910983e-bdda-4915-bd6a-9d05ef1bb506,1
2b3121de-af05-49b8-a9a5-fab318f37172,45b1d0d6-ea62-4685-a396-fae6d48de977,20fe47ec-3e23-4947-8055-81e4099f33eb,2
12cd801c-7b38-460a-af36-44995aa4dfec,0b4ac416-dca9-464a-904b-57dd0d4c8127,6049401f-ba02-4513-ad31-df49121e8ffd,3
0f9d6ad7-b3b7-4775-992d-88e643108f05,641b0261-14da-4ed9-bd6b-22878e800372,28518a57-6b50-4f94-bcc1-cae42336f5d7,3
a95ca592-448e-4817-8e0f-6dd6d09fb2c0,9ee0d8c0-db3b-40a4-9ba4-f46250d68324,d681eaf6-9d2a-42bf-ab98-8b93afce953f,2
14877a34-139a-4869-8325-44f74176e745,352359c4-9248-4fbb-8169-9f9a3dbf1eb2,201f3f92-3c71-4f6a-aa46-03be75af415f,3
493dd803-9a54-4d30-923a-86ec3d6a5542,67aa6b9f-5cd3-4851-bd57-f4afe29ea381,cf9d26cc-7c2b-4c08-a071-bdd86317faf9,2
6977b076-daa1-46fe-a616-43974a7e3f8f,7ff35a26-99df-4ed7-a878-3812fd978b8b,c8180d81-ab58-47a5-b62b-dee2362b147a,3
c05bb04e-cb3b-4bb4-b3f2-f7730c3a9401,798a71bc-57a9-4163-9e81-b677f8f5f6ae,099c2be8-a55f-4481-8a79-bb81a6f79a9f,1
f8225cc6-793b-4b14-a987-949ed356c5bf,1708bd4a-a819-47a9-bc2b-87cf9cbfa512,3f4b5184-7e9d-4038-927e-23701dfadfdc,1
6f633279-c4d9-47b8-9820-9027407fded4,d13075c1-5b6a-44aa-8bba-a41b1b18a7e2,ebda6ffc-b8fc-4e43-9c0b-b3ecb89c40f8,1
dd109640-5762-4ac6-9566-2515aee7107a,64492d60-d2e6-4719-8ca1-822854560e44,a0fad330-fd48-4734-8c27-0c17efc1525b,2
86422d6c-3590-4f3a-a640-bcad72052c7a,ff0f3ec1-7492-4e69-bdb6-87cdcb516ac6,149e3c64-911a-4737-b40e-eb3528f3bc8b,2
e3491837-fa9d-45dc-85f7-d17eaf0e1240,10d4eca1-5170-4a9f-bcb4-8018af43bbab,2c4aba23-cf91-435d-8953-ef44f1097dd5,2
b3fe5523-1d34-417a-b239-dec5dcc8d642,b7c4e257-9012-49dc-85a0-07faf1638690,501c7126-f743-4a9b-b694-515bfba7c037,1
35c2bc51-8fc3-40ab-80f2-a767c039682b,84ef987e-f7c0-4e4f-9b41-42e460382211,76b6ed8f-ad78-4e41-8256-3c4955941344,3
503d7510-301d-46cd-8658-11104b29adf1,cc748dd8-7db4-4cde-896d-bf023604021a,cf9d26cc-7c2b-4c08-a071-bdd86317faf9,1
dd474eba-bab1-44cc-8d24-e029a74512e9,4a10c9bf-e59a-43c0-b4b1-3a43e707496c,abd0f15c-e7b3-418e-9768-9ed32cd3fa90,1
4f9846f0-f928-4b7a-8ebc-29d681be0a53,de7bbf11-7a2a-4075-924b-e96d36d85d2c,4234721c-5fb1-4303-9fc0-37e8a8e6999d,2
4ee6a3bb-b534-422b-86c5-5f2ccd33cdf8,eb2da152-0ac6-42b3-83c9-448b93b9e54f,6a800f33-c65d-4b09-aebc-67ef70b47578,3
47c3d392-ab71-499f-aa0c-fdf85aa63116,a344af41-5b5b-4349-869a-eabdaa8f1985,4cab4f2e-2fd3-4fcf-a479-06819c075afb,2
0ae47fad-1931-45db-a6fe-02a984ac4a4d,cff9f420-a557-45fa-a91e-63c09c9ef93c,c8180d81-ab58-47a5-b62b-dee2362b147a,2
e35bcc8f-c33f-4fca-b7de-115ad160dbfe,4dee598a-85f7-4bb6-a4a7-0eba06baeb88,69a4a524-1dc3-4a38-b182-fae0426d7754,2
7124030a-46b9-4830-bfec-f43208187197,6a1b8e9e-29a8-4823-a4c7-0b77dde8ec06,69a4a524-1dc3-4a38-b182-fae0426d7754,3
502e6465-662e-46c3-aab7-39165ead746c,367804e4-10a7-4ed4-8caa-71cad76cdb3b,5eeda2b8-169c-4573-a595-c3bee605b184,2
e786cae8-39bc-4f48-bb5d-a00dc9c62278,f6688b53-8431-492d-a8ec-bb33630d5bb1,9e54eb37-0d17-4465-b41a-63a1442efafc,3
be6f8c31-b353-4607-9d84-15df67a0aa4e,b40a1a7d-0a08-427e-ab9a-39b7bfa95d80,4d0cd76b-5992-4b08-a556-68b0b5b4fdd9,1
838734df-410a-490b-bafc-461b63d7226f,20e5b54d-7d90-4567-8447-530e66447349,9e16a8e0-d43b-4884-9bbf-e09ef9b696d6,3
b6004b17-e421-457b-a356-85e094822dd0,92b2a63a-912b-4b21-967d-f5efa809b70b,47dba4b0-084d-4ae4-9dd8-4e9f14c83daa,2
88b162e0-9028-42a7-8a69-18c635b754c8,8cd1609d-3fda-443d-9f0e-c2c7c715875e,a115ba3e-04dd-491b-b592-cda021c6f8bf,3
85e854fe-36b7-4fac-b304-d52786740126,8a47c089-c10a-48dc-a371-d309f8407af0,03ff807e-db97-4d2d-bd8b-a41da80edb53,3
18e0c970-9aae-4581-a017-01d6b7e7bf83,2e1e16d9-0a83-458b-9448-c4d798ffa1ba,7d0ef134-f9d0-4cb6-a63e-dc4e440c1be0,1
23895f0d-27e1-4bbf-b39d-f57f64caeb43,323b30e0-6f03-4099-8a4b-78195cd59025,84accc98-e179-4c3b-8592-97b7b3aa2807,3
776eb809-85c2-483b-8259-313e3ffd8d9d,3f442776-604e-4d42-b864-9273e5835c0b,0e6e60de-7e9a-4771-aabe-b57a5fd99cec,2
dadd6d84-f0b5-4d0b-b036-99c785c28c67,92cfa99a-241b-4924-a9d8-b48f344a9191,f49b6c7f-1859-49eb-ae36-7fcd89943378,1
479f01eb-7d71-4a57-bf17-13aec4bb98ef,8e29de95-9960-4b13-8d98-762b3ba8c455,ab508650-43e1-454b-a19c-22bcbcfec332,1
75471d08-ed74-4204-85e6-40bee6711f85,a92356b8-7846-42c3-92aa-ef530b56a9eb,2f95b2ac-04f2-4290-b8b5-60005c4601a1,2
e6323436-ac2d-4c6b-bee0-5dc3839e3af2,89a03ca6-a2f6-48d6-bda2-c6df8ab1d311,a5a8e64d-fd52-486d-a565-116fb17b05a2,2
6599392a-7bab-4f7c-bc6b-dc698dcdddf7,3e65bd90-614d-43e9-a728-30855fb44de4,f8a8360e-c112-4407-b885-68cbc93c68be,1
fb29045c-23fe-44ba-8454-40381a2b1f53,2fd7a012-ac7b-49af-afa1-78296e13128f,e5c1063d-fa0a-42f7-b758-8cabd1837163,2
5b84e460-75dc-4aaf-a9fd-395d4ba4fffe,d999b927-3bb9-4405-80a3-ac430b951aa8,4d0cd76b-5992-4b08-a556-68b0b5b4fdd9,1
4a5851d3-0b20-49d7-bb43-92ca05a9dc88,2a3df047-eea1-49aa-aa9f-a42e16711af1,4be59bae-064c-4bec-826e-c96ab2c9d6a9,2
7d7bd8e3-28bf-4c86-98ad-1921951fc649,f21a09e9-50d9-4c5d-aae2-39957121f8f3,d529b89e-02c4-4134-9305-f716c71b9988,1
3472c8ab-9d9a-432b-a5d7-43c43293efcd,0578deb9-90e7-428a-af95-193fb30464f7,4234721c-5fb1-4303-9fc0-37e8a8e6999d,1
44190b25-2999-4905-8814-ec2fe644cd72,34451234-1a38-4714-a05b-487059c8503e,51358305-7e5c-4635-a7f4-38dfd14c6e5a,3
fcabf44b-aed9-4de8-8330-6b5aeaabd491,9431a5ae-e25b-4ea3-9f6a-b7507cd70f43,bdfa8e9f-9331-43ce-9d64-61e229f56cee,1
4d8fff62-8fb2-499c-95a8-754368fdd611,fcbcccd5-706c-450f-a85e-b252582110f0,abd0f15c-e7b3-418e-9768-9ed32cd3fa90,2
b54275d8-558e-48a0-bb01-740c929e82fc,c6ba97b9-d83a-4119-b6ae-95b595277d00,cab10f6d-a2c3-476b-96be-1839a7917e49,1
bb523702-32a0-47fb-955a-7dcd686cc7a4,664e2454-af29-464c-b8b9-a5f4c989dcaf,9cf97cca-0ea5-4aeb-b239-6676eb8aa407,1
2f2605c3-177a-4e05-a28c-277676d8a342,41d57920-b6dc-4dbb-9083-4818d78bc061,ddc0e2b8-e408-47b9-bb1a-96d00fbd886b,3
f86dcc64-0356-423e-85da-3d4e5fd57979,ae2c32e1-daf1-4044-91dc-d622305dd87d,6f83b480-ecd2-4d88-827e-b2103d9dfa59,2
2954ea1c-354e-4d7e-a0e7-84b9faee93d1,8f5ee828-baaa-4d98-9dfc-5353a0c10a8c,3f4b5184-7e9d-4038-927e-23701dfadfdc,3
e4b19abe-7cd5-4408-8668-8f726cb61ae6,64bfbd6d-31ef-457c-807b-a497e46b5f0a,c8180d81-ab58-47a5-b62b-dee2362b147a,1
5b56f15c-2661-46e1-90f2-f78c8c898804,a249b9fb-aaee-4f57-977c-a3325f7081ae,10e149fc-0348-494b-81bc-1505cca06736,1
893bb65f-c6ca-401a-8760-bdf63929d387,dd274b90-d1ff-46d4-9996-215c7712c671,328e4a9b-959b-4a03-afab-211794fad351,3
047368b7-0d3d-4f7d-beb2-102a2eb02870,76d47844-d83f-4410-844a-980e1739eeb9,76b6ed8f-ad78-4e41-8256-3c4955941344,3
7355deb5-e1a1-451f-a1f9-2adff0359809,42d05326-075e-4315-bec9-61b51675be8f,0db4820a-805a-4ee9-b345-b2bba8971d91,2
5d758d00-49ca-438b-ac1c-70ec8bfe98c4,0239855a-08a9-4985-a6a5-644ffea86d4a,65a6a4f8-b5db-4c02-a28c-b814600e35a9,1
8ff15d42-0fab-4ccd-beb4-15cc77e61c81,f6613b79-d694-460a-adbc-ca3b3bc1adf0,501c7126-f743-4a9b-b694-515bfba7c037,2
47f48b0e-4e9e-42b7-b377-c6e7b35471e9,00953f48-0e0c-468b-a0cb-a3bb30def6ba,9d0f1335-3fad-425d-85eb-07867ee177b2,3
5c94cdb1-1ddd-49f9-b64c-0f3ca23b1f9c,308ffff0-07a2-4564-87cf-0d6d6413d701,4c730fcb-7a34-4b0f-9e0e-3202214c49eb,1
cdd03e1f-76a2-40a3-8548-e0b8ae05b994,dc538800-fa1e-4824-9158-edf568e03018,49c05dbc-ef8f-4d2c-b5be-2c5f9d057c8f,3
4541ae0b-e7db-4b17-9858-458c2a8a2389,2665fe50-ab17-4e25-be05-202b9d20074c,984ace7a-e291-4c9b-8a8e-2d2ded4e1d24,2
60b34c32-8611-4469-a681-e9e3a1ecc4e6,619fb492-47d9-401c-8b29-b3994a6bcba6,eb6cc66f-3a64-4979-a57f-f2dd893bb05c,3
48c588c4-bb6e-4b45-8f48-43378b64c943,325dfb48-09aa-4b6f-a02a-b5fc28d682f4,a115ba3e-04dd-491b-b592-cda021c6f8bf,3
cb67ada2-cde4-4dc4-8e25-fb9fb8b4ab1d,be1e9bdd-8fc7-40f7-8a47-471d25e9fae1,a6965682-ac74-4da2-bc29-4b81e62e8a18,1
b3541258-79e1-4114-9004-a6ff963606f5,5ee443a0-2568-433d-b2ed-78df4ec57cdf,5901502d-429e-4c41-914b-dc73b783f787,3
29f33f89-f734-4460-81f8-bf404f26282b,7262a621-8c25-4ac4-b938-10db0c2d3044,4c730fcb-7a34-4b0f-9e0e-3202214c49eb,1
e16c96c7-40cd-4667-93c3-ce614c534b54,08cb7b28-28ca-4cd4-8d8c-c874826e3401,12fd588e-17ff-4b8d-a866-9934a6861df8,1
fd05a888-281e-475e-a077-1ec4a0a9eb6a,428cd636-b1f1-420c-a079-e54c12a12341,a5a8e64d-fd52-486d-a565-116fb17b05a2,2
b4a830a7-68a2-4e71-9090-af4f527c8ba9,548d55dc-15f3-43e3-aa4c-e945eb005d48,84accc98-e179-4c3b-8592-97b7b3aa2807,1
26eedfb5-6fa3-48b7-868a-95c5d9de1ca5,a355ed74-7086-4a05-8ec5-640e9a43b30f,ddc0e2b8-e408-47b9-bb1a-96d00fbd886b,3
6b9a1dca-7458-42db-94c0-d49e500235cb,e843e66e-c857-4c90-9909-d4e145b3d102,8a9db4de-8fa9-47e6-88a7-bcd803ea650c,3
7e152f4d-58a7-4d1f-a129-1d45c0eae778,353192f1-ffb7-45b8-9a21-cd1a0b4117e4,308a3547-4187-458e-8868-3df5f39bb3d9,1
16df7442-1360-4610-9908-cde1d8d2d0c9,613a9016-64ed-4623-9c0c-7b73e8989617,9bb6c04f-be4a-4c42-8291-0226b0c82f62,2
39d6c14f-6466-45e3-aedf-e6ca15b558c6,7c284ad8-fd95-49bb-bd0c-2cf36b00ad31,4cab4f2e-2fd3-4fcf-a479-06819c075afb,2
eca62686-7f83-4548-ba95-d626623f545a,87e36a97-fbab-45cf-97dc-97fd2e22a7aa,4d0cd76b-5992-4b08-a556-68b0b5b4fdd9,2
d47abbdd-3625-4d87-b68c-0dc9651f86d6,1a9bb206-a1cf-4837-8aff-fb47c9ee7f4f,eb6cc66f-3a64-4979-a57f-f2dd893bb05c,1
9ebf078a-12a2-4b90-a65c-9b4da3d2e30b,69a54a00-3f4d-4a51-ad57-c164c0c0305f,db465b3b-77f2-4707-b61a-f5f13cbe281f,2
aa08a10f-9e3e-496a-b11c-838baa6876b2,3bbe5195-1141-460a-822c-ae2e728941d0,5eeda2b8-169c-4573-a595-c3bee605b184,2
5607f7fc-05d3-4879-b42d-feaaab73e386,bb55bb87-62ca-4677-b5f4-477686120da4,6f83b480-ecd2-4d88-827e-b2103d9dfa59,2
da6de99f-1b1b-47dc-b418-f3f56f315e37,723159d4-16ef-405f-811f-d75e4b9b07b1,29874687-7995-44c2-b211-471d32059600,2
a90a558b-099e-43e5-9e03-da4618903b3b,5404bf78-9a62-468e-8421-a153e0c042e2,d1536aeb-f6dd-45f0-95dc-2de377b9b782,1
30a85ad1-7946-4a2f-87d2-6d87c610d32d,c47b6978-d257-4de6-924c-65ba87ecb3b6,fc5a19a0-7f0d-46f4-bcd8-0530c5229059,3
5ccba327-d316-423a-a905-6378468f9758,f41ef0a2-1a10-4d7a-84bd-7fafe7cdaa2f,fc5a19a0-7f0d-46f4-bcd8-0530c5229059,1
f2341a6e-6cab-4752-ae4d-bcc7a9c18aa0,8ae78b10-9477-4f71-9fca-0dc3d6e6442a,c07d6aef-b48a-412e-be5c-fa42445974fe,1
67e5055c-fa8c-4a6c-b79d-2ad345447a47,adeeedd7-43d4-4020-96a8-140b67ceafbd,76b6ed8f-ad78-4e41-8256-3c4955941344,2
538f2c07-c85f-470b-a4e9-99fe41cd0e48,a9bb2733-cc90-4394-ae95-64593558b9a8,ced41916-f2ee-48b9-b5e6-99ecf108f0e5,2
fed91221-68da-4c58-a6a8-59032f8ce42b,3c85b1b6-303d-4b12-aeaf-85fc203dbadb,5838a2be-c776-4dec-9ead-1fef76ac167d,3
a5e54f64-c1f5-4c74-83ad-c62a0b9b81a4,a384a5e7-7de4-43b2-a506-0fb9b90f74ca,31c3597a-7ce7-4017-b2ef-61485fd9a7cc,2
bf2d5cc4-c2c1-446a-8fdf-8a54570eeb52,d6d3df85-0897-40ee-be68-d6b8bf41fbaf,d93a6ed4-3d12-4965-8f59-2ae4df5197c3,2
bbab3a12-e21c-4bdd-a1d1-ee6c431707c5,9424dcec-1a81-46e5-acf2-ab089d2a7a46,5aaf174f-0a76-403a-b3c0-6dffe99b13c9,3
fe58bb84-3643-4409-9003-01ecaaa0b774,5dab3260-38bf-402c-8c98-b561d72070d2,fb6d977b-8e59-42f5-bb61-daf7c3258b02,2
9ecc1be2-da21-43f7-996e-cda434038e73,c25aa818-7cd5-4212-971e-0d4d8b3e3c02,d06d178d-08da-4f87-9349-ec16221f5486,3
538c65d5-6593-4b71-b338-f29c11bee556,b0869b04-1264-4f6c-bf2a-8fdf1f23e80c,86be4786-7b39-4daa-a6a4-df3136ee40d8,2
4fd47472-cbbd-4d48-acc3-7e22cdf6eae8,fe517c35-1247-4d73-8228-b65500b362f9,9e54eb37-0d17-4465-b41a-63a1442efafc,1
1bef83ef-4db9-4dad-a7da-387d87cd599a,72162bc2-bef3-4a61-872c-1785f6fc9e17,57194cda-5324-44a3-b5a3-64a011c2aee5,2
d0d75982-cdf4-49a6-a2d2-6de322150688,9c424fa7-8083-4c08-97cf-af415bedf638,72b897cc-33d8-4aaa-82fd-70b898ca966d,2
6a03150b-7793-42f7-9182-96fd8fb44d85,16dc62f5-fc2b-4176-a2be-b3b34c12614b,02d7b992-f1fc-4a88-b765-a595642d8241,2
93372169-8648-41e4-ad6d-82a456b7b579,7abaad5f-8b59-4552-9ee8-fa410010765a,672c4582-ec94-4606-b4f3-22e75db33fc4,2
4a6fad59-f130-496d-bff2-1615ada7b9a9,42087766-f22c-4142-b11b-b1248325ee2a,cf9d26cc-7c2b-4c08-a071-bdd86317faf9,3
5e118470-d025-4703-b159-b36ef7a803f8,ec353b10-be17-43a0-ae60-74d9348ee410,979d0be0-8b4b-4268-ba6f-f0ab57e20bc5,2
cbeb462a-0e41-442d-ace3-82e4fa56fc3e,d7d7cc43-e03a-4867-a7da-3c7721a1ee8c,29874687-7995-44c2-b211-471d32059600,1
6de5dac6-3594-41a8-b5f3-5d87faa51348,1918fc46-1ba3-41d6-a83a-b6144fe13e50,ee4c6ad2-6ea2-406a-bafc-d25b9b39a038,1
fb1dc892-f674-4d71-8357-0e222a0de25c,485c807a-6a6f-436a-b795-81bed37d146d,9d0f1335-3fad-425d-85eb-07867ee177b2,3
fa9c38f8-1051-40d8-be71-9e76615ee620,1f03738a-5291-42fd-b977-5205de780fea,a9bb8177-95fe-4c69-937b-860308b4bbc7,3
22c874a1-ae97-4f1c-9112-95767bb2b8c8,504e17d6-d3ac-47fa-99d8-7c3068f17af4,a0fad330-fd48-4734-8c27-0c17efc1525b,1
2e16116a-4f81-4666-8977-a91b509436d6,c73a5213-efaa-417e-a216-6adef77027c7,f4d55996-c77c-4a03-95e7-08ad380f8a34,3
3f381da1-3430-4ea1-9777-b25b54060e8d,e875cdbc-c838-40bf-a68e-d4f6790cb7a2,099c2be8-a55f-4481-8a79-bb81a6f79a9f,2
12e1019e-e668-431f-8cd5-1e168b4755e3,f5148797-7268-4028-94ad-a5c9088ec99e,d1536aeb-f6dd-45f0-95dc-2de377b9b782,2
859914bd-6689-47a9-a9e5-bd67ccff3487,2900244c-6eaa-49c3-b113-f4f5202ed94b,9cf97cca-0ea5-4aeb-b239-6676eb8aa407,2
d9e6ab89-94e6-4af7-adeb-d725302b488f,630f12cf-7561-46e5-a06a-0bab06a0a048,22549d4a-d0e1-4df1-b490-87a9d009ad62,1
71812ad9-62c8-40b5-8575-971c7afea9e2,570a270a-bec7-42bd-8b41-46ebde13ea19,6bfc4954-1150-4d81-8a09-5eeef09a779c,1
e0bca729-f4b4-4460-856a-06b3380e71c8,c0dd9024-d0ca-45e6-9bee-8eab186ec154,e507b70e-af85-427e-acff-20a536bc872a,2
9c3551c2-9e03-4c12-821b-e2d9a45097df,982a7aa3-c874-423e-9db8-d604d0259a14,149e3c64-911a-4737-b40e-eb3528f3bc8b,2
2725a402-ed9c-455e-bbc7-8805fe27a344,7f29a882-cdf3-4e73-ad99-d1834bdcb708,c3e37844-7894-42ba-9f15-6b3aca70d66b,3
c2d2c262-8451-49d7-a45a-021948354506,a24659c1-0040-49a4-bdfe-cf70b93efea0,22549d4a-d0e1-4df1-b490-87a9d009ad62,2
7e988f35-8abb-43fd-9c23-7dc1ffdc5991,0d4f1ad8-6ec9-488c-b434-2b1443e0eddc,7afa640d-5d5c-4e34-b1fe-54e159fbd787,2
681b2917-3717-4437-920f-659bfa395962,ff5a5424-7ac6-4354-8d11-1c5cb82f8a42,a115ba3e-04dd-491b-b592-cda021c6f8bf,3
2280a8fd-d831-4f12-9718-a622e007d537,ed5a647f-1d87-4d64-9e6b-a9f03a882f52,37813597-40f6-466a-9ca1-1b681671c985,3
7456a3bc-44d0-4573-aeeb-a5690bcf3bb4,f367ea96-82d3-48cd-b322-f7470e0da350,328e4a9b-959b-4a03-afab-211794fad351,3
34b2ab2e-34c8-4483-bd56-2e2e7745f9a4,e0499847-6474-4dea-96e7-5fb7dfc6da53,9cf97cca-0ea5-4aeb-b239-6676eb8aa407,3
666df5de-8cdb-4351-a8e9-ab4b4b1d36fa,13a404b3-fd5a-4d85-b158-20556a6f7b84,9bb6c04f-be4a-4c42-8291-0226b0c82f62,3
5ec1ebdd-df2f-49e2-aa0d-d329f1c90e18,bfbac501-1e5c-441c-a3ef-a47ef8b029bc,03ff807e-db97-4d2d-bd8b-a41da80edb53,1
272e6c44-0534-49b3-8c6c-f92c1072536f,2acd5123-ef1b-40b7-a8f1-cbd292b6cc20,cf9d26cc-7c2b-4c08-a071-bdd86317faf9,1
85cd7fa9-ddf0-4875-a17d-607d4c1f3b25,270c48a7-e115-4196-9dd9-a46e13c3d8c4,02d7b992-f1fc-4a88-b765-a595642d8241,1
e96bcf16-4184-4a93-b6b0-ad9ce5b6c926,a7ad0499-20a7-4ffa-862e-9f5477acd21b,984ace7a-e291-4c9b-8a8e-2d2ded4e1d24,3
e73913ce-07a6-4647-bfb4-7d8064e80a16,dbe219e7-b2c8-46fa-a3ae-d0712aae1395,76b6ed8f-ad78-4e41-8256-3c4955941344,3
a0973a06-9c53-42f9-94d4-f7febd97d92a,1c60e489-c682-4b89-b558-b8d697eefc60,f49b6c7f-1859-49eb-ae36-7fcd89943378,1
d1f4ae8f-a6b1-4861-8b7d-b7396164474b,18377fa5-f249-425a-92f1-87477f44ef7d,ab508650-43e1-454b-a19c-22bcbcfec332,3
a1679e84-f8f3-404e-a1d5-a2f0fd404381,3fda976d-6709-4d3c-847e-e2fe296a6316,caaf0fe3-421e-49d9-a006-aede18cefb11,3
75293700-cc24-41c4-8b59-76a3ad768747,4dc55d15-0715-4dfe-92fc-574c88605de5,279c2203-7292-4fbb-8cf8-f44891441846,3
701b7fea-d6c4-4c90-93f0-3c3fd3bd5f72,c638802e-56e0-47fa-ba1e-6d16faacdee9,88c377f5-4b2d-48eb-8c80-75c3a8171ae7,1
ed69b0fc-c191-41f7-b779-6f26236faec5,1c2ab9da-c6a3-415d-8f62-3aa506e322a9,db465b3b-77f2-4707-b61a-f5f13cbe281f,2
7c8dec17-02e0-4893-9f3a-0eda2d21e08e,19e0c907-6ec5-4820-bbcb-aff665a47eaf,36448613-605d-4b93-a5d3-5ef29922209f,1
142e5f11-3018-4fba-8d6f-9ca2d57ec10d,ac143976-6dce-47b7-b515-3d9f69f4e062,72b897cc-33d8-4aaa-82fd-70b898ca966d,3
1b1e7a05-5a33-4175-a6e8-f200807f882a,ab8f8a84-a05e-4cd7-9d1e-e6d4a601a493,15a5dd8f-5d97-4ee9-9a38-ff2591136343,1
2654d9b1-6073-4eb0-a7aa-1ec67d029452,dcbb2fb5-94fa-451a-b542-3498b6aeff9a,37813597-40f6-466a-9ca1-1b681671c985,2
7dc35f66-4132-4f50-98be-c040772d9106,02457e32-be37-4a78-9d9a-2870d7d94e03,db465b3b-77f2-4707-b61a-f5f13cbe281f,1
f8d5e258-4656-48b8-a425-a11731f6fb1c,4a88f218-df6f-46b4-9de8-8548157c11a0,a6965682-ac74-4da2-bc29-4b81e62e8a18,1
f99f49a3-ecc8-4423-b6b2-a6520686c1e9,511e310f-44b0-45d4-bf67-97ffc5642a71,f8a8360e-c112-4407-b885-68cbc93c68be,1
b126154e-243a-4007-8289-7efc54a66314,c11c1d9e-7369-4379-a619-bfb27b1dcb20,d529b89e-02c4-4134-9305-f716c71b9988,3
ee7e3e91-556f-40b8-87f0-a20cdbcb21b5,4e772843-2c07-42a5-ba0f-2568bf800243,4230174e-e38a-4f36-93bb-49e047a5693d,2
cc4df66f-2e0a-445c-9214-bfea7dcf50ff,355e30ec-b380-47be-ae49-eebf4e5c5a5b,ccf72e42-613a-450c-824a-5dcc829d743b,1
1d0a3183-5a55-494f-bdb8-330b3e6aa615,cde34783-c5bb-455f-a315-87d6dffb6979,7cc02357-8ea8-4ffa-8887-3d54415021b6,1
1808ce58-4a46-4624-af6d-2506a4cb305d,7433a8b8-f15a-46d0-baf1-fbddceae1e09,29874687-7995-44c2-b211-471d32059600,3
acf0bc28-1b22-4688-82e7-c8e4d0e5ea40,ad5fae98-ef9b-4729-bf15-6e02159f57da,279c5d31-58f1-4527-85eb-ebd8a815aac3,2
acdc56aa-7749-4759-ac44-361cd14b88e7,575adf6f-94c7-428c-9254-6cad3cc01ad7,672c4582-ec94-4606-b4f3-22e75db33fc4,2
313c21b5-b5a6-4e42-a10e-bceaddbed35e,2e462774-62d2-49dd-9a71-cf30a41b28fb,9e54eb37-0d17-4465-b41a-63a1442efafc,1
9f7fffa8-d9c9-433e-af15-f0ea1065ce8f,945ffde3-3eb7-41d8-bd08-cd75b7b6c45b,e5c1063d-fa0a-42f7-b758-8cabd1837163,2
0513d7a0-b437-4880-a3cb-a50efb4beb39,d8fef78d-9d5f-4ff7-9a28-e79a32997294,5838a2be-c776-4dec-9ead-1fef76ac167d,3
33de04df-dcd9-4f02-a239-56a98b95efb8,836c79dc-bf78-439f-8103-77794db577ba,28518a57-6b50-4f94-bcc1-cae42336f5d7,2
95e400b6-c672-43c8-b6ad-1be2c6600b0c,3c6fb613-6a9c-4e17-a2a6-11cb27a6d500,4230174e-e38a-4f36-93bb-49e047a5693d,2
cdd07ce6-f96f-49ce-abc4-9205367ff59e,26414771-17a0-4c74-aa68-7d80355b223f,0b2601db-f7ee-4152-9117-82f4b3f88955,3
ef19c8b2-7d02-44f2-82a4-4a5a0676268b,7ffad3bb-3267-4aae-b046-5dc04eb0a5ca,ab508650-43e1-454b-a19c-22bcbcfec332,1
cccfb325-edcf-4202-adc8-cae308ac5999,217aa1c5-9236-4729-935a-c3682009b20e,34775c41-d73b-4918-b22a-0521835f678a,2
f3db4c20-37d3-4eb7-8d82-ee6fbed9a274,ffd9eb00-de4f-4b7a-be36-89d80d3c847f,0e6e60de-7e9a-4771-aabe-b57a5fd99cec,1
93d677d5-c229-440f-bc2d-41d39878b90e,ce138549-78a5-4140-94bb-8a95b3d39dab,a5a8e64d-fd52-486d-a565-116fb17b05a2,2
cad75bab-6740-4d02-8aa6-55a419887521,23cd7480-d985-4e3f-a97e-ebe67817b747,6049401f-ba02-4513-ad31-df49121e8ffd,3
8dcf4cde-5e3f-464e-947a-5b07e5148a79,1fb550ce-e6ae-43c4-a926-9b6c5674597b,149e3c64-911a-4737-b40e-eb3528f3bc8b,2
5ec5ab39-9ca6-42ba-9d4d-339f41185c00,72522f8a-6713-4250-b2bd-76b2354788d9,02d7b992-f1fc-4a88-b765-a595642d8241,1
e69f9492-0e3e-40cd-a138-bd0b05fdf57b,5eaf1ec2-7a32-4b84-94af-50c463502c41,e5c1063d-fa0a-42f7-b758-8cabd1837163,1
e9fa38e7-929a-4d02-a4c3-1182963dc1f1,8e0dc9dc-3002-4352-9933-927f911ccee1,84accc98-e179-4c3b-8592-97b7b3aa2807,3
2535edf8-5fd9-4ee0-ad9f-87fa237a239a,1e8eb489-0364-4e8c-99bb-470737b72920,20fe47ec-3e23-4947-8055-81e4099f33eb,2
1d9f1228-7a90-479f-bc29-3f9130092e23,7b310420-6ba4-496c-8a04-2d4b9227cd60,e0c71a05-519d-4c12-a76f-448ffc1cb9d3,1
d9304425-1c64-48ae-897f-ad128b52ebd9,51bbf0ac-50ce-4316-b7da-27094010c631,d0e563e7-a062-415f-8219-1d9931fcecf1,2
01ba8a6e-ea15-419f-8d9c-14cc85895d4f,0eaf8be9-122c-4444-8d64-ca8c402a8d7b,e36b1638-2e5f-4e00-b002-4260bbd5319c,2
a0d7aec8-00e2-4641-a311-5a6b842d4fd7,2921310e-7bf9-4978-8257-cab474a09450,28f23ead-ed12-4feb-9636-0777eb328182,2
8234e07b-2be9-4e56-8e89-eb11bd5ae350,818fbe3f-ca6f-452e-aba3-73905207518f,76b6ed8f-ad78-4e41-8256-3c4955941344,1
c84c6e53-2f2d-46fd-a08e-766f0e5fb9d6,d000f158-0a2e-468a-89f6-a847fbe5b4bf,a115ba3e-04dd-491b-b592-cda021c6f8bf,1
d8d22324-42ca-4f36-956a-55e15102dc4c,ce19b15b-d510-408d-802a-0a0667f78d2b,c07d6aef-b48a-412e-be5c-fa42445974fe,1
67d1b4b2-6dcf-4d77-b0ae-ed103acc1d42,d57594fa-22ca-4c86-b122-6e6ccf7e2b6b,a443ba7e-45fb-4dbc-b432-40fb172b9f29,1
0654e689-3c8e-4b84-8e3e-4ffe5b314c1b,69b7750f-ce53-48a5-a4c7-183d6b9b55e4,149e3c64-911a-4737-b40e-eb3528f3bc8b,3
16a34101-5607-4025-a4cb-edca2226deed,c2dcfc53-d99d-43df-aff7-fb31586caa12,eb6cc66f-3a64-4979-a57f-f2dd893bb05c,1
64381ce0-f3f0-409d-af79-3620dd469aa5,c8a646e4-62d1-446a-a537-16c69c1e5363,a5a8e64d-fd52-486d-a565-116fb17b05a2,1
44b11cd4-8ce7-4806-a65c-7271640f73fc,504c82aa-b061-4454-8a86-e4cb7f6b7b37,672c4582-ec94-4606-b4f3-22e75db33fc4,3
45e99524-0b22-4a56-82c2-091e10373273,c4ba4c9f-6a71-4062-aac0-05169d613f3d,ced41916-f2ee-48b9-b5e6-99ecf108f0e5,1
ee9daf69-a9cb-4e3f-9ab2-89d9bab58b4e,c37aa3e7-2d41-417e-ad00-9e11336dca7f,f24cbd9e-ad3e-4e9d-9de5-7c4fa89e8c88,1
5393740f-27ab-4e24-a039-b5f3f80c664e,8f9e48da-b3f5-40bb-a519-dd14d12691a0,3a802b87-946e-4c1d-945a-7b3b8b0e8d3e,3
c53623b2-dfdf-4c36-b562-6ede564ac004,99e63586-48fd-40db-bd6d-4ea9d32dfb9e,28f23ead-ed12-4feb-9636-0777eb328182,2
740bbe09-b2bd-4311-a907-a9f23214f78a,ae24d831-24a6-49c2-83d4-8761b3742b3a,34775c41-d73b-4918-b22a-0521835f678a,1
77d6494d-61d8-434d-bf6d-ba61a0013910,d5f03d9a-b9e0-42f6-97f8-12cbc1e9677f,de01375d-2bd2-402f-b2ed-dad4d789199d,3
e2cf6d69-92d1-49f1-ae46-46d6bdda00b7,8250116b-58f3-4b93-939a-4192e950f411,e0c71a05-519d-4c12-a76f-448ffc1cb9d3,2
16877736-f041-49a4-b5f1-79950cfbeb7a,11c01e8e-722f-452d-9373-5fd1b658cd67,207a8cd4-27ff-4aeb-8a08-53675185c7c5,3
a49d0c69-d8af-4571-9645-36f752a84bba,aca35e49-9dd9-47fb-9abf-5e929f376665,ccf72e42-613a-450c-824a-5dcc829d743b,3
44435e93-4253-42f8-b866-d46959e4a003,6304e1ea-7077-47d3-9220-ac2fb71c0d23,4cab4f2e-2fd3-4fcf-a479-06819c075afb,3
c581f4eb-c27a-444a-8288-025bd8875eca,ff43ad87-c850-4c1c-8000-d1b1774c1ec7,c12e4b71-135c-4703-aed7-3f5eef4d287c,3
674b748b-bf42-4912-8ce3-03bb60490ac6,2c362f10-de19-4592-9ad8-afc91e645df4,d74e376a-686a-45af-af18-941b8fcd745e,2
00d9fe54-d494-43a3-a35b-74b04c6537a6,2c24b4d4-c37f-4ba8-9784-f3a689e57df1,f62064fe-bcb0-4fd1-ab08-0af3b4b20bf3,3
20f78e95-b6d1-4eb1-a267-77b30b8cf4c7,b1c2ef64-dffc-4147-8519-0a93c4cc9129,7ebb3b48-2fa3-4636-9c71-a698215cf2ab,2
287f264a-e1fc-4757-9bcb-2814e318dfd1,88d0ee88-e744-49ed-91a3-839c31662ce9,a755edde-4dd5-4cb9-8fb2-0648a1088a13,1
d12c5101-32d4-4410-872e-17c4e65c4393,9b128f6d-0ea6-45cc-b971-e64d04a52ba7,0db4820a-805a-4ee9-b345-b2bba8971d91,2
c9450ab7-519e-4cd5-8ca1-70852c9716fa,c70efe46-4ba3-4f6e-a64f-f20eef7e7112,d93a6ed4-3d12-4965-8f59-2ae4df5197c3,1
545aeba9-02f5-450f-bdcb-635992798065,860a5325-7981-42b7-8e18-34269771e681,81a8396d-6ee7-4a59-aeb2-2337497919a6,2
3e6c7f66-4398-4b67-bcb7-a0ec11ad33d2,48b579bf-5eac-4a2d-beae-f87aa8bf1540,099c2be8-a55f-4481-8a79-bb81a6f79a9f,1
2247d3d2-7d8b-45a8-8cc7-9968bd74de54,786b3e97-e240-4373-b253-f19bafdebd6f,f9b2820c-40a1-4769-83c1-37bdfae45c99,1
cff2cfb9-d560-4de2-a63f-3e93444bd0f2,a9ab0e15-1cbe-4de9-9e82-21746405e179,28518a57-6b50-4f94-bcc1-cae42336f5d7,1
c27e7460-0b9b-465b-93e2-29a2f41dc502,41b7fe21-810e-4eb6-803f-bc7621e13a26,beebe6ea-9a33-4cca-a17f-105b4d226ca8,1
db562831-d5f3-4731-92fc-fc1d6ae86746,ffc403b8-e363-4c56-be74-d9311414a4b3,54aa4fc2-4ebe-40c6-8426-4e7fc6376183,3
493de715-00a3-4e1e-872c-24a637987442,d1cd12c8-1b88-4cb9-8383-432f1b83643c,31c3597a-7ce7-4017-b2ef-61485fd9a7cc,1
da753399-8839-4e76-a908-7365ae7603fe,12363ceb-b5f7-45dd-a420-25304f568c70,84accc98-e179-4c3b-8592-97b7b3aa2807,2
b1c981e7-3b21-4e75-bfc1-6ca147f88326,df95605d-4588-4876-9782-b44fc4399699,e8727c3c-813c-4eb9-a67f-43d699df5dd4,1
21e57fbd-c29f-4ea0-ab1d-fb09bd6e6856,eace2107-c1d7-4713-b9e6-cf0d3fdcfe91,beebe6ea-9a33-4cca-a17f-105b4d226ca8,1
a38fd3e5-efd3-4834-a15b-ff96c77c5735,c4ec4a6b-8089-4c69-8664-e29c4ff6724a,5901502d-429e-4c41-914b-dc73b783f787,3
2fd49651-9a4b-4b42-babf-23259f71a6fc,3d9f1c78-4c8e-449f-8f8c-084900b386a5,0b52e799-177a-4336-b956-efe8fa8f23a0,1
73716320-1491-4283-89c4-8476c4f66c4a,b626a8cd-8f11-4975-bd9d-6b141e5d87ff,97648fdc-9dfb-4b3e-8dc0-f10d9287bdba,3
029fc01c-3cb8-4551-8b9d-974ced4fab57,3e41c5da-48a4-4344-b5ad-8ab735592845,099c2be8-a55f-4481-8a79-bb81a6f79a9f,3
a35c7692-acca-492d-9a49-23f263ec3799,51b7740f-95a0-4df7-8bec-0250eee0a19d,36448613-605d-4b93-a5d3-5ef29922209f,1
5803fe6b-cc35-4eb5-b3bb-3c699fc64e55,941835ec-b37e-4a5e-be82-b3957b6c726b,a0fad330-fd48-4734-8c27-0c17efc1525b,2
4e1eed7e-c28c-436d-a34a-dd3b080d6dd1,c51caeda-d7dd-40ed-a67c-7a611481268b,2876e88e-23a6-4f98-93c1-f6655a4fa180,1
ad4bd886-6228-4dcf-9e20-021d9437b9cc,e37d62de-86ac-445c-bc00-f0af9845f9d9,51358305-7e5c-4635-a7f4-38dfd14c6e5a,1
5e03db3b-e95e-45db-ae05-d2e5931ce22b,d34c41a9-5c72-42c3-95cc-5598f145c57f,51358305-7e5c-4635-a7f4-38dfd14c6e5a,1
9da0ec0b-8e1a-4233-b1fc-475a60657797,75b17a26-3ded-4709-b2c2-cd69934fbb09,0e6e60de-7e9a-4771-aabe-b57a5fd99cec,3
69ba5254-e6ee-4ab8-a657-937621821367,ec0a8a67-274b-4cad-bcd0-e7021aa569eb,c8180d81-ab58-47a5-b62b-dee2362b147a,2
404dfd5c-f571-41a4-b099-2272707d4d07,665fef5f-c827-4fb4-b770-6f6e4242b96a,7cc02357-8ea8-4ffa-8887-3d54415021b6,2
52cd68cf-bd80-41a0-b500-cb8f13e02571,017ee8a2-8fc3-4d82-87f7-ccdfb38dcd0b,caaf0fe3-421e-49d9-a006-aede18cefb11,3
093115b5-0d48-4491-a420-4e143c575b3b,35747cd1-2f5e-4694-b96c-416eea0a7fc0,61e106db-d0de-43c7-88cb-befafa196f45,1
f66d69a5-ba35-4d94-a340-536d473d425b,41da0d5d-37b2-4fd1-b6ad-9f5f7c2f1cb8,20fe47ec-3e23-4947-8055-81e4099f33eb,2
a73d85ee-ae9d-49db-aee9-6090b0a591f6,fe0efce7-10db-4c44-ba7b-b0b36ee97b92,e0c71a05-519d-4c12-a76f-448ffc1cb9d3,1
76cf3e5f-cf4a-4fa0-a1a8-e6af55bd6bb0,ec987502-e1c3-45d2-8995-6872ed9f63bd,5901502d-429e-4c41-914b-dc73b783f787,3
0de55b30-51ef-4733-9bec-c7280ca76c07,c6cfe4da-c029-4fbc-b4e9-abebbe5fb0c6,549cefb4-9860-4e18-9165-1daa0dab640d,1
6becf602-4d42-45e7-a3b3-260d297fdb65,08637713-3a5b-4875-b827-6c5f6bf75bb2,4fc582ba-0afc-41c3-beb1-dcd7266c511d,1
4a2261d4-73a4-4953-a4b2-62e742aba7c2,20a40551-d1b4-45a7-b464-1945c1b24776,8bcc0275-bcd9-4804-bd33-fbee3660713c,3
eb502a02-de83-4e52-a302-f4c14552394a,df21533b-d917-4de9-bbb6-545a1fbbcda3,bdfa8e9f-9331-43ce-9d64-61e229f56cee,3
2545ddc5-37fe-4392-9549-7f4f230191ee,769d3c51-47f9-4765-80e5-a0d31c6c6026,e507b70e-af85-427e-acff-20a536bc872a,2
80f253c2-d269-47cc-a186-fec14c937924,05e4e398-4449-4dd9-aab6-b74bbe841602,ee4c6ad2-6ea2-406a-bafc-d25b9b39a038,2
e003b694-21b7-434e-9998-63008031bba5,449c4686-542b-428e-9bba-9888e786e699,80d19c5b-2dce-47d3-a8a0-fbc9c3bd600e,1
e4b30f8d-c930-40bc-ba50-6a9a164f7b62,e3e0868e-48f5-4733-b0e0-015d98aa4e44,a755edde-4dd5-4cb9-8fb2-0648a1088a13,3
8dcd7b9b-2a1a-4ba4-b8bc-1d6fe6332038,125c5819-e252-4444-a54f-b483db735c9d,a651236b-60d9-4ed7-a38b-ac86ddf74c0b,3
4a2c20b8-2332-4ef3-be35-0586800d32c2,78e2b8c9-2232-4ca6-b771-0e0e127e23e8,501c7126-f743-4a9b-b694-515bfba7c037,3
5b36dc68-d216-4e02-aee3-1159f4d0695d,e1b7368f-5e09-4967-95cb-b1705a7df2e1,4be59bae-064c-4bec-826e-c96ab2c9d6a9,3
698f2f18-5a54-41f2-b799-984cfe612fce,6586b340-5043-4926-98f1-12f01a092dce,f0ee770e-8e3b-470e-aba0-40d2f1d643c2,3
33ab7fe8-2117-4276-9230-7f504780866b,a5a53753-692c-4d6b-82ca-3faa1099d1eb,0db4820a-805a-4ee9-b345-b2bba8971d91,2
ba850de4-ee35-4a3f-9cff-ddda3440c2ef,d0f5ef7e-5554-4d4e-9384-9b6c5c008842,143ad2c6-7ecc-46e5-9828-ae4c4f92e3f9,3
ead97ca2-011e-49b4-8555-bb6ab2d60de7,635b04ba-51e4-423c-b3e5-e20d269fcd37,c1991e50-e942-4f00-be18-452746e21271,2
0dd8895a-0c3d-4624-b570-4904a1b8a65a,4335596c-8421-4b76-9839-b0aaed79708a,02d7b992-f1fc-4a88-b765-a595642d8241,2
e75b1b83-70b5-497c-a349-f2ac43034b6d,42de96e3-131f-4868-9615-4c0270acdad5,549cefb4-9860-4e18-9165-1daa0dab640d,2
a9b4f4c8-b459-4873-bfdb-95ff85705414,a935f314-c483-4f69-8f2a-ba2988234c7e,b784392e-33f6-42dc-ad3d-a36bcac89a8d,1
61be66f5-cf04-409e-b598-eee606854fba,88d303ce-ca83-49b9-b4d6-c6005932e4e3,d1536aeb-f6dd-45f0-95dc-2de377b9b782,3
340f8be4-dbfb-4d18-a3c3-4f84dc602a78,5d62cbac-4ad8-4e2c-b389-14a0228c0f1b,d1536aeb-f6dd-45f0-95dc-2de377b9b782,1
1bde11e9-6e0a-49cb-9505-2db3412edd98,626cd015-d5f6-47ae-8242-dfa72a070db6,97648fdc-9dfb-4b3e-8dc0-f10d9287bdba,3
36921de8-ce68-4387-9d76-40f52ea8db61,b481cac5-1d99-4931-a981-7b22b0124137,6bfc4954-1150-4d81-8a09-5eeef09a779c,1
dcd39811-8b9f-419d-aba1-bc516ec95fcc,811e65e8-b123-42ff-80a3-83f2afbf6b09,0db4820a-805a-4ee9-b345-b2bba8971d91,1
86164760-8879-493e-8519-cb7dd0ae322f,e83a0c1b-7d3d-46f7-8a48-2c8f763ed982,d74e376a-686a-45af-af18-941b8fcd745e,3
6314902e-209f-461d-a101-53dd25971a20,d50998a3-4166-46ea-9df5-624dd5f7179e,c8180d81-ab58-47a5-b62b-dee2362b147a,2
fe15836b-4b45-4a97-8dab-c804da0f20a8,379b7101-e970-4ea7-b7f7-f575aff72127,2f499b55-c45d-46f1-a51e-b48a23921a88,1
1eb7bd46-d006-45f0-9c2e-2f721d5fb1d3,1b468672-98be-43b9-9b6b-31b8ab347829,28518a57-6b50-4f94-bcc1-cae42336f5d7,2
a1d6a71f-706c-42e3-9ddc-8b737bda96c7,ff56b5bf-f22f-4187-83bf-d1e4d3224005,72b897cc-33d8-4aaa-82fd-70b898ca966d,3
9813cf55-dc18-42ca-9f0e-eda685b155d2,c171bc5e-fc95-4ddc-bb2c-1ca4421abd8a,2c0cce6f-78ba-4796-be19-6bb7dc4601be,1
4d175c07-6d3c-4aab-af20-04bc3b7ff8d2,b6fef85b-2873-4b6f-9295-de9c6dcede47,4230174e-e38a-4f36-93bb-49e047a5693d,1
c4ed21bc-28ed-40a2-8624-89cbb6eed5da,2961f154-34ec-442a-a0c1-2f2a201d71ce,201f3f92-3c71-4f6a-aa46-03be75af415f,3
6132bf2c-6925-43e1-9631-44bbafdb9b5f,2702b6f6-ea75-4545-a9af-608bbbb44f18,6bfc4954-1150-4d81-8a09-5eeef09a779c,1
e7cca8ba-cffb-456a-9d1b-8d80460442ad,3e0cd1bf-6743-4815-8f07-37e5703b2ab0,7ebb3b48-2fa3-4636-9c71-a698215cf2ab,2
2cc46a60-99ad-4d5f-a874-3110a2f227e4,11434df8-46c6-426f-85b0-557300a9cb64,4be59bae-064c-4bec-826e-c96ab2c9d6a9,1
905af1de-7933-4383-8f5e-62e1ef7cd8aa,0f578e09-5017-4d5d-8cae-7e758c758e37,34775c41-d73b-4918-b22a-0521835f678a,1
c49f2c6a-90fe-4850-9fd4-a32bd3fbaa46,a3e7d99a-bcce-4071-9d48-a7a666b2aba1,279c5d31-58f1-4527-85eb-ebd8a815aac3,3
e0b13f85-83af-4e70-b30c-a85f5dde5f73,f540e309-8e2f-4827-8fdc-01d090e5527e,54aa4fc2-4ebe-40c6-8426-4e7fc6376183,1
416c192d-d42f-417b-9c42-77b7ab1499a2,0d24eec0-f78e-49a5-86b3-c9eba3244b9d,935ddc28-373d-43ff-a088-7f16a66a5ffe,1
bca93b51-948f-4567-b0e5-aefa3cfc1f15,c12b01e1-8f59-456d-b0c7-ad8e5c05a4db,6a800f33-c65d-4b09-aebc-67ef70b47578,3
47dce694-14dd-40bd-9e22-56db955b7771,28714b9f-c57e-4aa5-9b45-0094bec4a0fb,9e54eb37-0d17-4465-b41a-63a1442efafc,3
4630d700-896b-4d9d-a816-6d29e50d69fe,657c8832-4048-4afa-b41a-d99282607693,f49b6c7f-1859-49eb-ae36-7fcd89943378,3
ca18448b-b7ca-4354-b68a-e66e3ab97046,2eacf676-d281-4796-ae5f-aad99d42a2de,984ace7a-e291-4c9b-8a8e-2d2ded4e1d24,2
cedb192c-5a94-48bd-8648-74eea1719dbf,5243a0eb-3510-4788-a7cb-0e920ffccfe0,a755edde-4dd5-4cb9-8fb2-0648a1088a13,1
e7942861-b338-48df-af1e-617f5b060c43,4c09e48c-97e5-444d-bdb5-c53cd629042b,29874687-7995-44c2-b211-471d32059600,1
d9258d79-6cd3-4536-8781-f2e0813819f0,6148a408-4497-4727-a0b5-3623b4316fbf,5901502d-429e-4c41-914b-dc73b783f787,2
2ef49dfc-591f-40f1-ba00-e30f21f047ef,445a7f0f-efc4-45e3-8672-8347f8f400d4,81a8396d-6ee7-4a59-aeb2-2337497919a6,1
bef79ef1-ebd3-4fe8-a275-9e2da83e685a,13e2cb23-4f9b-4b7f-aee5-355cf6931a21,672c4582-ec94-4606-b4f3-22e75db33fc4,1
01306c47-73f8-4e90-9e64-3c19825a0572,586978c3-af8b-4d15-9129-cf1a1c0cb8bc,cab10f6d-a2c3-476b-96be-1839a7917e49,1
c45b619f-540b-43c6-b063-35c5d14ff5ac,e42fb786-65e1-42a3-9a1e-9dad1474ba5e,a755edde-4dd5-4cb9-8fb2-0648a1088a13,1
0e394b0f-0566-48d1-b692-549e0de23d52,725f7524-a520-4bd7-af43-19fe262d8ec7,3f4b5184-7e9d-4038-927e-23701dfadfdc,2
1819f59e-c19c-488b-ba7b-28d2abc9aab3,4f240f97-378b-465e-aa74-44d33e989139,15a5dd8f-5d97-4ee9-9a38-ff2591136343,2
993b5088-80ba-480f-8b17-528b2eaf32a0,88b52402-74bd-47e0-ad2c-df6f57d3845c,02d7b992-f1fc-4a88-b765-a595642d8241,1
4abdc3a0-4553-4daf-a102-58402ed0162a,4aa021c5-28fc-446f-97cb-85aab63284f2,37813597-40f6-466a-9ca1-1b681671c985,1
e36a2652-6fa7-46d9-9bbd-7032d8117d22,5ae46c3b-ea72-4244-85ea-a7d84799527a,143ad2c6-7ecc-46e5-9828-ae4c4f92e3f9,1
fdd31a1c-fa91-461f-8822-8eb629eaa2cb,684ca398-873e-4903-a20e-e0e49b8aa4af,02d7b992-f1fc-4a88-b765-a595642d8241,3
2db56950-1814-43d3-af63-164bfb798a2f,216927f5-532c-400a-9e37-f757a44f45ca,caaf0fe3-421e-49d9-a006-aede18cefb11,1
84f8dc11-515a-4e6c-a121-05635a8291c4,cc622089-da3b-47fb-9b2c-909e026906d1,a5a8e64d-fd52-486d-a565-116fb17b05a2,2
362a2274-7122-4dbc-8dee-72b1b8be2b55,f62f125e-4fb9-4c50-baca-e6f823958a7e,672c4582-ec94-4606-b4f3-22e75db33fc4,2
6fdcbdb7-e8ae-4f92-b166-d48133a3234d,6145cadc-ba84-4525-8992-2ce158933f4d,b95ffad6-1b8b-4812-bb9f-b413eddb7de1,2
76db553f-a3b6-471e-b1f1-dba41ab10c39,2298007e-c3b4-4746-9201-4d3fb117ca9b,12fd588e-17ff-4b8d-a866-9934a6861df8,2
42ef5005-1353-4571-b18e-d46b5b568a79,627c52fe-63c4-44d2-88fd-ae597af8483a,6049401f-ba02-4513-ad31-df49121e8ffd,2
51cb68c8-8fd4-4106-a5f4-1dc24ecf532e,9dea2d16-be31-48b5-a8be-897387894b33,81a8396d-6ee7-4a59-aeb2-2337497919a6,1
5d05abbf-91b0-45fa-ae31-e0f63f834a4e,23263a8f-fa44-4b9d-8244-84f7a183255f,0db4820a-805a-4ee9-b345-b2bba8971d91,2
210a8944-1888-4dac-b660-3865c6e7ae62,67be4bb2-3031-499c-9a2e-09221ec59871,a443ba7e-45fb-4dbc-b432-40fb172b9f29,1
aa75713c-9acb-4b3c-88a0-76e8feb56638,35ab18a7-50a0-4dec-8695-3a3527a0cd73,e36b1638-2e5f-4e00-b002-4260bbd5319c,3
52883965-7004-4b74-81ab-869280697aa1,2d7c725c-b4e8-452f-ade0-4219b5929615,9d0f1335-3fad-425d-85eb-07867ee177b2,2
2155209c-a972-47f7-89d4-9fe084705bb1,36767016-affe-4f47-bafa-1d32d2eb3cb2,f62064fe-bcb0-4fd1-ab08-0af3b4b20bf3,3
9d31b0b7-385a-486c-a458-fa7570736d27,865f6f3b-9dea-468b-b89a-22b465aca4b4,0db4820a-805a-4ee9-b345-b2bba8971d91,3
af19b86c-5953-49d1-be0c-847e82ed076c,721642ad-5a8b-4ab1-89f9-ef897aec4a40,eb6cc66f-3a64-4979-a57f-f2dd893bb05c,2
147e803a-f8ff-414e-a947-4efcad9da665,b2cdc856-bc40-4ff7-b1b6-452a076fff9a,6049401f-ba02-4513-ad31-df49121e8ffd,2
7f0e4e3b-3e18-4ef5-864c-af53e954b29f,16346fea-863e-4337-a4a9-dd7e87274def,36448613-605d-4b93-a5d3-5ef29922209f,2
4314ad73-a115-43cf-bf0c-20d9d994553c,925fd3f7-5c1e-463d-8fc0-5baab3fdf4b8,b95ffad6-1b8b-4812-bb9f-b413eddb7de1,1
da9384bb-c7f5-4816-a2f5-963613d299af,d6a8a9e4-2e98-4ce6-99b9-3b4e61ae19a4,7ebb3b48-2fa3-4636-9c71-a698215cf2ab,2
3de660fd-b412-4e91-943d-6f7a14d23cf8,bbe5bd98-8c1a-4990-abd7-a96182b0d95e,f4d55996-c77c-4a03-95e7-08ad380f8a34,1
a498c63e-1a98-49d4-96b6-d27455fd418c,88eeb72f-5618-4b3c-ad53-7be8fdbf263e,57194cda-5324-44a3-b5a3-64a011c2aee5,1
f32b2b9a-1b19-4eb2-aceb-7c05fb1182a8,7a91c5e6-c329-4d4b-9948-93ab64032239,2aef055e-10e1-4dc8-b936-edc1248a5758,3
a874e1be-431e-432a-af8e-35a74b15e9c9,8a69f848-919c-4091-a5d3-44c8e578b077,f4d55996-c77c-4a03-95e7-08ad380f8a34,2
5abaaea0-e1c1-434a-aa39-0ad64c778116,cf3a5c00-8577-42ce-b3e5-79fece094b70,57194cda-5324-44a3-b5a3-64a011c2aee5,1
df2f1515-ebbe-4ac2-b523-9c9c9f4280f4,5e5b1b0d-0a8b-492a-aba5-6212a3c09757,e507b70e-af85-427e-acff-20a536bc872a,2
a1d989c9-f24a-48c4-bf1b-1279e8b1de47,55dfa3ac-85f9-4048-8ee7-6808126557e6,9e54eb37-0d17-4465-b41a-63a1442efafc,2
3b45bac1-fbf1-4f72-b6cb-ac3d4ca97cc1,8839c320-132f-4ebf-8e0b-0f8e9f91b944,f0ee770e-8e3b-470e-aba0-40d2f1d643c2,3
e72ef6f0-7321-4df2-887e-c847426432d7,e64a0c44-97ab-4280-9f5c-f7106a80a3be,a5a8e64d-fd52-486d-a565-116fb17b05a2,3
9b36e18d-b4ad-48b9-a8a9-350a94d345d8,1b8d26f0-43b8-4c8d-baf6-d414bbfd2c7f,37813597-40f6-466a-9ca1-1b681671c985,2
00b7c4a6-854e-4442-8444-6e83ed96f0c8,624e047b-2544-4bda-8459-2a94e119aac5,e0c71a05-519d-4c12-a76f-448ffc1cb9d3,1
1f997d08-d748-41a1-abce-8dff8140a9f0,0f3e6d36-7950-4c96-a289-e4a8997a93c9,22549d4a-d0e1-4df1-b490-87a9d009ad62,1
a4d60aca-e44e-4f35-85aa-db29927fc6f2,3390098f-6f35-4aca-899f-d4c8733cd938,a443ba7e-45fb-4dbc-b432-40fb172b9f29,1
85ed2109-4b87-40cd-9143-2b0a5d78a9ee,84098731-ffae-44d5-8cfc-1f167f154849,2c4aba23-cf91-435d-8953-ef44f1097dd5,2
36d54d06-596c-451d-b3ef-de76ac0e3e86,ca338818-0e11-4698-aa50-d73aece8e264,12fd588e-17ff-4b8d-a866-9934a6861df8,1
e12d9b72-5919-4173-921a-249a7778a0c3,ed13b129-98f5-4aae-a9be-60be61e8e9e5,3010377e-ff81-49b5-9072-932712bdabc4,2
d42a5980-d588-4990-a48a-8c419cc9c5b9,13d66f01-6e99-4b94-abca-20b1a9c065cf,5aaf174f-0a76-403a-b3c0-6dffe99b13c9,2
124f2720-f681-4042-ad9a-f97a44474e41,b8af1e37-9a95-4a5c-b2fd-b0fe64c09e36,8a9db4de-8fa9-47e6-88a7-bcd803ea650c,2
28b430ad-a770-4c83-9c26-f2b83562c8c9,7f1a5fcf-5456-43a0-8950-967ff2cfac9b,d06d178d-08da-4f87-9349-ec16221f5486,1
355cf705-5e94-474d-877c-557362494c7e,fa651584-f0f1-4691-8ace-f756b3964dc2,54aa4fc2-4ebe-40c6-8426-4e7fc6376183,2
f8995054-1f63-4eb6-b65d-b81d7bb0f330,78f64081-6cb0-43e4-9399-6efe3a30e163,f49b6c7f-1859-49eb-ae36-7fcd89943378,1
0f81b3f9-b61d-4624-99bf-d5686ad6e352,966d469e-880c-4eb3-96b2-5355bb1b7e78,abd0f15c-e7b3-418e-9768-9ed32cd3fa90,3
e7073e4f-e718-41d9-9fc5-75f0ef0b0c92,5f83c363-856b-45be-a0c1-23a5b2c2ad19,4fc582ba-0afc-41c3-beb1-dcd7266c511d,2
1002b138-e08e-4503-9a8e-756713bf038f,de66fa42-eac2-41c3-bdcf-bd9dea3397b0,03ff807e-db97-4d2d-bd8b-a41da80edb53,2
3b5b864d-6a16-44c8-acd4-230c313ffc2b,97e9acc0-63a7-4d9e-969b-8fe1301fb2f1,97648fdc-9dfb-4b3e-8dc0-f10d9287bdba,3
2562f45d-6040-4187-afb7-b5511d773c90,4e0bcae3-05e0-4b67-906c-1c30719408d8,caaf0fe3-421e-49d9-a006-aede18cefb11,2
4c486361-0fb3-4ca5-8108-0eebad4fe845,12224d59-8848-4314-ae14-c211707f3769,31c3597a-7ce7-4017-b2ef-61485fd9a7cc,1
95dbdf41-7473-422f-9e96-6117c1e8b374,c4171182-cef2-4e29-8a26-55ead0749c95,bca71a29-a853-4f73-b2dc-965e6055c746,3
09dd134d-7cf1-457d-bb26-c9935bdf2dc3,046cda93-4d1b-4a68-9bd4-c900a6bb27ea,3010377e-ff81-49b5-9072-932712bdabc4,2
cbb495c9-44fe-47b7-acd9-38b92b097553,af780377-73b5-414a-b06a-bd2b0627ab68,5aaf174f-0a76-403a-b3c0-6dffe99b13c9,3
af0a1964-2704-45d4-a3a8-df6b6cd8774e,318d82a8-d1dd-458b-80e1-ffbd461003fe,d06d178d-08da-4f87-9349-ec16221f5486,2
255001e6-9f0c-4c19-accb-f058844a5513,cba97e3a-b1ed-48b9-8c2e-4c25d680679b,81a8396d-6ee7-4a59-aeb2-2337497919a6,1
6eb15a61-a4d1-432a-a985-d6653dd52359,3ce52632-c498-45a3-8b1e-110979f9e9fe,c8180d81-ab58-47a5-b62b-dee2362b147a,1
6369f936-1c74-4667-9bfc-6c2340e90e35,dbe8f397-eb72-48a4-9eda-27c426b1a024,d529b89e-02c4-4134-9305-f716c71b9988,2
e3db0624-acdc-4e98-b5cc-4e8477bdf705,81c9f9f1-e65b-4ad5-ac7c-a5ebd227a0e2,ee4c6ad2-6ea2-406a-bafc-d25b9b39a038,1
e673c97c-947f-43e0-9b45-ab0506881128,b2713671-b0d1-4754-b81c-0e428de8bd10,a651236b-60d9-4ed7-a38b-ac86ddf74c0b,2
6d1b2e73-d04a-4298-9345-60903cba01db,e1e66d6b-98d2-48be-8732-b2bb5b90793a,6049401f-ba02-4513-ad31-df49121e8ffd,3
0dcb3345-d4a2-456e-80b6-4cda4d662fa4,9a842117-db18-4076-8362-96602b836f3a,a25b830c-fbe1-4e75-8026-fdf153a905bd,3
228033f0-3efe-4ba5-a8c1-8ea0c0b3e36f,c0d1f7f3-6d0d-4b90-aece-194b4b22b154,d74e376a-686a-45af-af18-941b8fcd745e,2
f0d85ab6-a7cf-42bf-9595-7f823efd32bf,93f0402a-aa61-4a9a-a179-9e35ab2b6cb7,279c2203-7292-4fbb-8cf8-f44891441846,1
f48ba23d-4873-4d89-bec4-fa569d804058,12794ea5-22ac-4e0b-9afe-795118cb180e,149e3c64-911a-4737-b40e-eb3528f3bc8b,3
0284e5cb-b4eb-472e-badb-3f63c64d98f7,46d49c57-4d80-42d4-b07f-fdb44fff6018,e507b70e-af85-427e-acff-20a536bc872a,2
b3f4848a-c5cb-44a3-9716-168335a02415,ae062ac6-17b1-4db9-a5ef-03075e472833,10e149fc-0348-494b-81bc-1505cca06736,3
1db680ac-96b8-4fcd-90c8-3af2d3f7c9f4,50590da5-e7b8-466e-9e71-6c2d899b4fdf,31c3597a-7ce7-4017-b2ef-61485fd9a7cc,1
57fae566-ca89-46b7-9278-9ea4bed7e30b,9f045c60-fa59-48ae-8302-5ef1860dae62,d8846728-7ed8-445e-908e-21f47e372c54,3
76f51c48-6f8e-4e3a-86f3-4255765c6271,99a45c17-8041-4b7b-95c6-c00a1a0cbe0e,03ff807e-db97-4d2d-bd8b-a41da80edb53,2
94b3a589-e9ec-4565-a0a6-52c4eba37662,62252f7e-bcc6-44a3-ace5-5e2847f9f6b2,f9b2820c-40a1-4769-83c1-37bdfae45c99,3
2e029f33-1e54-4c72-819f-825a4882d9da,c39bedf3-cb0c-47e8-9208-68a08bbd722d,c31dc40d-ba47-4631-ae91-e472c79b2e1d,1
c4f97c0d-691c-4894-80d3-da0bee54e03f,8836ee81-8c84-4d89-96b8-a12615aa36c2,4fc582ba-0afc-41c3-beb1-dcd7266c511d,1
3009e977-7dc4-424c-89e8-f90fb0625856,09766e3d-77ad-4d71-b036-269374980344,31c3597a-7ce7-4017-b2ef-61485fd9a7cc,1
95df6451-6054-4414-9867-9a4af00fcea8,e717a428-2b51-4dcf-9e00-16b2a1ef0f97,a0fad330-fd48-4734-8c27-0c17efc1525b,3
9867043e-7704-4130-8a35-10566e3cb19c,92a3a8fc-209e-429b-9ec1-c5a94a9e8bc9,cf9d26cc-7c2b-4c08-a071-bdd86317faf9,3
06058b52-e8fe-4d2e-b1c2-d3676e077df7,7b327e92-603f-4ba7-b18f-f52652671940,7c5c2da4-bed0-4552-8981-1734fe31542c,3
c72ee4ca-b65f-43c4-9c81-cab96e48f09c,fc531e6a-3e6e-4732-9ef9-21985681ccd8,cab10f6d-a2c3-476b-96be-1839a7917e49,3
c4251441-a19a-4ec9-863b-3d4133b80e5a,ae020302-5cf1-4e44-8dbd-f01057d8717d,279c2203-7292-4fbb-8cf8-f44891441846,2
61719b25-9812-40dd-916a-ce5661cb017b,0e548aa9-fa62-40e1-84d2-b9c6662d349c,f24cbd9e-ad3e-4e9d-9de5-7c4fa89e8c88,2
fbb851c3-3b95-4130-9097-4436090de37b,62343244-c3b1-4b7e-9237-b78fc232474b,c1991e50-e942-4f00-be18-452746e21271,2
b998ec65-0f44-4f2a-9a2d-95741f9c47d9,0ab2a3fa-8d0c-4ea9-b3df-fa9d859eb729,984ace7a-e291-4c9b-8a8e-2d2ded4e1d24,3
e3a2c174-7a02-4177-a079-999009e6eb8e,7d385dfd-d8d0-4f8d-aad0-7e5268ca0ca0,2e4587b5-65d7-495c-9560-01d5046b83f0,2
0a1b429a-2cc6-40c6-9a48-5a46f81e9839,4de07cc7-4b6b-4265-b67b-1d033371a97e,69a4a524-1dc3-4a38-b182-fae0426d7754,2
b4e66b60-aca7-4577-a0a7-d6ddd47ab903,20a24192-8626-4508-925f-27e076d568e7,bca71a29-a853-4f73-b2dc-965e6055c746,2
780600e9-e7da-4aa4-b958-46b21294bb08,e2de32ce-ceda-497a-8361-b38f0831f0de,ced41916-f2ee-48b9-b5e6-99ecf108f0e5,2
b11a3e8f-950c-4dd9-aa6d-31677a646758,86df62f6-096f-4455-b65e-601eba0b3246,cf9d26cc-7c2b-4c08-a071-bdd86317faf9,2
d42e39ff-be8b-4ffa-bd03-9c069a7f3566,e8790115-d768-408e-b6bf-245fa59cab10,d1536aeb-f6dd-45f0-95dc-2de377b9b782,2
e55649b4-260e-4f48-8336-d550da2e3697,a02141bd-ac17-4665-8448-7c2f868c79a5,fc5a19a0-7f0d-46f4-bcd8-0530c5229059,3
6b205cfd-c4fa-487a-a810-6a97a6fc5993,46b67ca9-a911-420b-825e-d04978d50378,80d19c5b-2dce-47d3-a8a0-fbc9c3bd600e,3
d488947e-96ce-4b2d-aa96-abc2036edd4c,f6f5bfe2-b300-45ef-926d-08fad2dae1d8,b95ffad6-1b8b-4812-bb9f-b413eddb7de1,1
1449d919-84ee-4236-bbe2-c3d60ecf62bc,374a9bb5-fd94-4ac2-a5b2-46b8d8577b6c,2c0cce6f-78ba-4796-be19-6bb7dc4601be,2
14765a85-4e8e-42a7-a133-5845bd9f4263,e8a56735-db24-40f0-9e43-a3533f8118a1,308a3547-4187-458e-8868-3df5f39bb3d9,2
ff8f90d3-b14e-40c9-9ff3-c022c9355488,854ff752-f4eb-488f-8cd3-92a26bdb4d3f,81a8396d-6ee7-4a59-aeb2-2337497919a6,2
ddada39f-db7d-48fc-8bba-d4f6f68faa3f,fb415215-b83f-4172-9191-8cff4f0a9279,f0ee770e-8e3b-470e-aba0-40d2f1d643c2,3
aef0956d-11ac-498c-a388-9dfc07d05b27,bc6fc1ee-8b2f-4d18-9f3b-4e2ad987ad6d,3a802b87-946e-4c1d-945a-7b3b8b0e8d3e,3
6485c69f-5f54-4ab9-9055-0c66b0f1ce3c,94e38bee-6f18-4c68-9c07-aad81cab77ea,81a8396d-6ee7-4a59-aeb2-2337497919a6,1
4369fb5b-5fc4-4644-97b8-b35276d7f123,f96ea9d7-2ef7-42ec-805c-2d82fe9b4b56,4fc582ba-0afc-41c3-beb1-dcd7266c511d,1
1b108b56-8450-4472-8ef8-2941d7ae2590,34276b81-85d9-4558-9280-785f35930007,0bf9f23c-b443-467c-90a0-6fa16d0fa658,2
dc046b38-45e1-4d0f-a3d7-57953317592c,19c1185e-aa7b-4a1e-b166-6724b2d44746,4c730fcb-7a34-4b0f-9e0e-3202214c49eb,3
79634e20-6d95-4100-8100-5af880f29649,c915dd1d-5141-477b-b920-830f68456e15,e507b70e-af85-427e-acff-20a536bc872a,2
52aae00c-ad41-41eb-8489-d6f6231b532d,d56f1d6f-9dde-416c-b5ef-46d88ab2d481,d0e563e7-a062-415f-8219-1d9931fcecf1,2
933d5cda-94e6-44bb-a587-314e6af9df95,7c4d536a-e351-4f35-9bea-d5f551c4252d,501c7126-f743-4a9b-b694-515bfba7c037,2
cd4ddd9b-b45a-4979-be07-d78ecbe5da81,9181ae7c-18b0-4e37-aa95-5d749d8116a3,f0ee770e-8e3b-470e-aba0-40d2f1d643c2,2
97f11c13-175b-4fea-9cd6-1a5d82f6fdb0,5b8802b3-e70a-486e-9680-038152b72022,6049401f-ba02-4513-ad31-df49121e8ffd,1
56124c28-97f9-47d9-b32e-fa070edd8fee,c8fe42fd-326e-4002-b2e5-5b41b75adfb2,12fd588e-17ff-4b8d-a866-9934a6861df8,2
41db41e8-fd6e-49f9-8982-84b4a4bde09f,4ef13a02-689a-4217-9b30-b09fe1718229,a9bb8177-95fe-4c69-937b-860308b4bbc7,3
66248529-fe66-4725-9270-1db7b042b253,650d005f-3d70-48de-b711-02a213b3bdb1,c8180d81-ab58-47a5-b62b-dee2362b147a,1
cf598d9c-aa26-47f7-a50a-ce0c692dad8a,8fb15751-f05d-4847-89a5-1fcfd3a88293,6bfc4954-1150-4d81-8a09-5eeef09a779c,3
5eae6bbb-104b-4ef4-849e-c23e7036c974,15f9aa2f-b8a2-44d4-8e9d-feb6ce1d9335,22549d4a-d0e1-4df1-b490-87a9d009ad62,1
a198b74b-0738-4e4a-83f7-055002479945,3a73ccd0-df69-4311-800c-4946f752aac5,c3e37844-7894-42ba-9f15-6b3aca70d66b,3
97183421-f239-462e-b6ed-5a80879bede3,f6d5abd4-c153-4b00-b41d-7b2a8e21eed8,a115ba3e-04dd-491b-b592-cda021c6f8bf,1
e69262b5-a6a5-4a05-bf45-685330f3d549,dca8ba01-8b2b-45eb-88b5-d59277dd2956,ee4c6ad2-6ea2-406a-bafc-d25b9b39a038,2
cb127788-f422-4135-9603-1c4e93bd7d8b,2ddf7439-5c8d-4122-975e-dca654c206fc,72b897cc-33d8-4aaa-82fd-70b898ca966d,1
1bbe1733-7bde-431e-89f1-511e4abd8665,4e6475a9-296d-4dcd-864d-f3fee5be893d,22549d4a-d0e1-4df1-b490-87a9d009ad62,1
93be2c37-808e-4eac-80e5-9a3e2d6d5029,f787cff8-cc5b-4849-b426-80295eff9e69,15a5dd8f-5d97-4ee9-9a38-ff2591136343,1
685486f4-83a6-41b6-b05d-27416273a714,19dd633c-99ca-40a5-97e7-2e63819853ac,935ddc28-373d-43ff-a088-7f16a66a5ffe,2
ae538468-169c-4f22-9afc-f589a45e7783,1b71f42c-f9fe-4fb2-ab9b-d06d2d0c64e8,e0c71a05-519d-4c12-a76f-448ffc1cb9d3,2
8963cde2-ad28-4d7b-95dc-2f2bab468997,6adbc1bd-2d20-45a8-9088-23973d61fddd,08f99e79-31c9-405a-9c94-e5a9f5ffe29d,3
bc216995-ab79-4c45-b8b6-e515c2d2c6c7,c4321c7b-9c32-45a2-b49e-d2685afb2f09,149e3c64-911a-4737-b40e-eb3528f3bc8b,1
96a9e750-135f-496e-9dbb-1fee7907d9b5,6bd37bdf-7f8f-41c6-aed4-8918f7dfa1a9,7cc02357-8ea8-4ffa-8887-3d54415021b6,2
002cbcb0-eda4-436a-925e-2ba7e745e034,f85be6f5-07de-42e2-85ea-908d9130cd53,143ad2c6-7ecc-46e5-9828-ae4c4f92e3f9,3
9ceb9b30-0e01-44e1-b185-c986977ab7d9,49e6e125-f84a-4f58-b433-f868cd66bb3b,3a802b87-946e-4c1d-945a-7b3b8b0e8d3e,2
1623717c-cf20-489a-932f-90762cef5c2c,679d47c5-309f-4b91-b6f7-b973207902a1,a5a8e64d-fd52-486d-a565-116fb17b05a2,1
b187ae1a-b562-4d36-83ed-3531b6161bcb,ad55789f-d783-471f-b729-3dd7389f42dc,5eeda2b8-169c-4573-a595-c3bee605b184,3
2d80ac6c-8547-483b-877a-42e00a736521,db2dc016-2285-422e-811d-d878d40b39ef,49c05dbc-ef8f-4d2c-b5be-2c5f9d057c8f,2
8c3fd43a-c2f5-4bab-aa5d-4c61e319c48f,6259ac32-902d-4b0a-8ef1-7ba52f92aa81,549cefb4-9860-4e18-9165-1daa0dab640d,3
35568b35-e5a9-4619-9403-f4493ebab6f2,9cbaf765-dcdc-4236-af8d-a68fbeb16322,d0e563e7-a062-415f-8219-1d9931fcecf1,3
d8f0a0f2-a446-40a9-ac33-d935110e5176,68dc9182-d962-4648-aa7a-bc48b616495d,0db4820a-805a-4ee9-b345-b2bba8971d91,3
d2a301a7-e1e8-499e-b8e4-fd253ce532a7,4b0b730a-16c6-42f2-bc17-86fb6e043cd6,57194cda-5324-44a3-b5a3-64a011c2aee5,1
2eebd2a4-e2a9-4273-a5fc-a59369d05f82,ff5c5f60-6ebb-41f9-b91e-15e115314f83,beebe6ea-9a33-4cca-a17f-105b4d226ca8,2
8630ae10-f5d2-40f1-aee2-e88bce0ad8e4,cb808102-fbed-4126-8eca-156730a64190,984ace7a-e291-4c9b-8a8e-2d2ded4e1d24,1
757e7cc8-9b32-4002-a2eb-6d7dff4d1571,e0f4ac3c-4696-4ad3-aead-b8041f60ae96,22549d4a-d0e1-4df1-b490-87a9d009ad62,3
8a9192b0-1e4c-4bc0-8f03-be105d13bf71,89e0fb1a-12dc-44cb-9572-36718b248e72,6bfc4954-1150-4d81-8a09-5eeef09a779c,2
7739166c-5ab0-4556-bc42-ac8306500e1d,c69b12bd-5836-4471-ae65-9644551d40e3,201f3f92-3c71-4f6a-aa46-03be75af415f,2
4c19b6ad-37b3-40bf-82c1-a6be9b3d99be,7e0eedf7-56dc-4e2b-bcaf-e8ed3341da90,57194cda-5324-44a3-b5a3-64a011c2aee5,1
da3a77d9-811a-40f7-a1b5-2a2a99d0d97d,e67e705b-eff0-417b-829f-c2e96f3b8660,7c5c2da4-bed0-4552-8981-1734fe31542c,2
860cafde-6a71-41f1-9f05-f7870630ebd6,7aa70c0b-0e2d-41a1-a8cd-460982b5e21b,20fe47ec-3e23-4947-8055-81e4099f33eb,1
3ea5b85c-d808-4ebc-b92c-eb2aed98025e,97a5ee47-48ac-43e9-934e-47aa21853b14,50e19f29-2494-414d-9812-a92c97a38222,3
7ff20489-2142-4e0a-9e9c-4b6d5894d0b9,5cee891b-284a-49ee-a3fb-dc1c3dc8ece1,7c5c2da4-bed0-4552-8981-1734fe31542c,3
bafd4610-f70a-42d0-b881-e2790f85e5c1,599e0063-4c3d-4239-9f19-4059e80952b0,65a6a4f8-b5db-4c02-a28c-b814600e35a9,1
34f80dae-cf8c-4991-b5aa-f0fa4743562d,0690bf12-23b1-4a95-819b-e9b6c1d07948,eb6cc66f-3a64-4979-a57f-f2dd893bb05c,1
6eaa4f54-8d4f-409b-8da9-8d0ec24a612b,1ff89478-b9df-40f5-8196-3793c8b0ec28,bdfa8e9f-9331-43ce-9d64-61e229f56cee,2
4314e89a-02e6-44d6-859b-502b9779f32c,cfac4cd8-cae8-4eaa-9020-0edb681a8627,4be59bae-064c-4bec-826e-c96ab2c9d6a9,3
6cad99ed-24a7-4929-8640-e3d6e0e1781b,d9c9d4a9-c7e1-427b-83a7-208837be31f8,d0e563e7-a062-415f-8219-1d9931fcecf1,3
44bef84e-2321-426a-aa33-d5688ed7ac20,63c1dedd-0e5f-40cf-8f43-01366aac5ade,6f6b36d9-dcac-4c1e-b66a-e2684ee4c6c7,1
d8d344dc-89a4-4020-b8d9-07b30c27f849,d3966929-1e2a-4ef0-8828-0c1094521c17,2f499b55-c45d-46f1-a51e-b48a23921a88,3
235a75ef-87df-482e-83bb-dbe614d113d7,df275bfb-c45e-4b13-bfb9-17e38ca1160d,d93a6ed4-3d12-4965-8f59-2ae4df5197c3,2
8281925a-0894-4d14-a544-e3672bbe9853,abd840dc-aaab-47e8-be81-c904894cf6a8,279c2203-7292-4fbb-8cf8-f44891441846,3
d990092f-0183-4024-b614-816579a85f7b,b337dab3-bb7e-4c7d-ac3f-c1628b6ee711,d1536aeb-f6dd-45f0-95dc-2de377b9b782,3
0f6eaff1-e254-4ec9-a81d-8a59ad11cfca,5146a09c-9022-43a2-a5b4-da5100e40d27,ddc0e2b8-e408-47b9-bb1a-96d00fbd886b,2
9b665cd6-b71a-49a4-9954-1167797c3113,fb9c42cd-90fe-4984-99ac-b558cb2340df,84accc98-e179-4c3b-8592-97b7b3aa2807,3
918088f0-4d5d-4cd6-a1c7-e4c40e73ccdf,a2cfdc32-81a9-4faa-a5e3-441291e1e38b,51358305-7e5c-4635-a7f4-38dfd14c6e5a,1
558cbdf8-bcb5-49b3-adc8-600a40847692,04263bf0-67c5-4123-a612-bf1565bdddaf,a651236b-60d9-4ed7-a38b-ac86ddf74c0b,2
610bbd06-aaac-4b04-8138-30a748db7e9d,a3a30220-ecd9-46a5-b77c-a34f92ca9369,3010377e-ff81-49b5-9072-932712bdabc4,1
b5ec9fc7-37dc-4eed-89fe-e4d89426eb5b,e32b0542-2154-4e2f-9e05-a4bed7d9e9ed,e507b70e-af85-427e-acff-20a536bc872a,2
fbbe2b21-e2b6-4f47-b2b4-c2ecf3d4bcab,9b8660a4-d2da-4fac-886d-007e7e4cde50,8bcc0275-bcd9-4804-bd33-fbee3660713c,2
f925f0f4-c46c-4912-a9e0-e1fd6899ee21,b0be1058-ae9d-4488-b0f1-c439654e3ba8,c9f46531-d3f7-4d1b-a5b1-ed67e616ed62,1
774420ee-cc8b-4dbc-9a7b-6ac58980c3f9,b203b210-7268-4edc-86f0-bb831f392e60,a115ba3e-04dd-491b-b592-cda021c6f8bf,3
eaf12be6-1613-4fd7-b08b-fb603925e546,969933fb-8ff5-4de6-8153-3c5f5062200b,28518a57-6b50-4f94-bcc1-cae42336f5d7,1
4746b69c-48d3-4c80-9307-abcb50e8f672,c4e00fd5-c2c4-4ab8-ac8c-b46f23925ab9,c31dc40d-ba47-4631-ae91-e472c79b2e1d,1
29cbb19d-89a7-4805-9479-18b13db00cb9,5dc82983-064c-4492-8169-c01437dfe795,308a3547-4187-458e-8868-3df5f39bb3d9,3
edd89ebd-07e8-4e38-b6f3-3f3748afa286,07072319-cdf5-4933-a2cf-55fe5275d5e4,b784392e-33f6-42dc-ad3d-a36bcac89a8d,1
d31c75b0-d621-41cb-874d-144986cec037,06665057-526a-4c3e-9d54-78ab30f482c4,2c4aba23-cf91-435d-8953-ef44f1097dd5,1
fd7500ae-1d3c-46a1-81a1-4fb8222e20c9,76c777ed-89a0-4f01-85a2-1a33f4955de3,6a800f33-c65d-4b09-aebc-67ef70b47578,3
431d2783-c78a-4d50-9dc9-341f0669f9ba,32734d85-3e04-4060-97aa-6982c01cf2cc,28f23ead-ed12-4feb-9636-0777eb328182,1
0f94cd50-f89f-4271-9742-bbc24b848f57,db66eec1-bbeb-484e-a536-483b0a445318,34775c41-d73b-4918-b22a-0521835f678a,1
8c850d1b-597e-4c93-9646-a2d38f8309f9,cb9f0723-9c85-4c12-8356-c55152bb0756,f8a8360e-c112-4407-b885-68cbc93c68be,2
7b27a560-5152-45b3-9ad3-1c68c200b102,2886d886-8294-421a-95c8-c5d623291823,36448613-605d-4b93-a5d3-5ef29922209f,3
5ac17010-8dd1-4608-9c8c-78e618b4248e,cc960f0b-a29e-4742-822c-4b94df605c44,7cc02357-8ea8-4ffa-8887-3d54415021b6,2
0496689b-e092-4de2-ab42-4dfcb93c951e,257e978e-db3a-4941-84cf-0cb18f38673c,5aaf174f-0a76-403a-b3c0-6dffe99b13c9,2
9350ab81-021a-4341-945b-a1abe6b96248,7b307b18-5d2d-4c69-b342-b051d9f473f2,e8727c3c-813c-4eb9-a67f-43d699df5dd4,1
d5092dfe-57a1-4a9a-964a-9a941353aca9,cf3c51b3-3194-4d19-8a88-5c5fa40ddd51,a9bb8177-95fe-4c69-937b-860308b4bbc7,2
055e6a94-c9d5-4936-881b-78213580e47c,04f75f3b-653c-48bd-9027-196f284ba288,279c2203-7292-4fbb-8cf8-f44891441846,3
f31c29a1-b515-416c-84bc-b014db2440bc,dfa10140-9c4c-49d2-9d42-70133b487078,5838a2be-c776-4dec-9ead-1fef76ac167d,2
060c2bbc-f807-4604-82e1-b3977f18be58,412c211f-3c9a-4e20-a0b8-02c092567bf5,28518a57-6b50-4f94-bcc1-cae42336f5d7,3
37c32cf1-9541-4669-a499-f4e8459e13f1,3a837419-fc5a-4b83-95cf-ac9d08524215,e36b1638-2e5f-4e00-b002-4260bbd5319c,2
972dfde5-b731-4557-ac69-9a0dadb85b9f,c1c3b257-ad30-4c20-9bd3-8154634a3b35,61e106db-d0de-43c7-88cb-befafa196f45,3
3b9146eb-b95e-4d24-a5e0-3ee6aac5e46c,15587423-a3be-43ec-a244-29daa936d4ba,e507b70e-af85-427e-acff-20a536bc872a,2
d81e0a2a-d653-4c6b-93e4-5a50b13eb66e,0879e596-9b54-42de-ad9b-bfb6295cdc7d,2f499b55-c45d-46f1-a51e-b48a23921a88,3
7e3a81f6-ba20-4d40-a0d6-780a42ce53e5,cff20478-5283-45d5-a959-b46b9061d2ad,c07d6aef-b48a-412e-be5c-fa42445974fe,2
2a1d63c3-40d6-40d8-b2f8-9a5a9ef23bf3,b002acbd-3b3d-463c-8c5c-a7c586d12d6c,84accc98-e179-4c3b-8592-97b7b3aa2807,2
b72fc8ac-1aa3-4755-85d6-4d21804b28f7,49cd2b91-d664-4d7c-a6e8-fbccfd0b35a4,e0c71a05-519d-4c12-a76f-448ffc1cb9d3,1
683af06e-31b2-4aa1-894a-380b575d3f11,810a2403-1d2d-47ae-aab7-28415a436ea7,308a3547-4187-458e-8868-3df5f39bb3d9,1
d1fe2b80-32de-41c3-b435-993425634fbd,a923d3aa-4641-499c-ae5c-31882d091260,a755edde-4dd5-4cb9-8fb2-0648a1088a13,2
07c2a4c6-1a01-433d-bcce-fffdf55a17c5,09de600d-929b-4d1a-a898-90fb4d6c16c3,49c05dbc-ef8f-4d2c-b5be-2c5f9d057c8f,2
a4d7fcbf-8063-4af6-8011-a0c0f9e538fc,9c4f050f-175b-4798-8c3f-2d660259c690,02d7b992-f1fc-4a88-b765-a595642d8241,3
2de90180-cf36-4c65-b0ab-4c967395174b,88f332b3-e07d-4df7-a787-12a2679f8b0e,2876e88e-23a6-4f98-93c1-f6655a4fa180,3
d78b38da-bd57-45a4-b6e8-11e4997af8c3,5eee5b11-1ea6-4948-a643-cdc682784e8a,c1991e50-e942-4f00-be18-452746e21271,2
f4134c25-5d5f-41f3-a322-12f8bf453382,1010e2f0-fa6a-498a-b3ba-6bb63043caf2,97648fdc-9dfb-4b3e-8dc0-f10d9287bdba,2
b2db768c-b0d4-499c-8e67-9d3d1e2e456f,67791dbb-e79d-4f43-b052-69e08b5f3ad5,fb6d977b-8e59-42f5-bb61-daf7c3258b02,3
13470724-b98e-4b96-af92-46cd9192b654,2f8cca2d-37b3-4789-8c69-b2c6520d148a,f9b2820c-40a1-4769-83c1-37bdfae45c99,3
7ebfa4e2-688b-4a9f-a4ef-e52781629886,fa9621f3-0818-44c6-a020-ac67b76808ba,a08d90f7-7cf9-4915-998c-5d48621813bf,3
af01f497-f208-4830-9629-30f046593bab,5c2a4f30-6246-498a-b613-291aabb169a7,149e3c64-911a-4737-b40e-eb3528f3bc8b,2
4624483b-8977-49f6-ba7e-3d92bbe03beb,51060c2e-0db6-410b-b8c3-db7741684114,22549d4a-d0e1-4df1-b490-87a9d009ad62,2
9e5d016f-20fc-440c-9e50-810c3a674964,6e1db457-4ea3-416b-8975-a4102ca394ba,02d7b992-f1fc-4a88-b765-a595642d8241,2
f3c8bded-9d7b-4a58-a44c-3394bc179f8a,d204504b-1a39-4477-809d-77cc057e502b,ced41916-f2ee-48b9-b5e6-99ecf108f0e5,2
b99938c7-3d8a-4f65-b608-2ee5eded8bef,08d26398-a19a-4edf-a84c-c3bc132a50d7,61e106db-d0de-43c7-88cb-befafa196f45,3
8a79e537-80db-4f8c-a579-e1754cb2fd1c,2f7810a8-8e00-4f90-a3f0-87739c417003,97648fdc-9dfb-4b3e-8dc0-f10d9287bdba,3
71bab7fe-c41c-417c-802d-18c1dbce8a3f,ad52ee8a-dd56-4f32-ab10-853a9c2fd0d9,c07d6aef-b48a-412e-be5c-fa42445974fe,1
49a7f22e-58bd-4584-9a8d-21280429fb48,e014b4a3-a6cd-40a6-b29f-da58ed6387c8,f24cbd9e-ad3e-4e9d-9de5-7c4fa89e8c88,1
07e3e218-88f4-4794-aa4f-283264bedb02,b6ab64f6-2150-4a7d-9f37-44ae9a8d78cd,207a8cd4-27ff-4aeb-8a08-53675185c7c5,2
93d5e4f0-74b2-4e08-b06a-31710eee98be,baf52020-874b-4a31-9f7e-d1e1de973ad5,08f99e79-31c9-405a-9c94-e5a9f5ffe29d,2
da09fcd7-17e7-45a8-b657-398d1abb47c0,59891c98-1efa-465f-bf79-f136bc07ec61,7cc02357-8ea8-4ffa-8887-3d54415021b6,2
22b7bd43-fbb5-43ca-bc6c-ff6b01d58748,90901a34-8e8c-4fd1-855e-397c26419dc8,6f6b36d9-dcac-4c1e-b66a-e2684ee4c6c7,2
d7f6a8dd-dd56-4fff-88c0-03fa9bf013e7,d0d4bdb6-b811-4be3-9db3-5df7096055bf,a443ba7e-45fb-4dbc-b432-40fb172b9f29,1
9f12a744-70d4-4124-98fd-aff93d04ff9b,ca0a6dda-7a97-43d3-839a-8d408325cf3c,143ad2c6-7ecc-46e5-9828-ae4c4f92e3f9,1
b37dbf0b-b5ab-4870-9a68-2520594721f1,b2286ae0-5cfd-4f87-87ee-a388cca20e5b,7c5c2da4-bed0-4552-8981-1734fe31542c,2
a3d42dd8-7204-42a1-9384-1c7d994f476b,b214ef0f-d23a-490d-b377-d68fd07f0393,0e6e60de-7e9a-4771-aabe-b57a5fd99cec,3
a7c02acc-6604-403b-abd9-c5bd296eb13b,fe2c1f89-3ded-40de-9f0d-246a4e8bd920,9bb6c04f-be4a-4c42-8291-0226b0c82f62,1
212c1d3d-16e7-41e3-bc21-af175957b0e7,e8a9dbd4-8c30-4cff-a93b-eaee7f3bf678,549cefb4-9860-4e18-9165-1daa0dab640d,3
fc26dfa9-41f4-401d-a489-75634f389af6,a0746e3c-0dfe-41a1-b884-bedd4a175e72,4fc582ba-0afc-41c3-beb1-dcd7266c511d,3
3ed044a8-f52a-46c0-bdcb-cba94bb1d6a6,28d458df-e2d3-4cfe-bb8e-2e9837792927,c8180d81-ab58-47a5-b62b-dee2362b147a,2
f24544f5-c178-4fd6-a2a6-5e32d9dd6db4,6571a547-fd7d-4978-b082-6979ca2bd4ca,28518a57-6b50-4f94-bcc1-cae42336f5d7,2
0d2f0302-c0c5-4a54-9fb5-c4aa89d62a95,a31d03ed-9949-4db8-b5c1-5d844d8ca0dc,50e19f29-2494-414d-9812-a92c97a38222,2
5d5348b7-1a44-4919-97e9-b36410480600,f40477bf-df56-4400-8c44-beb3972f8a77,beebe6ea-9a33-4cca-a17f-105b4d226ca8,2
67215e76-e3c2-4b06-8535-02b54183ed47,b20f5cdd-2b80-4e8e-a183-38d965dc214f,4cab4f2e-2fd3-4fcf-a479-06819c075afb,2
aad5ca82-61d5-4388-99b8-03ca4a07dd07,847201be-8dff-44dc-8800-526cf6339ff0,c31dc40d-ba47-4631-ae91-e472c79b2e1d,1
a5cbe450-9b03-45b2-9c04-2fe2504ea05e,3743b912-e6f4-4d72-8575-c50088a63232,0e6e60de-7e9a-4771-aabe-b57a5fd99cec,3
ce5a10d6-41ca-4f6b-9067-4d27918e8579,296d147e-17d3-4170-ba8c-9ce4930f1d1c,a4f1f4d4-efdf-430f-b089-42d24d31a019,2
91f84ba3-2ad9-491e-8854-a0cb9e7a27b5,c40d2b5d-a70f-49a2-80a9-a28932c90eee,6f6b36d9-dcac-4c1e-b66a-e2684ee4c6c7,2
5df2773b-e715-4a66-be27-d78f056c303b,363bc6b6-eac3-40f0-b82e-6d8f0245e204,2c4aba23-cf91-435d-8953-ef44f1097dd5,2
0e81c72b-c034-42f4-8552-3b2616477b11,3755459b-d0e4-403d-9991-ee8b7d1dfc6b,2f499b55-c45d-46f1-a51e-b48a23921a88,2
fd50b73d-47d1-4e27-98c1-907c0408414a,7e4707c3-25b0-4c9d-b0e0-f3bdd8817138,bca71a29-a853-4f73-b2dc-965e6055c746,2
620d6db1-6f01-460c-8c94-76c9194fb146,71c7621a-429c-487e-9164-f952d0f34e04,a443ba7e-45fb-4dbc-b432-40fb172b9f29,2
045aa481-abac-4e98-a175-e529156b4bb2,f1465cd4-f8a1-4abf-a9d9-ccb7f386632d,ddc0e2b8-e408-47b9-bb1a-96d00fbd886b,1
553d672e-d5e6-49de-a430-76a512b511bf,f3886694-6ec0-4c32-acc6-e84d33bcb2c2,47dba4b0-084d-4ae4-9dd8-4e9f14c83daa,2
5d002245-d838-479e-ba71-67db80b219bd,ac3d6b5c-514d-4b12-986c-091fe079f8ae,6bfc4954-1150-4d81-8a09-5eeef09a779c,1
c48805e9-fd2e-490e-8e77-fb0b9bf0a208,9f793a33-803d-4b1c-8f85-7bddb16a71d1,72b897cc-33d8-4aaa-82fd-70b898ca966d,3
a45c7b10-51cc-4218-a352-b73e4029db28,db7ede46-9412-476f-af9c-3d257e8faea5,501c7126-f743-4a9b-b694-515bfba7c037,2
89900ee7-4ea9-4beb-bbba-b30ff39f1f7b,d36e8101-74fc-4e2e-8550-256c393431d2,c12e4b71-135c-4703-aed7-3f5eef4d287c,3
51535983-d4dd-4b08-a569-b155adf5800a,e7fded09-62ae-4f4b-aad8-2d41ce865ccc,308a3547-4187-458e-8868-3df5f39bb3d9,2
18393e64-1ac7-45c7-9c9c-463b2d6929c2,b107387c-c296-4ba1-ba2a-0e78927d1565,7afa640d-5d5c-4e34-b1fe-54e159fbd787,3
b7179cb2-c941-4c16-bd14-999299690438,bd9b833b-56f4-43a9-a42c-d8f44422de01,6049401f-ba02-4513-ad31-df49121e8ffd,1
6271b07f-1272-448f-b41f-49d7f7040c0c,e6c21a07-1db5-404e-ab2f-a00edbe457dc,0e6e60de-7e9a-4771-aabe-b57a5fd99cec,2
88848858-5cad-4d2f-9b12-709b1716232e,f4020c5e-fab0-4186-befd-af6c23db20e3,279c5d31-58f1-4527-85eb-ebd8a815aac3,2
8bc54bea-88ab-444f-96e9-83cb80c54a72,c2effd37-7a04-41c7-8e29-3abc8fd1968a,31c3597a-7ce7-4017-b2ef-61485fd9a7cc,1
11dc1154-8113-4e41-b6da-a15420b6aec6,b19a2f80-6f86-4e7f-aa61-125c2606c058,0bf9f23c-b443-467c-90a0-6fa16d0fa658,1
6181aaf6-81aa-4773-a773-422ee54a0b90,c0f8f5dd-4e33-41d7-8aa4-e24600032023,6f6b36d9-dcac-4c1e-b66a-e2684ee4c6c7,2
b3b0f0fb-4fa3-4dfb-b449-20443198fdb9,fa7f21c3-ecca-43f7-8d77-321f53494017,0e6e60de-7e9a-4771-aabe-b57a5fd99cec,2
1ee090e2-f75f-4613-aa8d-25d723998a0d,d4f4ef71-3df7-4e91-a614-138763f8944a,d93a6ed4-3d12-4965-8f59-2ae4df5197c3,1
05aa3c12-8a31-470f-b086-e2ee10140e1e,7b680e74-dcb7-49f3-b1f2-4ad3dfb4a08d,6f83b480-ecd2-4d88-827e-b2103d9dfa59,2
f5789c5b-4a09-4e45-aa04-49d2e871c35d,c211838b-8dc2-40c3-ae10-e41fe6b0f6d4,fc5a19a0-7f0d-46f4-bcd8-0530c5229059,1
2805417e-2c99-4a42-bcc2-fd82dd18c9f5,709ce627-df00-44fa-bbb1-70808bd42c5e,10e149fc-0348-494b-81bc-1505cca06736,3
d4ba9cbb-f1a5-4786-9b11-7cd8b13bd556,ee875363-a39d-403b-9808-6e64c6267501,d93a6ed4-3d12-4965-8f59-2ae4df5197c3,3
ffb8fce6-b78c-4050-9944-c6c91a18d6e4,5f06ee53-56f5-4d50-ab01-3bbfaa5d6abf,fb6d977b-8e59-42f5-bb61-daf7c3258b02,3
30081b21-1aad-4a54-9223-04e9e57ed587,0ff6f3b5-400e-4503-ac98-6d5bd6212ba7,57194cda-5324-44a3-b5a3-64a011c2aee5,3
97f46712-db11-4fc3-ad8f-483b382e86a9,f2fd7bf8-b13f-458c-86ca-735520671e5d,b95ffad6-1b8b-4812-bb9f-b413eddb7de1,2
174ea2f3-9f97-41cc-bd13-0f2f595456ef,6aed6085-5ba8-48a8-9e77-02546a197515,03ff807e-db97-4d2d-bd8b-a41da80edb53,1
5413895e-cfc2-4fd2-aef6-65183de7a97d,b3e173dc-dc95-4796-a4ca-31eef911a7f8,f49b6c7f-1859-49eb-ae36-7fcd89943378,3
51c455d2-f99d-4c8b-b616-895b3ab326f6,309455b9-9a8f-4b10-8fd2-085489e32387,2c0cce6f-78ba-4796-be19-6bb7dc4601be,1
0fa34a10-428f-4057-801d-fcc48ac0b95c,710c1911-5555-4511-b862-34b5b8230370,0bf9f23c-b443-467c-90a0-6fa16d0fa658,2
18e4f6b8-a1b6-4487-ad49-6101f293fad3,84aff540-5a00-41c8-b84a-76ee3d5f829f,ddc0e2b8-e408-47b9-bb1a-96d00fbd886b,2
5b3697bb-5d93-452a-a793-12a38e6b3303,37265680-ab21-42b1-a33a-034ccde5bf6e,c07d6aef-b48a-412e-be5c-fa42445974fe,1
45e669e6-cfa0-4811-bad9-e35cfd017153,dac9d8f1-457a-4822-a1ec-c0edca0e1bb9,4fc582ba-0afc-41c3-beb1-dcd7266c511d,3
c3ee84c3-f17d-4371-a3ab-fa0748495f6c,04875dfc-249d-46a8-a7c5-d549c039630e,db465b3b-77f2-4707-b61a-f5f13cbe281f,3
422fc5fb-e10a-4508-a84e-2ce2bd269f58,f10cfcd8-6279-49a1-89c5-f0938fc90840,c8180d81-ab58-47a5-b62b-dee2362b147a,2
113f77c2-9a11-4ca5-9923-7e333301af27,3dc9fb8c-2885-4a1a-98ff-2a99999502b0,a4f1f4d4-efdf-430f-b089-42d24d31a019,2
17ce034a-65b5-4327-a183-c20c61dcecb3,2090f6d4-40e2-4fdf-8cf2-f37e682ad4e4,7ebb3b48-2fa3-4636-9c71-a698215cf2ab,2
365708ef-023f-46f6-bf27-a816c37da082,658bab9d-e83a-4164-9644-75ec2f7babf9,9cf97cca-0ea5-4aeb-b239-6676eb8aa407,3
8ffac29d-c3e8-4191-92e1-18e0c7b5c139,f2164eab-67a0-4d35-aed8-1a7febeecbe2,279c5d31-58f1-4527-85eb-ebd8a815aac3,2
00a0987f-c1c0-4682-81ef-e790724360d3,c9f1b072-811c-47d3-8661-68406b658354,6f83b480-ecd2-4d88-827e-b2103d9dfa59,2
a9f39c2b-7abb-44aa-b7bc-21e769fabad4,0af047d4-c45b-428c-ad04-b8b5f06d7451,2e4587b5-65d7-495c-9560-01d5046b83f0,3
d71cfb1d-5d8b-4ebb-a66a-b8f050205e22,24a7b71c-68f1-41cf-87d5-70aeee77e7cc,ab508650-43e1-454b-a19c-22bcbcfec332,3
2793c29a-0e4f-4edb-8b21-c914d72374fa,07530aba-3f1c-4770-ae6c-cb5af19bba85,ebda6ffc-b8fc-4e43-9c0b-b3ecb89c40f8,3
9cf063e3-4c37-4493-8219-949a20106e87,9b7cb746-ec67-4d40-930e-0fd6ae437769,149e3c64-911a-4737-b40e-eb3528f3bc8b,1
365003db-7711-47e1-bf0d-e0389388f354,08da4035-2d95-4566-b937-d137110d7325,b95ffad6-1b8b-4812-bb9f-b413eddb7de1,2
840730b0-dd5f-4d54-b92d-9867daa3cd1b,8b2c7fb1-ff62-4d64-9d60-6e7945cbc710,2876e88e-23a6-4f98-93c1-f6655a4fa180,3
27768283-9dfd-447a-bc22-fd9a8d8402f6,58ee5cc9-4197-47ac-ac0c-b01309c9c3ab,b784392e-33f6-42dc-ad3d-a36bcac89a8d,1
2720d3e3-2ab3-4644-baa7-8e01e85c3db5,b5e8a160-6bb9-486a-a1b5-a2e635530fa3,81a8396d-6ee7-4a59-aeb2-2337497919a6,3
6137f5a4-4829-4511-b28d-3fcbd6fffe38,943e4901-781f-41d8-9ab4-fc4e528bb388,207a8cd4-27ff-4aeb-8a08-53675185c7c5,1
564c7d6f-dbfe-405f-baa3-6853909000ce,c0fe97fa-b2b3-4b65-a094-c500a3121a18,fb6d977b-8e59-42f5-bb61-daf7c3258b02,2
9fd62668-7020-410c-be80-e688b7a1bb6f,10666085-e0d4-437d-b31e-dd066e358378,4cab4f2e-2fd3-4fcf-a479-06819c075afb,2
2dc21f99-c9e9-4872-9ea8-1e301e0392fc,55034e3a-6c57-43fc-bc40-7a3fa2ce010d,88c377f5-4b2d-48eb-8c80-75c3a8171ae7,2
e8624007-3df6-46aa-b910-b09577c3c989,8887d811-f65b-46db-ba08-4d8ac6fd82fe,28f23ead-ed12-4feb-9636-0777eb328182,2
9ac600ec-43e7-4c32-907c-427d1c264670,4ac7815a-3734-4d46-809d-7164a337570b,bca71a29-a853-4f73-b2dc-965e6055c746,3
2cc2386b-a74b-4f60-b17c-fa1953585005,6816b30c-347e-4c77-b29f-b5a9abdbbadc,e507b70e-af85-427e-acff-20a536bc872a,1
0732bc37-166f-47b8-81b8-b3b2973164f4,4c2188d8-a138-404a-bbb0-381f21c70fcf,d529b89e-02c4-4134-9305-f716c71b9988,2
0aa2f354-9c3c-4ca0-96db-78e73a0ec9d3,3c1c3335-a76b-4d5c-9544-946f379a4c57,02d7b992-f1fc-4a88-b765-a595642d8241,3
dd76fbbe-3958-4026-9218-d36df24c830c,adbe76e1-3207-4ed6-b058-36b0b246ac12,308a3547-4187-458e-8868-3df5f39bb3d9,2
c5eac1c8-2102-45dc-ab32-a4c804fa2f9f,587b8653-a968-4db5-9d9d-efea733086f0,20fe47ec-3e23-4947-8055-81e4099f33eb,3
04a3649e-b597-451a-aec0-2d439899e393,7974c94d-2ee8-4851-a24b-050ac502ca62,a9bb8177-95fe-4c69-937b-860308b4bbc7,2
f1df9695-3794-4f3c-af45-653803c5b707,3fb5a50e-cdf4-4608-85d4-3bdba82182d1,9cf97cca-0ea5-4aeb-b239-6676eb8aa407,3
b2986a02-5510-4ff2-9c23-8ac731204c3c,bcf65982-5d0e-42c0-926a-19853996f4ba,a910983e-bdda-4915-bd6a-9d05ef1bb506,2
f91a9103-1145-4aba-9e4c-88b8ddbeb22d,9a77e40c-0886-4096-856b-e78efee3eaa7,149e3c64-911a-4737-b40e-eb3528f3bc8b,1
b6d504b9-967e-4333-830f-95d65aff96c4,f411d6c5-c35c-4b52-85d9-1f85dcb79676,eb6cc66f-3a64-4979-a57f-f2dd893bb05c,3
628ea0db-576a-4963-b61e-bf96f5d92f94,953f568b-cfda-4cc8-997a-c10eb0c83d1d,65a6a4f8-b5db-4c02-a28c-b814600e35a9,2
28b9a2fe-7f90-44a9-9c98-4d9c684f3dbe,86a138be-34b4-49ab-96d7-35f64d94565d,cf9d26cc-7c2b-4c08-a071-bdd86317faf9,2
f78c4376-46d6-4c95-8126-88fdf94eee16,ea3d7f64-c6f4-4bba-b866-39d244b80ddb,0b52e799-177a-4336-b956-efe8fa8f23a0,2
e2830950-42b1-4ec8-bc84-52b28865308c,84943682-72c4-4354-9e1a-e308e2dde1fe,fb6d977b-8e59-42f5-bb61-daf7c3258b02,1
99d5b6ca-a624-48f2-833e-e662db97390d,dcab181a-373b-4ce6-9d15-d5d1372ba057,d8846728-7ed8-445e-908e-21f47e372c54,3
312d85ac-8374-4dcf-9119-af6c14fdca0b,08df7119-e193-41d0-b3f6-f8ce99d1a6f4,6f83b480-ecd2-4d88-827e-b2103d9dfa59,2
60c15f60-6ed4-4b5d-9664-4a1ead2c7c69,0615f230-d35b-462e-8bec-ced74e2cbdc5,2f95b2ac-04f2-4290-b8b5-60005c4601a1,2
43ba89cb-71b8-46a5-8b0c-5c0cee24bf3c,176f5973-3b31-48c0-b28f-b8b8acf31b73,a910983e-bdda-4915-bd6a-9d05ef1bb506,3
209a934b-bcc0-46df-953f-713896ee8f5d,b02abffa-072a-4277-8f3a-a22b210f3d1f,143ad2c6-7ecc-46e5-9828-ae4c4f92e3f9,1
74a9d8a2-ee79-4bad-9481-c21dcd4d6274,050e9b73-60ea-408d-8f13-a7a7b7ab3e19,e507b70e-af85-427e-acff-20a536bc872a,3
99160844-144a-4cb4-a0be-a5c394778cc9,6d1c0404-4723-4468-95a5-20c8acca29d0,2876e88e-23a6-4f98-93c1-f6655a4fa180,1
4197600c-2619-4398-bff8-907bf2e7abbf,7efdb64e-a383-47d1-933c-8be8c07efb43,51358305-7e5c-4635-a7f4-38dfd14c6e5a,2
5f31ac79-ba3c-4090-81c4-9fd88384ee16,481559ff-8891-4c2b-acc6-311e81942a80,c1991e50-e942-4f00-be18-452746e21271,2
2bdc621c-9490-4b7e-b336-cc7834571923,47d8f03f-324d-4628-8f11-7ba67630957b,501c7126-f743-4a9b-b694-515bfba7c037,3
1338db30-f12e-4900-b96b-e8380ea82938,95304046-495b-4ba4-adc5-bd495d02bcb2,80d19c5b-2dce-47d3-a8a0-fbc9c3bd600e,1
c0df189c-b1d1-4826-8b9d-2f108a3f5db8,08e5bca1-806b-439b-8613-9add60b23ab0,36448613-605d-4b93-a5d3-5ef29922209f,3
9c270abc-b969-4686-8dc0-9d7903abdd67,8eb402ad-7939-4082-b2a9-bcd56ccfe7c0,f9b2820c-40a1-4769-83c1-37bdfae45c99,2
13141485-dd18-48b6-8760-2bfbd446c22a,879bf359-6ac0-4d67-8027-bbdae5517df9,2c0cce6f-78ba-4796-be19-6bb7dc4601be,1
1beec0ae-ba2a-429b-a91c-2a0eefa8e8ee,2ce93106-16a1-4f39-b521-dfc7d4d2139d,308a3547-4187-458e-8868-3df5f39bb3d9,3
514cbff9-d236-49ce-903b-3f9251dc42ef,9d540d49-a59b-4378-9ef2-2994a0181c8a,0e6e60de-7e9a-4771-aabe-b57a5fd99cec,3
650d62ae-1dea-47ea-b496-de92b92ed800,5544053b-21a2-42c0-b131-9b944abb0ad3,3010377e-ff81-49b5-9072-932712bdabc4,1
5eff1432-98e4-4185-becb-20b3a9e52840,2ee2447b-38db-4c83-a92b-33f83011ffc0,84accc98-e179-4c3b-8592-97b7b3aa2807,2
0778104f-ad9d-425e-b444-aff405c3ccd2,11672c9b-7243-4248-99e5-fd1fb435a123,97648fdc-9dfb-4b3e-8dc0-f10d9287bdba,1
5e96e753-ca0b-4304-a7b7-d11564c31712,bcdcfcd9-3b1f-4e06-962a-a9b99992e7c5,e5c1063d-fa0a-42f7-b758-8cabd1837163,3
8bd1d1e4-59e8-4fd4-829d-ed0dc1f61c27,efe4b277-a5f4-484c-871e-0a1e3efd6bd0,49c05dbc-ef8f-4d2c-b5be-2c5f9d057c8f,3
e29fa196-a9ce-42e6-bc2d-3cf86098e3c8,7aa944fe-334c-42ce-92c8-83ad38c8c66e,ced41916-f2ee-48b9-b5e6-99ecf108f0e5,2
808991ad-9315-4cdd-a96f-0826aa9ab1c4,edc3984b-1d4f-46e1-9ac2-c3fdf52a3082,10e149fc-0348-494b-81bc-1505cca06736,1
59bee0c3-9ba1-4114-a401-3fcdb50dc397,53a8a570-a5a3-418e-83a5-bc96ed601ae9,672c4582-ec94-4606-b4f3-22e75db33fc4,1
bf5011d2-4f76-4c4c-9cb7-01c09b993648,79a064f3-6246-4af6-9b9f-5b45d4cef55f,4d0cd76b-5992-4b08-a556-68b0b5b4fdd9,3
1c2b7598-a79c-442f-9174-fad19386d393,f78ba1ba-98a5-458d-98c0-f5874e00c0a1,72b897cc-33d8-4aaa-82fd-70b898ca966d,1
cc1bd351-3417-41ab-a590-8cad11571c80,3c363552-bd6e-4586-9545-a9c21b01b2d6,0db4820a-805a-4ee9-b345-b2bba8971d91,1
da58411a-bb4e-4156-b370-2e6e2a57ee0f,02d7c656-5042-416e-9af0-9566f4ca6de0,65a6a4f8-b5db-4c02-a28c-b814600e35a9,1
d0115794-77e0-46e9-b677-b97d925c1f5a,eb101dec-0dc0-442a-bf03-b71650627b16,099c2be8-a55f-4481-8a79-bb81a6f79a9f,3
0919fa90-ce9b-4734-a159-a44a35411ab4,1cfc94e6-70a2-4a1b-ad9a-c48733a8309e,6f6b36d9-dcac-4c1e-b66a-e2684ee4c6c7,2
3bc49413-69f0-4dd1-8862-ea5a0acae68a,5e6e9e3b-b320-4c8f-9b3b-01f1cddc29f6,935ddc28-373d-43ff-a088-7f16a66a5ffe,3
7b376b5e-ad05-4ea3-a631-4551984d9a06,6624aa04-980e-46f3-a636-d2a9ca512ab1,c31dc40d-ba47-4631-ae91-e472c79b2e1d,2
6f96550a-e08f-4f61-a551-961d936d14ec,136ceb59-dfa2-4b0f-a3d4-6f3fff549004,22549d4a-d0e1-4df1-b490-87a9d009ad62,2
02423f2f-d8f9-45fb-a2db-ecd27473f9d6,fbf2649c-50fe-45fa-b628-73f08a7e57a5,10e149fc-0348-494b-81bc-1505cca06736,2
52ccb8c4-e78d-4808-811c-eb71261f0774,8ccd78eb-616a-4ca0-b5d3-f1c3c9aaacdf,a651236b-60d9-4ed7-a38b-ac86ddf74c0b,2
b2a56eee-440d-4c8a-8d3b-507579544e7f,7ac8e353-fb4f-4821-9424-53d1ed3653b9,e507b70e-af85-427e-acff-20a536bc872a,1
63b1e6e0-7aa1-4288-9b14-8d13c9cf4c8f,e27774e4-01fd-4acb-9d30-84d83c1cec8c,4c730fcb-7a34-4b0f-9e0e-3202214c49eb,1
3961d524-b6bd-414f-bafb-9131cafdceed,8fd9de30-843e-48da-accc-d7ec402af519,d74e376a-686a-45af-af18-941b8fcd745e,3
ab3883f0-fd0d-4aff-bd1d-c036892be850,9007f0b7-bf72-43cc-adc3-12755b251806,935ddc28-373d-43ff-a088-7f16a66a5ffe,2
7a164573-a9b2-4b5d-b5fe-cfc65ee5296a,1a6428f3-e693-4940-8391-2946194de2a6,9e54eb37-0d17-4465-b41a-63a1442efafc,1
9bc8e2ca-9e54-4ac9-8014-b9c45b5930d1,1ccd2c7e-47b3-46b0-8b36-3af415929e31,149e3c64-911a-4737-b40e-eb3528f3bc8b,1
5e44ba60-c4fb-4b52-93d5-9270f235a37d,1ea68182-0419-417b-970f-09cdefb320ed,20fe47ec-3e23-4947-8055-81e4099f33eb,3
7f503c9b-4e58-4442-9e83-b8208970d931,8ecd2bf1-e027-4008-b00e-94436a567e98,0db4820a-805a-4ee9-b345-b2bba8971d91,2
a09056ef-b2d2-4268-b4fd-4c9eef84d798,0d5d4da9-1004-4c57-8ed6-ab290643698b,3a802b87-946e-4c1d-945a-7b3b8b0e8d3e,2
677d49b6-c9f7-4a78-807c-8eb5c74f46b3,2bed5352-455d-44de-b493-a6143f731302,3f4b5184-7e9d-4038-927e-23701dfadfdc,2
a4d1ade5-4799-4e91-9a0f-a3114a630b7b,f25a4a8c-c9d4-42d5-b5fa-399f71fd726d,9e16a8e0-d43b-4884-9bbf-e09ef9b696d6,2
9d2d1e8e-2570-4fb5-a85f-e2e40700128b,f39963c9-bdaf-4c66-ac6b-9b1da85ffb7d,549cefb4-9860-4e18-9165-1daa0dab640d,3
119a9d51-8995-4c3e-948b-c47c78aab470,e7c5bb64-2cd6-4188-9ee1-679e13dcc560,a25b830c-fbe1-4e75-8026-fdf153a905bd,1
8673a423-8a9b-4a19-b755-f27d97ea407b,347e8df0-9b58-410f-bdd3-7c9b695cbf06,88c377f5-4b2d-48eb-8c80-75c3a8171ae7,3
7472e1f3-d67c-472e-9b39-4fb7a8c5e86c,1aaf1e80-b1ca-404e-8b7f-86a67448deba,201f3f92-3c71-4f6a-aa46-03be75af415f,3
e2935dcb-d646-45dc-addb-ddac3cb1d3b5,476a8665-18f5-4c94-8204-bdba324ac4a1,86be4786-7b39-4daa-a6a4-df3136ee40d8,2
09bfa556-50d4-4ff6-af36-2a5d5fd1f77b,ecef14cf-8c41-42e7-a6cf-b63a3ebf8ad6,a9bb8177-95fe-4c69-937b-860308b4bbc7,3
3af04dc2-dd88-49b9-b510-a6007196baf6,ec22091b-a984-415b-ae42-c0f34c2d83a1,7c5c2da4-bed0-4552-8981-1734fe31542c,1
489c8423-745d-4adc-8b43-12b219d15eeb,6e0b77a0-98c2-47f2-a031-c68d332adcaa,a9bb8177-95fe-4c69-937b-860308b4bbc7,1
1569238a-858b-44d3-86dd-098b2ef17b34,ab4a6bf0-f763-4100-bcce-92b33a66cead,e0c71a05-519d-4c12-a76f-448ffc1cb9d3,2
fc8eec1f-65a4-4beb-b54f-d9be724eba3e,aa80eb55-b35e-42ec-b172-f863e1ca4b11,201f3f92-3c71-4f6a-aa46-03be75af415f,3
95539bb2-1ac0-4535-8e3e-d62e0f007f86,fe304c22-e672-4446-969e-4f0081e2f815,54aa4fc2-4ebe-40c6-8426-4e7fc6376183,3
2c2d5b47-019e-4017-9803-12fb7d508332,0db87d05-de80-42ab-b3fd-411c62dffb40,ddc0e2b8-e408-47b9-bb1a-96d00fbd886b,1
600a1d68-c3e5-4d29-b4b7-d01835582ee3,9bf5320b-f53c-4de7-99c4-1016887dcfad,97648fdc-9dfb-4b3e-8dc0-f10d9287bdba,1
9a376cd5-c5f1-4210-994f-c7cb67736b93,9964214f-cb2e-4674-8b6c-699d106d2414,7cc02357-8ea8-4ffa-8887-3d54415021b6,3
8c3c55f3-2761-4c8c-aa88-ac8c07adb1b7,16f48469-b9c8-49cb-8cde-a0678a0f9184,d8846728-7ed8-445e-908e-21f47e372c54,2
0b3bccb7-44c1-41ee-80dc-09d2a29783b9,d6d01811-cec8-4284-b56d-fe8208a42b43,22549d4a-d0e1-4df1-b490-87a9d009ad62,1
22103d9d-ad35-4daf-b130-ee5cfff56e8c,615d0e89-c22d-49bd-b9d2-1337858ecb8f,7cc02357-8ea8-4ffa-8887-3d54415021b6,2
25a1f79a-a82b-4b11-b5f3-2cc89d6a445a,49348462-9dc6-45c2-b516-765e1ccddeb2,37813597-40f6-466a-9ca1-1b681671c985,3
3f35ec8e-0b01-488d-811b-3151744ccac6,4f04115a-959d-4d54-9f67-4b9fe5cfb058,65a6a4f8-b5db-4c02-a28c-b814600e35a9,2
c314950d-f8cc-4f28-9562-c7bce8714ee8,cd382b22-9c8e-4a01-9c96-fd7cf9adfab4,03ff807e-db97-4d2d-bd8b-a41da80edb53,2
ae607ab3-02ba-46bc-ba65-b0efbad2fc78,a537e40f-6d7b-4e02-9415-8df6262e5f34,37813597-40f6-466a-9ca1-1b681671c985,2
569e403c-b1d1-45fc-9af5-405fefdd371d,6770b41b-d0f2-4dc0-8e1a-c1c5632a7945,b95ffad6-1b8b-4812-bb9f-b413eddb7de1,1
2880dd01-b13e-4ecf-8073-da9e01267e59,072c8571-d6f9-4473-b5d1-9f67bfca9ef9,6049401f-ba02-4513-ad31-df49121e8ffd,3
bc1b5b35-8bcd-44ab-9250-b8d60f31dbe4,720b914a-9d0a-4e44-9d99-9aec0ee85005,f49b6c7f-1859-49eb-ae36-7fcd89943378,2
6b80d4c5-01a8-46ba-9776-bdeaf66be937,23461d96-317a-41b3-a571-53626f81d0c9,97648fdc-9dfb-4b3e-8dc0-f10d9287bdba,2
cd0e77e1-e167-4235-8060-2dad8d9f16f1,ddc37d4a-056b-44eb-96e9-8492288f351e,2876e88e-23a6-4f98-93c1-f6655a4fa180,1
471cda75-6ecd-4fc8-ba57-29d357384cbf,e290daa1-e809-4787-9cd4-b2a7b7be032f,6a800f33-c65d-4b09-aebc-67ef70b47578,2
5c3cf729-fac2-4ed6-8a59-1c72816dabf1,52283664-f047-4191-a2f2-8e0f8605b77a,ab508650-43e1-454b-a19c-22bcbcfec332,1
60135c2c-a4b4-4d2b-bacc-203a47d8ad8d,2f6100d9-3681-426e-abb8-19e62c6e07a4,88c377f5-4b2d-48eb-8c80-75c3a8171ae7,1
f1e4b20d-ee96-48f8-942c-e3e613df2348,ce3fa40f-b684-4abe-9192-e4e3761769ad,0e6e60de-7e9a-4771-aabe-b57a5fd99cec,2
c8236bd1-c1a8-444a-9e98-d46e2c326946,e649fbd3-ee92-4517-9062-f6e4b786783d,549cefb4-9860-4e18-9165-1daa0dab640d,2
c784aee1-77c2-490c-bd42-9ae4f22a7d95,b669bc81-860b-4d91-9cbf-0d977aa560ec,d93a6ed4-3d12-4965-8f59-2ae4df5197c3,2
3685db4a-6b8d-49a5-b3d9-eb96efd62e9e,11893e0f-7ce9-4877-b5dd-43e3e8732182,5aaf174f-0a76-403a-b3c0-6dffe99b13c9,2
8f09528d-6425-41c0-9816-7b4781669ea2,b82edb8b-dabf-4660-b43f-c2bb7aebec5c,5eeda2b8-169c-4573-a595-c3bee605b184,2
435b0b9f-0095-4d5c-98cb-0ccafc293abf,ff194967-5075-4307-b6a8-20a9081779e5,984ace7a-e291-4c9b-8a8e-2d2ded4e1d24,2
8339bca8-6c70-4d31-be7f-3cef5f87f88c,1a48646e-98cf-4fb7-98f3-f394f65e1162,86be4786-7b39-4daa-a6a4-df3136ee40d8,3
e8940d5a-46b1-444a-a329-c97efd1a6b06,fc73fb10-e9a7-4b17-860d-f61c6a597115,28518a57-6b50-4f94-bcc1-cae42336f5d7,3
ca34cc08-8b52-4fe1-8856-c55ecd350606,b9e5a482-ef15-4872-95d7-4784603c80de,2c4aba23-cf91-435d-8953-ef44f1097dd5,3
36741a5b-5944-4dc8-bcc9-55e6c1a95c1c,8730a411-9b91-4438-a89d-3cee60644a05,08f99e79-31c9-405a-9c94-e5a9f5ffe29d,2
86beb905-1225-4106-bceb-485d86805e33,5901de69-9c8f-4d67-9594-034146e434bc,d1536aeb-f6dd-45f0-95dc-2de377b9b782,3
8f705f77-e46d-41a2-8f0a-ed563ffac033,18e2a0e2-7e05-4a3b-9f3f-998c038b105c,ee4c6ad2-6ea2-406a-bafc-d25b9b39a038,1
1dc603f6-b118-438f-aa05-29f6fa3ecc70,adae7377-3256-49ff-b2d4-35fbba087ee4,501c7126-f743-4a9b-b694-515bfba7c037,2
d357a07a-fa98-47a3-84bb-b89821df43b0,3c2463f0-7529-4478-ab22-9d0b8ba67458,bca71a29-a853-4f73-b2dc-965e6055c746,1
159c3398-3cbf-4375-ad83-e89bb50e7b62,58e0207d-d279-43c9-a5b6-100427084261,7c5c2da4-bed0-4552-8981-1734fe31542c,2
2a54c073-3045-4f17-9f95-f937f960d96e,4e444a6a-b280-4d6c-8c08-230d4e8c797a,0db4820a-805a-4ee9-b345-b2bba8971d91,1
a2134bf8-6090-4026-bb8d-14903cb39ae6,a6d44266-73d5-4ab5-a108-1fb448f4411c,d8846728-7ed8-445e-908e-21f47e372c54,3
c850588a-a57d-49a4-a567-e1fe0210396b,81b9ed3f-cadc-49e9-8564-dd9b35f0bd48,279c2203-7292-4fbb-8cf8-f44891441846,3
bc656f2b-f34a-4369-8529-efaf1dc40cac,e7088a2c-4fa0-431b-8c5d-c21fb02d1dd3,76b6ed8f-ad78-4e41-8256-3c4955941344,3
039d66a6-5e87-4d65-b4e5-b9a2b2afa7d4,21f1fb86-96e4-4fef-b5a7-54041fca0271,69a4a524-1dc3-4a38-b182-fae0426d7754,2
cd059686-9231-4bb0-a378-dc7838b8679f,035d7511-cdb6-485e-8d54-33ac0976f56e,beebe6ea-9a33-4cca-a17f-105b4d226ca8,3
830db497-8978-49bb-9113-7d7892812170,7cacf681-fc77-4d5d-a0fd-70c9fd0c0460,80d19c5b-2dce-47d3-a8a0-fbc9c3bd600e,2
0ee79ac6-434c-444b-b0bc-1108a9115422,2423d35d-f26e-49e2-9471-a919fb8303f0,c3e37844-7894-42ba-9f15-6b3aca70d66b,1
8f5fb514-d644-4b36-b43d-ac81dc9960a2,457baa62-45ef-4bfb-8d71-5dec6822731c,bca71a29-a853-4f73-b2dc-965e6055c746,2
832cd4b6-6408-43fe-acc0-aad0832edbc0,69b89183-51a5-48ad-a124-ecf0e5df25af,0e6e60de-7e9a-4771-aabe-b57a5fd99cec,3
4805828f-4b3d-49ad-95f6-907eee8b111d,b06ce348-a1a6-49ea-8754-190531752dee,47dba4b0-084d-4ae4-9dd8-4e9f14c83daa,1
4e9491df-5ca9-4bbb-96a7-925148dc1ebf,6d2a0428-2c0b-4ace-b7cb-24ad4eb38a9e,6a800f33-c65d-4b09-aebc-67ef70b47578,2
3ce1411a-f137-4b35-8a84-0f4ca3ffc3a1,5f02d747-a671-48e7-93b8-0d7a5225a459,a84a867d-c16b-4d75-a7d2-3c22586234e8,2
51f076d9-88a4-434a-99da-8389dd0bfe25,fe8200d8-9849-4a0d-afd2-ec84fdb8592a,4234721c-5fb1-4303-9fc0-37e8a8e6999d,2
8596bdf7-04b2-42a3-b884-533c685c2496,8d871097-cc0b-4937-b203-9e367b0cc468,bca71a29-a853-4f73-b2dc-965e6055c746,1
8206fddd-158e-4286-b92b-0c11bd504375,416fa519-afc7-453f-9bca-0c1ca55a45dd,0db4820a-805a-4ee9-b345-b2bba8971d91,1
594e7cde-10df-4089-9a37-922562aff184,e523b3f4-85cb-4997-bd26-64579f4ff3cd,d1536aeb-f6dd-45f0-95dc-2de377b9b782,2
475b7165-9eac-43af-9244-e4fb11caccfe,f6b82bd1-8968-4b3c-8e0b-722ee4a0fbc5,ced41916-f2ee-48b9-b5e6-99ecf108f0e5,2
9b10f160-5612-49f9-9ff4-d23c71c95639,ce1b761d-1db4-4b53-a507-bf864ca5c0b8,2e4587b5-65d7-495c-9560-01d5046b83f0,1
4bc8517f-d232-40b9-b264-6d4f2915d70d,9846938a-361d-4f1c-8399-7471b715ee35,328e4a9b-959b-4a03-afab-211794fad351,2
cfc8695a-2848-49a2-be8a-607e0f81cbe2,23f9b764-7e7d-4b9a-88c1-9935bc75869a,c1991e50-e942-4f00-be18-452746e21271,2
336cd1d6-03f0-4126-9f1f-fa894a7df746,ae16019c-abff-4e80-84d1-87224c9f0416,5838a2be-c776-4dec-9ead-1fef76ac167d,2
9e873514-b087-42aa-ac93-5b294c657c78,93a3626b-c536-4889-9255-378eef3d751a,5901502d-429e-4c41-914b-dc73b783f787,3
e856cf4b-ff7d-4c06-ae2b-4a65bf605cd4,de57a750-26fc-49d6-8917-b14978132819,935ddc28-373d-43ff-a088-7f16a66a5ffe,3
e18df1dd-865a-44f9-98e5-f664208534c0,8bb48d80-1d4c-4039-a37c-130ed3285b6e,fb6d977b-8e59-42f5-bb61-daf7c3258b02,1
91c23ae4-bdb1-4a28-a5e5-221f6489f610,ddddb3bc-c624-4990-85f4-7f033ac57cc2,50e19f29-2494-414d-9812-a92c97a38222,1
1e8a17f4-85be-41e2-a9f3-f98fae5e050e,91a07441-3e9d-47ce-a0f3-741c3901107e,201f3f92-3c71-4f6a-aa46-03be75af415f,1
99f27475-8169-4e23-ae34-b2c899e87868,3110f339-4fa6-4599-ab49-5bc742be7ea4,207a8cd4-27ff-4aeb-8a08-53675185c7c5,3
00b9ed10-180e-454d-bf31-ab3f453f1669,c8f41a10-17d7-4a5a-b59c-6063a9d9582d,65a6a4f8-b5db-4c02-a28c-b814600e35a9,2
af020993-d4dc-4584-8b59-70f3a2268866,8e893253-8d9b-44ff-8c6b-f761b0f11050,b95ffad6-1b8b-4812-bb9f-b413eddb7de1,2
9d1f73c4-7f77-4771-8730-68a2596dcb37,97bcf718-6282-4c2f-bf94-02ce9d234be9,a755edde-4dd5-4cb9-8fb2-0648a1088a13,2
a5f0b877-1545-43a7-9e43-76277859321b,77ba7662-ce95-42db-8e4e-b43c893e2454,b95ffad6-1b8b-4812-bb9f-b413eddb7de1,1
6ed3c8f0-4fff-4a62-a7d3-d14eadce832f,baeae243-5540-4a6c-9a98-3ecf90e119e8,a910983e-bdda-4915-bd6a-9d05ef1bb506,2
041d3e34-97ad-4f66-89fc-bb8dbf2d8823,82fbed84-3af8-42a3-aa1a-20b8fd26f0e9,0e6e60de-7e9a-4771-aabe-b57a5fd99cec,3
944e2746-f3d4-4250-afec-b2db5450b09e,bb33b7e3-7421-4ed9-affc-be4f33769bf3,15a5dd8f-5d97-4ee9-9a38-ff2591136343,3
2077819e-0c0b-44d7-9272-4f7039a8a643,ae29904d-dd9c-4250-9f71-d222e5e7235e,4d0cd76b-5992-4b08-a556-68b0b5b4fdd9,2
12db240d-15b9-41b0-acd1-77cae0c9e0bb,17736c67-e59e-401c-964d-156a6383a498,a4f1f4d4-efdf-430f-b089-42d24d31a019,3
861e76c5-f603-4aa1-8ee5-1ac627296bed,94a84ec2-1aed-4c5e-a43b-19ea7a13cf7b,20fe47ec-3e23-4947-8055-81e4099f33eb,2
131a652b-2b7e-43ff-9ae6-1674fbe06332,0137bb5a-8dd8-4f20-9ccf-e1dd3ccf202d,f24cbd9e-ad3e-4e9d-9de5-7c4fa89e8c88,3
b5c8fe35-229d-4926-b826-d204a8773306,6900fa13-f224-4972-b091-a4757d6a11fa,97648fdc-9dfb-4b3e-8dc0-f10d9287bdba,2
a792c935-0d3a-4931-bad8-96c701a58173,c574c50d-9923-4936-9417-0d9da799d944,5eeda2b8-169c-4573-a595-c3bee605b184,2
3fba27d1-fb45-4b01-8d50-aa8830a902cd,f153dd58-0f9f-42f5-bc4a-eb1fe79067ba,5838a2be-c776-4dec-9ead-1fef76ac167d,2
acac3f13-d8f2-4346-8cfc-f26f030adf23,b3743f0d-0da4-452d-ac4d-de321383f35b,d529b89e-02c4-4134-9305-f716c71b9988,1
aca3f60b-4889-4f69-83e7-f5346edcf063,a8261f6c-ab92-49b7-8ace-8c89a0eb72f5,a6965682-ac74-4da2-bc29-4b81e62e8a18,2
6bb84af7-700e-411c-9787-2cf715ef37d2,6cbe2a2f-282c-48ba-a4d6-37f2cb9074a8,d681eaf6-9d2a-42bf-ab98-8b93afce953f,1
b9d57609-4f6d-46c6-ab67-757503cecfb0,654231cf-0abf-4e8d-8c02-ee8e6088c419,6a800f33-c65d-4b09-aebc-67ef70b47578,2
ce88fb67-2f35-4e20-8e6c-fcf313433103,f8b2a580-bd04-4adb-9c1a-554000866910,d74e376a-686a-45af-af18-941b8fcd745e,3
96d61ba4-ddc3-4f5c-a770-af2f182eddab,f1a3b45f-86f4-402a-a7c5-d3e15a4ad4ae,3010377e-ff81-49b5-9072-932712bdabc4,1
b7824537-65b9-4de7-8942-660539586500,bb8965c8-ea58-40c9-b028-2db14951ac6c,8a9db4de-8fa9-47e6-88a7-bcd803ea650c,3
dac06ae1-b269-4b84-bc2e-17234f16851e,f52a1577-c02c-4db3-bb9e-227400756967,db465b3b-77f2-4707-b61a-f5f13cbe281f,2
9ea34bf9-13c7-43e4-a97c-2f48eb2537c5,0667ef23-40b9-4029-9cf2-3de0f0c6a5f2,6a800f33-c65d-4b09-aebc-67ef70b47578,1
17cf611d-9c11-444a-b0d1-1a618624af01,27f9b03d-c57f-4516-856e-c4ad08c68d4b,beebe6ea-9a33-4cca-a17f-105b4d226ca8,3
ba14e19a-a1d8-4e3d-b383-9a9b52f20ffa,3c46d660-2e0f-4576-9ca4-31e3d45f06cf,279c5d31-58f1-4527-85eb-ebd8a815aac3,2
6247cd82-2333-409c-b16a-bef260de2b02,03c14d24-163e-4de3-91c0-23ede7a7a2ad,8a9db4de-8fa9-47e6-88a7-bcd803ea650c,1
1f47f03d-c415-476e-9b09-f502d708260c,6596dba8-cba7-400c-84ef-20ae0a1aefdf,9cf97cca-0ea5-4aeb-b239-6676eb8aa407,2
b0611dac-de4c-4440-afd1-0bece963c915,fd69d098-1df2-4c5f-9f88-6f452e0402dd,2c0cce6f-78ba-4796-be19-6bb7dc4601be,1
e56b365b-b576-47b9-a0f5-56640f417ebe,ed8773ce-2bf0-4881-b716-6ba319d5770f,86be4786-7b39-4daa-a6a4-df3136ee40d8,2
b95167c9-e590-4a1f-819a-2935688efc4e,9a468e42-7db8-4c2b-b359-dce026aa36f1,a25b830c-fbe1-4e75-8026-fdf153a905bd,3
3e6cfc6d-5331-4197-98e5-22242241ed14,041a9336-8cba-48ed-810b-46131e7a4c28,50e19f29-2494-414d-9812-a92c97a38222,3
a70de2a7-64cf-4b20-a584-483a3d26926a,77d38081-6ad3-4bf4-b6a6-949269e6c55a,d0e563e7-a062-415f-8219-1d9931fcecf1,2
7eea4c0c-de4c-4222-b8b2-ffaa52d584cc,e4091e72-1c5e-4612-8265-515c3e3f2bbc,279c5d31-58f1-4527-85eb-ebd8a815aac3,1
2b3ba400-84d9-45e3-9044-68955e9c3010,62d3cadb-1e64-4ea4-bf17-5425df1f02cd,9e54eb37-0d17-4465-b41a-63a1442efafc,1
8ee606d8-b279-4777-a346-8761c7452f84,81f26b09-8338-47cf-bb23-6c1f0680292c,e507b70e-af85-427e-acff-20a536bc872a,3
a7c85654-d5d8-40e3-a214-e6a2d2267576,fea9bf78-d466-409f-9d46-e9dd949e9dc7,abd0f15c-e7b3-418e-9768-9ed32cd3fa90,1
3e8e91bc-e581-44f3-9d2c-cb5d2d32e69b,bf59d593-96bc-4ba8-aac0-6e95847266a6,e36b1638-2e5f-4e00-b002-4260bbd5319c,3
2c9a3a96-b57d-426b-b74c-31fabc3232b2,2d77c533-de8b-4a82-a366-d17c9c1a6dea,8bcc0275-bcd9-4804-bd33-fbee3660713c,1
54d982df-7baf-4149-b034-f392334f0db3,73ea37c0-6b6c-4f1b-a81c-2a3d6e96a711,5eeda2b8-169c-4573-a595-c3bee605b184,3
cda5ec05-1c5b-429a-953a-3b1a7c9faf27,f0dbcdaf-b79c-465f-9c05-e533c680c2f9,57194cda-5324-44a3-b5a3-64a011c2aee5,3
9ee7d89a-9bc3-4ff2-b10e-5963d00df5b7,7f9ee3bc-9188-4a39-ab6e-5cb3bd652099,81a8396d-6ee7-4a59-aeb2-2337497919a6,2
12af9fff-7fce-4a37-8edf-d308212dc3ba,c5467db8-d905-4c6e-a5f1-863940205cea,65a6a4f8-b5db-4c02-a28c-b814600e35a9,2
d3bc6954-6da0-452c-8f07-cf687a5ef470,1bce0522-8490-4136-96d1-dd83f646031f,f24cbd9e-ad3e-4e9d-9de5-7c4fa89e8c88,1
a06b76f1-01e6-46d9-b87b-398c83d06092,fd8157d6-f450-4cae-a885-7d1d87f5bad1,d1536aeb-f6dd-45f0-95dc-2de377b9b782,2
f238f15a-7380-4275-9b5a-1ae0eb891218,d30ee5b4-983d-4d11-8770-cf0b29315107,308a3547-4187-458e-8868-3df5f39bb3d9,1
17e53433-72f7-4316-84de-425685133857,32c20502-4263-48e5-9ad3-c761bde61119,9e54eb37-0d17-4465-b41a-63a1442efafc,1
38679774-3794-471f-982a-0c19bae60d9d,c01ec4dc-daa5-4836-a924-0ca5098f4d8a,2876e88e-23a6-4f98-93c1-f6655a4fa180,2
fba2d833-fc09-4985-a44f-61f5305561b0,caaefdbc-b000-4cc6-ac95-aacd90d4dbd1,08f99e79-31c9-405a-9c94-e5a9f5ffe29d,1
662fb3ba-ba2a-485e-a578-bbe496b513e9,926951d7-bf1c-475d-971f-083f891bbbe2,5838a2be-c776-4dec-9ead-1fef76ac167d,2
67db53c7-5be5-4b5c-8d2b-d4d95844421d,1c89c316-db40-4676-80da-a6b7c642bda4,4d0cd76b-5992-4b08-a556-68b0b5b4fdd9,2
1aa3a44c-334f-47af-8aed-5079f77411e1,39ab4009-eadc-4413-9eff-9a15a290f2c4,54aa4fc2-4ebe-40c6-8426-4e7fc6376183,3
d9bc6f5b-94d8-49bc-ab72-8bba1440f17c,6dae9878-1765-4a5e-838a-598ee4f4e7af,0db4820a-805a-4ee9-b345-b2bba8971d91,2
39dd14ee-2dc9-433f-b2b5-09787f0f29ad,43208531-4bd3-4c4e-af28-e0e981969436,279c2203-7292-4fbb-8cf8-f44891441846,2
742b8270-5d79-482e-b0a9-2f45beb72645,11e7332d-b585-46b0-b69a-56eb019b3a0b,49c05dbc-ef8f-4d2c-b5be-2c5f9d057c8f,3
300db8dd-d1d4-4405-8447-8acb34973cf3,44e88e65-001b-41bf-be64-85fca8d67e4e,51358305-7e5c-4635-a7f4-38dfd14c6e5a,1
a15848b3-f3d7-49f4-a644-73155a86db6f,d07f9186-d937-465a-bff9-f5d904f86974,c12e4b71-135c-4703-aed7-3f5eef4d287c,3
5c1e9752-d48d-4920-b3e2-6c0502c9713c,2eb8bddb-6431-4e50-a0fc-66e33921eaea,a25b830c-fbe1-4e75-8026-fdf153a905bd,1
0c7a0aa1-3d5c-43fb-877c-37c34c57a6f1,2ae5c28f-3e9a-454f-90eb-614fa6bb0bca,bca71a29-a853-4f73-b2dc-965e6055c746,1
b6853017-27c4-4627-b96f-34a9f1fbe112,34f80efb-a885-44da-9a77-f728da01fdd8,9e54eb37-0d17-4465-b41a-63a1442efafc,3
2641a528-d980-4c61-87ea-14e6c20de257,68ca06ec-3f59-4c7a-9556-c6f7a258f703,6bfc4954-1150-4d81-8a09-5eeef09a779c,3
1d115dbc-4335-494c-bd8c-00173dbf878c,5c484649-0a96-4236-b840-9938145dc40b,5aaf174f-0a76-403a-b3c0-6dffe99b13c9,2
86029c9d-54d0-4f2c-9def-e69ba7d29e36,630048af-c28c-4be0-b58b-c7632291b240,149e3c64-911a-4737-b40e-eb3528f3bc8b,2
a3493176-8072-4056-95f8-a05f912d6938,2003bc96-9b61-46b7-ac63-00336190b152,9cf97cca-0ea5-4aeb-b239-6676eb8aa407,3
0bb44da9-a240-415a-84fa-3956336bb55b,939de08e-322c-488b-9e96-608046142e3f,7cc02357-8ea8-4ffa-8887-3d54415021b6,3
526080f2-b5c0-4c0c-a3b7-1a6de9754a30,44bbd0f6-b0c0-4c33-95ef-fe5e9d9fd9a1,4be59bae-064c-4bec-826e-c96ab2c9d6a9,1
f745226a-bd35-4ac5-8ff2-23ec2e15b8bd,ec2cfa06-34d9-42c2-b320-f29b442fab3d,2e4587b5-65d7-495c-9560-01d5046b83f0,2
ffdcd5a3-17c3-4b8c-88d3-e8dcc58a2021,f4a364ed-dcf7-48ba-a24b-f6c70f4f8ea4,d0e563e7-a062-415f-8219-1d9931fcecf1,2
6a3ac696-e843-4035-9127-e56e045c2fb2,cdcb68e1-7a89-4d10-9249-0da1048d16b1,29874687-7995-44c2-b211-471d32059600,2
e2717489-d0ea-4e84-9189-74882fc4af07,84113bc2-d063-4557-9ace-13b67adf1c9f,b95ffad6-1b8b-4812-bb9f-b413eddb7de1,1
87f4a9f0-bd0e-4eb9-8d33-b22bfa5bc051,b1af8118-5ad9-48b0-87bb-fe17711fcde5,f4d55996-c77c-4a03-95e7-08ad380f8a34,2
a0ce333d-6fed-4684-a48c-b49c2903276c,19083afa-cf37-4592-8d8d-8ce815928201,2e4587b5-65d7-495c-9560-01d5046b83f0,2
f66c9285-e3d6-452b-bcec-ee99adcb7a74,3d489e4f-47ce-4922-8a0f-9e7d78d25711,7d0ef134-f9d0-4cb6-a63e-dc4e440c1be0,1
c57d1a27-2613-4ba4-977e-ecb46ab9e26b,37c568a6-b900-4d0c-b817-0f356d19a5e1,86be4786-7b39-4daa-a6a4-df3136ee40d8,3
9a55670a-9735-4374-a8ed-1327d4dd2d7f,9ff9c369-5843-4d76-bcec-a655802e1272,caaf0fe3-421e-49d9-a006-aede18cefb11,1
343d355c-16ac-4c1b-9f11-f79e66d272ef,d6d567b2-f5a6-4c16-8924-ad07ac773145,bca71a29-a853-4f73-b2dc-965e6055c746,1
31c10955-0ba5-457b-8ed1-654a9c0725ab,13dc88c4-6463-4056-b108-38173a95bace,c07d6aef-b48a-412e-be5c-fa42445974fe,3
f51eb140-2773-49eb-bacd-7eb052c96b8d,6036a56f-00ad-4272-8d14-d8ae7c4696f5,5eeda2b8-169c-4573-a595-c3bee605b184,3
080e5276-c1d4-47ff-a8d9-a1e301050cfe,b0ae1372-8b67-418c-accd-7cd2de80b0a6,22549d4a-d0e1-4df1-b490-87a9d009ad62,3
0c985f75-32db-44fc-95f4-6a6025d0cadf,2c8c555e-0397-4e7d-bd95-1be5f36c7575,3010377e-ff81-49b5-9072-932712bdabc4,3
2fe73090-04aa-4bfc-8be4-c0473543cc66,a34c5023-1364-4fe5-905d-e63959dbc737,caaf0fe3-421e-49d9-a006-aede18cefb11,2
14d6215b-f3e6-42e4-adc1-2499576c6daf,0f263740-3be8-478d-b1b7-d0b3676f2823,a5a8e64d-fd52-486d-a565-116fb17b05a2,3
84d3c3bf-621e-4c5d-911b-6420410c46b1,169c305d-2b7a-4039-a30d-27bf9d4e682b,e36b1638-2e5f-4e00-b002-4260bbd5319c,2
3dd5e6f7-c8d0-4593-ab01-c04266a497ae,e5b40354-dce4-45bf-81cd-557ac800d2e8,28518a57-6b50-4f94-bcc1-cae42336f5d7,1
de8872b3-50f9-475c-9454-73c364e07d86,466635c2-298e-4f3b-9d79-057ba8619a8c,d1536aeb-f6dd-45f0-95dc-2de377b9b782,3
349c0663-06a6-4fce-b0c9-8f6240a4a8c2,627212e3-5c06-4c6a-88d4-6eefd08af867,f4d55996-c77c-4a03-95e7-08ad380f8a34,1
cca31b08-6397-43fa-829e-e4b3a9f4e1f4,451fac85-02dd-47d0-9af3-4555f9bf33a8,0b2601db-f7ee-4152-9117-82f4b3f88955,1
6e79c03c-d97b-4b98-9ebf-4e4dfa320f5a,0e88bb6a-8713-47f0-84da-292ab76a2bd8,57194cda-5324-44a3-b5a3-64a011c2aee5,1
3135e184-061c-49b3-846b-3580fcb87280,9bb55391-6cdd-4b80-be4e-373e13b1e5ba,12fd588e-17ff-4b8d-a866-9934a6861df8,2
956b0a4b-b1b8-48b3-950b-634917f9c801,ee8eb49f-98d2-4b65-bc14-29206d3727ca,201f3f92-3c71-4f6a-aa46-03be75af415f,1
6ac505bf-294e-459e-9f9d-43cd02365491,42254acb-44c1-4f45-b1ef-e5f76a10f548,6f6b36d9-dcac-4c1e-b66a-e2684ee4c6c7,2
141a4747-5d1a-4233-a4e4-59dd82b3b1ae,4aab794f-44bc-4ce5-a72c-d008b590ad40,d1536aeb-f6dd-45f0-95dc-2de377b9b782,3
35c550b3-92d8-474e-94ee-58c40f8647fe,cc47a093-3567-481f-87b8-7859f392e423,2e4587b5-65d7-495c-9560-01d5046b83f0,3
b26e74fc-20ea-4cd6-906d-d7d14c2ccb42,c7f5bf69-4d5a-4a49-9bf5-de1ff0d9cf02,69a4a524-1dc3-4a38-b182-fae0426d7754,1
0c5200bb-c82e-43b8-aabf-286f6da52ddc,3792dd84-3c71-4ecc-8e1f-71126759df6d,a651236b-60d9-4ed7-a38b-ac86ddf74c0b,3
082bd23b-5d1c-498f-9081-445eb213bd09,25a2a901-4b0a-4f73-8293-dee2f4364c88,d8846728-7ed8-445e-908e-21f47e372c54,1
22dcf6c4-be5e-4677-95a4-b36606fec2e4,c65041cd-61bb-491b-ad77-0d9adbe22b60,20fe47ec-3e23-4947-8055-81e4099f33eb,1
633f2807-5b12-4a3b-8e6c-1880a29bf6d9,d182c987-aff3-482a-93f4-34b514ff07ee,f8a8360e-c112-4407-b885-68cbc93c68be,1
1fcb2d13-0639-47ee-9958-472c54f197b4,8e931e3a-f761-457d-86d3-e9e30b20f4ce,549cefb4-9860-4e18-9165-1daa0dab640d,3
c2835052-05b2-473a-bc63-48b345a37252,e5f44dc6-c2df-4efd-b17e-be3e39f8c7ac,81a8396d-6ee7-4a59-aeb2-2337497919a6,2
324bbcfc-f0a2-447f-8833-d55db312529d,cc3a91fe-88ab-435f-96fe-ef30693b160c,d06d178d-08da-4f87-9349-ec16221f5486,3
dbdd5481-1036-40ec-aec0-28b9b702799d,437a18ae-ee90-4006-97f4-b93e3b150a9f,f9b2820c-40a1-4769-83c1-37bdfae45c99,1
b192e183-f57e-4e9a-a750-c36c18414dc4,b7b31ec7-f017-44af-b4f1-6a83eaf3e627,22549d4a-d0e1-4df1-b490-87a9d009ad62,1
6d6011cc-ecd3-4bb4-a525-e56b88a37f87,ba8fb468-3de8-4ba5-8124-5ac179ae489f,03ff807e-db97-4d2d-bd8b-a41da80edb53,1
77664152-2252-4769-beed-545f3b2693e5,03983765-75b2-4fd5-a92f-4aa02ace39de,69a4a524-1dc3-4a38-b182-fae0426d7754,3
93cff813-973e-43ac-9cde-a9c6b7e81ca6,5da44b09-aa9a-4f2d-8697-452f8666351d,10e149fc-0348-494b-81bc-1505cca06736,3
72381202-88c8-4684-b25a-c42eb917ea64,8c99918e-ed63-43aa-9b47-916ea9aca8e5,a84a867d-c16b-4d75-a7d2-3c22586234e8,3
d2f55b18-956b-4990-9a9a-e77fb4006a17,be21c015-2039-49d1-9644-3d4267d789f3,f24cbd9e-ad3e-4e9d-9de5-7c4fa89e8c88,2
44cfa51c-fd26-4e5e-9f59-edbe43aab13b,4afaf084-eda7-4a3b-bc51-d1b436eadb05,08f99e79-31c9-405a-9c94-e5a9f5ffe29d,1
d922fc2e-c9a0-4cab-919c-a5335064c896,5171f2e9-1cc0-4493-84f0-91808874ea28,ee4c6ad2-6ea2-406a-bafc-d25b9b39a038,2
4f9bf05f-d3a3-4d75-8437-baffa1b3ffd5,705b3d97-59a5-4e5b-9d7f-3ecf3084d854,0db4820a-805a-4ee9-b345-b2bba8971d91,3
70aabc1f-d769-4881-8e1a-a9304997094b,4e7607b6-fe7c-4d91-9d01-55f3fdb1a855,47dba4b0-084d-4ae4-9dd8-4e9f14c83daa,1
485c2327-7340-4bd8-a776-513606c8fd14,4b6896fa-97de-404c-9a42-e9dd1c8d300b,4c730fcb-7a34-4b0f-9e0e-3202214c49eb,1
56939f32-059b-4769-993e-be0c71110bc4,08f7a6d5-d712-4f85-b8cd-170673a7759c,6a800f33-c65d-4b09-aebc-67ef70b47578,2
49154629-c349-4958-8c1b-136efb0ceb58,db7a4649-6372-442f-98c7-d412f55578a6,4d0cd76b-5992-4b08-a556-68b0b5b4fdd9,3
cce9d59d-2ee9-4376-8cf1-8617813c4172,e6a0009c-bf3f-40b1-9fe3-953473d5e747,76b6ed8f-ad78-4e41-8256-3c4955941344,1
cb46af1a-1a26-4c56-86d6-50305aa3c2f0,09508ccf-d37f-4250-92e2-97150cb1d5e6,31c3597a-7ce7-4017-b2ef-61485fd9a7cc,1
3ead2abf-0450-47ec-91ca-a2eacc655419,6e1386eb-a25e-4969-8e8f-d4a3a8ffc41f,e5c1063d-fa0a-42f7-b758-8cabd1837163,3
56ffcab6-56c2-4583-a51b-9e0cf1a78ad1,3b003b60-7b2b-41aa-9dff-936109f675df,2e4587b5-65d7-495c-9560-01d5046b83f0,1
70211a6c-6b83-41ab-be18-f41736d4a96c,86abb9ea-13d9-4831-afdd-177cea460098,03ff807e-db97-4d2d-bd8b-a41da80edb53,2
7eabda94-57b0-4d37-b961-0145ae4b07d4,8e940f23-079c-4e9a-beaf-534ff6d50689,4c730fcb-7a34-4b0f-9e0e-3202214c49eb,2
58e4045c-3809-40c5-b3f3-e5ff7466cd5c,8081406b-f24c-497b-a3de-cf2c4d89f429,10e149fc-0348-494b-81bc-1505cca06736,1
1690fb14-d658-4fa5-a94c-11a1d9b3b2b2,a92883f4-6f4f-4b7f-b184-43bea301bc87,beebe6ea-9a33-4cca-a17f-105b4d226ca8,2
37d23d9c-a615-446c-93f1-235afdb56251,8062219f-f8a4-40e8-9600-133868d5222f,328e4a9b-959b-4a03-afab-211794fad351,2
24ca5f9c-0b33-4f8d-8d1a-58c7979a7a8b,153bcf87-4a99-4fcf-99b6-0375df756956,4fc582ba-0afc-41c3-beb1-dcd7266c511d,1
fb62b0ac-bdcf-461e-95ee-20e6da2d0f21,78e1d949-6281-445e-b9d2-e77719cf589a,f0ee770e-8e3b-470e-aba0-40d2f1d643c2,2
1b90ef65-66f3-44af-b473-675be75e95e9,80d53deb-dae0-432e-b7c7-d405b65bf4b0,201f3f92-3c71-4f6a-aa46-03be75af415f,1
9e4d78ee-cad3-4d62-8f65-93453d678091,b03f3eca-3906-4d61-b70f-47e59138b2a1,54aa4fc2-4ebe-40c6-8426-4e7fc6376183,2
e36a0cc5-420f-479d-8458-5f92eba13b73,96f12dbf-87cd-44af-8f1f-215a19fb7903,f4d55996-c77c-4a03-95e7-08ad380f8a34,1
90ad116d-b38d-42dc-b896-160b1dcc07d4,f3822c45-f2b3-4adc-b12e-a868302bb7f1,f4d55996-c77c-4a03-95e7-08ad380f8a34,1
4c0416e8-f40d-45f4-9025-e2767b12c03b,8579a80e-64c7-4fd7-9513-ade0ec11fe54,984ace7a-e291-4c9b-8a8e-2d2ded4e1d24,1
796987c6-46b0-49e0-82f4-b14fd0408e95,7d0b4f34-e1bf-4ab2-b070-b11980d3b25f,f4d55996-c77c-4a03-95e7-08ad380f8a34,2
f4960f37-3be3-4c26-955f-15641d168fc0,e80b354d-076c-41a9-b68e-9a13bac86b9c,bdfa8e9f-9331-43ce-9d64-61e229f56cee,3
e1bf4a28-b0e7-465d-bc8a-efeb46ea0fcc,c99f015f-1194-4861-ae03-9326b6adddf4,3f4b5184-7e9d-4038-927e-23701dfadfdc,3
dec4d37a-7d50-4388-9a20-85756be7103d,c8610809-e731-46f2-ba4f-a8d3b9c893fb,2876e88e-23a6-4f98-93c1-f6655a4fa180,1
4a3eafc4-625e-4af7-b5bc-41f6c0e4efd2,bcee6cda-0835-49f7-a6ac-5b2e14ade6c1,54aa4fc2-4ebe-40c6-8426-4e7fc6376183,1
e2d6c49f-ad78-4080-b9bf-2fe6ed836286,a009884c-8560-420f-9595-6a773e89e755,9bb6c04f-be4a-4c42-8291-0226b0c82f62,3
f8713b17-2e3e-41f7-af09-26c7fb4c08a7,57a6560b-9e08-4c19-aa74-8b4d777de83c,099c2be8-a55f-4481-8a79-bb81a6f79a9f,2
86ee8b3a-7294-48b4-8a8b-ec05d6814d54,36f79ced-948b-4ffb-9486-32f6c834ee3b,72b897cc-33d8-4aaa-82fd-70b898ca966d,1
d0ce2ea3-e0ba-490b-83f3-3181948085f2,33a64201-61df-4972-a4f9-5a2d5f626edb,9bb6c04f-be4a-4c42-8291-0226b0c82f62,2
d0d8bd3f-a7ca-41d5-a5c0-1b002bbf7c86,212e8caf-d5a0-4fc3-ad44-e88533b18780,ab508650-43e1-454b-a19c-22bcbcfec332,1
de0b1866-ba69-43f9-9734-51270c6859a5,5a2a2eaf-6004-4c34-b1ba-9a2e7622a121,eb6cc66f-3a64-4979-a57f-f2dd893bb05c,3
50f77b43-24e3-4214-996b-be2f0e658e53,7ab82410-c24b-4478-9fc2-12c468a0613c,02d7b992-f1fc-4a88-b765-a595642d8241,3
518d42d0-82fb-424a-9abc-78aa16f32aa6,dfad08db-244b-402d-b908-7d3af8723fa2,2f95b2ac-04f2-4290-b8b5-60005c4601a1,2
808f0bf0-1743-4d06-9d2d-53e89610f9ad,f096da08-7b8c-4d34-9a2f-36e503da67d2,5eeda2b8-169c-4573-a595-c3bee605b184,3
09088b5a-ff41-4383-8116-023e5bf1394d,1995c7ab-9748-4785-b98d-3147b29e5f5a,c12e4b71-135c-4703-aed7-3f5eef4d287c,3
99e6209b-ef48-49e2-a0a7-b77e371bfffb,81207537-1758-4b47-98d8-ac863dab87a0,db465b3b-77f2-4707-b61a-f5f13cbe281f,1
f1ed7e6f-e338-4c06-b1c6-74d14bf559dc,ae1b5d32-a53b-414e-943f-4773d6d2e01b,bdfa8e9f-9331-43ce-9d64-61e229f56cee,1
2eaea8d6-7df0-45b6-af1a-9382125fc574,c1be6917-dea8-4570-8597-a7f7f143023b,6a800f33-c65d-4b09-aebc-67ef70b47578,2
c99a2f6f-06a4-4c0c-a7d0-abee77f84c85,0d5254cc-0d21-483c-8277-b53a5e14f25c,cf9d26cc-7c2b-4c08-a071-bdd86317faf9,3
85b35185-2a49-45cc-989a-f5635f71d044,cd9f77d5-cfea-4f79-addc-69390720fa6d,4fc582ba-0afc-41c3-beb1-dcd7266c511d,1
0f9042bc-0623-48c2-8e54-84f830217944,2f028af3-a859-4a80-b3dd-863118ae55ba,c12e4b71-135c-4703-aed7-3f5eef4d287c,2
4614ff49-a32f-453a-953b-9eac99b9b03f,72fa1b3b-4beb-4769-9099-ce902b1297fa,279c5d31-58f1-4527-85eb-ebd8a815aac3,1
24fe7cac-545c-4166-b2b3-094dc9967dda,637f5085-501c-4eae-9677-c985e1377d03,86be4786-7b39-4daa-a6a4-df3136ee40d8,1
156a1c05-f5d8-44a8-a9d3-dfbe3fe75079,169a39d4-33d2-4669-a651-60813137c07e,86be4786-7b39-4daa-a6a4-df3136ee40d8,3
43e77b50-2cbe-4326-90bb-24b439ea4510,04843e26-0ce5-458e-9e1c-14d5273b4d48,f0ee770e-8e3b-470e-aba0-40d2f1d643c2,2
df3ff380-5f24-4c0a-aa84-439fcf65f72a,4f89b6e5-318b-43ba-80f6-7262454a220b,61e106db-d0de-43c7-88cb-befafa196f45,2
69ccc077-b7bb-4dee-a2a9-84413f4a5cb2,83dca7d7-76f4-4d23-8bd6-bb0f937a4f16,12fd588e-17ff-4b8d-a866-9934a6861df8,3
cb3211fb-4e98-47aa-8700-633d3d34bce5,ed51f159-1088-4ec8-a532-651e0a1dfa29,f49b6c7f-1859-49eb-ae36-7fcd89943378,2
59af7b57-21f4-4d4d-901f-d716b4a54eb4,289f140a-358b-4c54-ba7e-39dcd2345172,a910983e-bdda-4915-bd6a-9d05ef1bb506,3
598d597c-3a13-48f4-8620-5e74c2f5014c,f844e17c-456c-4eb6-b9c1-5d6a478a2760,15a5dd8f-5d97-4ee9-9a38-ff2591136343,3
bb377aaa-af47-47bf-9909-b6c0338d9d27,b219a092-7ab1-40ab-8372-eaf4fae2bcfe,d681eaf6-9d2a-42bf-ab98-8b93afce953f,1
9ca957db-19e7-45a3-ad8c-eb6a02810211,1c0841c8-773b-42a8-bb02-12342485a4f5,4be59bae-064c-4bec-826e-c96ab2c9d6a9,1
844f34ba-df92-456a-a2f7-c14c3bcdb32b,34ca344d-5a47-4cf6-ba1c-ce393c3b756f,03ff807e-db97-4d2d-bd8b-a41da80edb53,1
d314adf0-541c-4010-a588-7fbc54da2295,de01e419-24bd-45ca-a3c9-ec91fc81796d,08f99e79-31c9-405a-9c94-e5a9f5ffe29d,1
f92a06ed-7af0-4142-b002-7f85d431d7b4,74d2fd76-19f2-4fe3-bff5-901809d6371d,ee4c6ad2-6ea2-406a-bafc-d25b9b39a038,1
a0abd2b4-0314-4e6a-b575-0cbcc13fd3b1,0341452f-2ff2-4ebb-8fe4-cb9dee48a9f5,a910983e-bdda-4915-bd6a-9d05ef1bb506,3
59d1d36a-ff6c-4a5b-b3ca-57bad98760b6,281e675c-edb4-4881-be3c-07ec6d0d53c9,7c5c2da4-bed0-4552-8981-1734fe31542c,3
0b4beb45-a483-43e1-a2f3-2f0fc2c8448d,2124d181-e6b7-43c8-a5e7-5f8297e769a4,a910983e-bdda-4915-bd6a-9d05ef1bb506,2
6f7faf6a-23d6-4c4d-bb48-8b2b44b845e4,ae6aca21-1968-41d1-99a4-61bc729195de,49c05dbc-ef8f-4d2c-b5be-2c5f9d057c8f,3
a528b2c6-ff3a-4206-9346-b55c8a2f481c,8596d428-5ca6-4049-bda4-8d9cb8830b67,f4d55996-c77c-4a03-95e7-08ad380f8a34,3
df0a5697-c7a0-445c-81f8-c48a1a13b04e,82603582-ce5a-4d1b-b934-2a03e1aa30eb,cab10f6d-a2c3-476b-96be-1839a7917e49,2
bb3195b1-a661-46a6-8850-16e9569bc211,3211d475-3aef-4adf-a7dc-fc08d65c8dea,7c5c2da4-bed0-4552-8981-1734fe31542c,3
ce838571-9ee8-4774-9f31-deed8f914439,fcca895c-d187-4dc5-9ea8-d8252dd6eaa1,308a3547-4187-458e-8868-3df5f39bb3d9,1
dcd84c5f-1487-4d85-841a-f7e2e3294a9d,551e1297-5387-4e5f-87e5-e12065ecfd9b,2aef055e-10e1-4dc8-b936-edc1248a5758,3
0735b191-c812-46d1-a3ad-2b623e875b59,84da8bf0-96cd-4c29-84fd-ae92e528606f,a651236b-60d9-4ed7-a38b-ac86ddf74c0b,2
c62e7705-c91d-4697-8329-f8b3b52a7748,9a2438ac-557c-49ea-9d2a-7550139f3685,84accc98-e179-4c3b-8592-97b7b3aa2807,1
24e51a20-117a-4b77-8461-20890dcea9ab,bf894cc1-2af6-4a95-ada2-f2bd6235f1a4,d0e563e7-a062-415f-8219-1d9931fcecf1,3
c2568794-fb2e-4f51-a8ad-36cb877f7103,ef21be83-ffd6-4887-83bb-4a777257248c,72b897cc-33d8-4aaa-82fd-70b898ca966d,3
c25a67d4-cd7d-4adc-bf3a-8128a2d913a3,f0558058-bbc8-49d5-9931-ace638ea1588,2f95b2ac-04f2-4290-b8b5-60005c4601a1,2
37007c73-446b-4d63-b71a-bbe99f42ac78,37cd91bc-bdf8-4a58-ac84-e85e83b286aa,34775c41-d73b-4918-b22a-0521835f678a,1
95f45ec9-aa34-4ff4-ab4d-149dbebcf654,f8db2a98-11f6-43a3-b651-cd805f86295d,e36b1638-2e5f-4e00-b002-4260bbd5319c,2
a0d78cef-317c-4b06-a6e7-83d48a83f28e,c283d4a2-7285-4fde-aebe-7d31f5bec835,279c5d31-58f1-4527-85eb-ebd8a815aac3,3
d99a0da2-c732-4706-a6c5-f270f9ce7c6b,20e8a278-bba7-469f-af98-e5fb3acedb13,88c377f5-4b2d-48eb-8c80-75c3a8171ae7,3
4383d0b2-6920-4c9e-818d-6bd6a8d6b303,6a639ac0-63af-469d-8de7-db678f4ba949,7d0ef134-f9d0-4cb6-a63e-dc4e440c1be0,1
e77a11a5-b0fd-4c44-88ed-8c4d8335a65e,9aa7ccf1-b4fc-4955-b7ff-be980c33d157,4cab4f2e-2fd3-4fcf-a479-06819c075afb,1
ec3e5db9-1024-4448-96b4-ef2e45f488ab,626e6a05-1526-4e4f-8cc8-3f74a0e7cb9f,5901502d-429e-4c41-914b-dc73b783f787,1
0299f924-46a2-4a6d-907c-be9c65f8ea7d,059be179-68ee-4a17-b75c-a1eb7745c4ed,b784392e-33f6-42dc-ad3d-a36bcac89a8d,1
fecb57e9-420b-4897-aa7c-25947c904ed5,675c1ccd-228e-4e21-979e-fab4dc19b1ce,eb6cc66f-3a64-4979-a57f-f2dd893bb05c,1
d2f9b262-8860-4f76-9659-cd793ec4ecef,79c3659f-eadb-4411-ae91-59034ca8b846,61e106db-d0de-43c7-88cb-befafa196f45,1
20fa32a8-7e6c-45b4-b331-e103eb97a0ce,e202c3f3-d880-449f-972c-93a1b24135f8,2876e88e-23a6-4f98-93c1-f6655a4fa180,2
38958a2c-184f-44a2-ac37-9d34e6fc5a1c,3a1c5f4e-d908-41c9-a0f4-15e94a8aadcc,328e4a9b-959b-4a03-afab-211794fad351,3
dc43f28e-022d-443e-a8de-e0bba8e54824,80639648-e6a5-4f6f-b977-19a497686aca,549cefb4-9860-4e18-9165-1daa0dab640d,3
e3cf307f-8e4c-4ab9-954a-36f89fc2bc71,d9765027-2a76-4448-a111-c3ffb21cbef3,ee4c6ad2-6ea2-406a-bafc-d25b9b39a038,3
beca3ab0-66d8-4169-b2d7-e26e98924416,b3611b6e-3b85-445e-8e17-de66a01f3aa2,02d7b992-f1fc-4a88-b765-a595642d8241,1
ae76bb2f-dfa3-4872-9d5c-f7dbea289044,4d8441de-edfd-4a23-99ff-70e7c8f6ccf2,979d0be0-8b4b-4268-ba6f-f0ab57e20bc5,3
5abe6c8f-d18c-49af-96d2-d7fa59b354de,47f4bfe8-5ca7-4b1f-9cb8-791cec658504,4234721c-5fb1-4303-9fc0-37e8a8e6999d,3
df932a2d-23fb-4d29-a4fd-28d6bd085ad8,85fe65d6-40b1-4403-a38a-114bf5729d0a,6f6b36d9-dcac-4c1e-b66a-e2684ee4c6c7,2
8a956a2a-4dfb-48af-842d-2be030341ca8,4a832795-72bd-4d6b-a2b2-b8477f7bdcb8,5eeda2b8-169c-4573-a595-c3bee605b184,2
c7cb630a-b51a-4b17-8715-3e1f93898931,89f5d222-9dc7-431b-9799-72141042d3e8,a84a867d-c16b-4d75-a7d2-3c22586234e8,2
942aef50-6019-4d44-ae26-24cf977f839f,880ce091-736d-4b19-b57e-2d2b8447f7cc,501c7126-f743-4a9b-b694-515bfba7c037,1
a22804c3-0851-4ac2-855f-da4da72c2fab,eb2e333b-9dcb-4ed7-8e37-ddad39a32612,37813597-40f6-466a-9ca1-1b681671c985,1
f06bf4c5-bd8a-4f4b-b19b-91846fc49a91,28c17dad-6fa1-4584-b9d4-a58676f49cd1,bdfa8e9f-9331-43ce-9d64-61e229f56cee,3
5f302698-ecb0-4e34-bf6d-c19bfa91fadf,83e113d2-79e5-48e3-a673-102c3545a00f,de01375d-2bd2-402f-b2ed-dad4d789199d,2
547aa98d-a587-4737-9525-b40031f0cb14,2ada1354-2ddf-47eb-8050-fb8787a09622,308a3547-4187-458e-8868-3df5f39bb3d9,1
040c04eb-8089-481a-8cc2-dab893a3ab92,6290cb14-611c-4a89-95b3-9a050e4d21c2,c3e37844-7894-42ba-9f15-6b3aca70d66b,1
7215b2f1-3f3d-4577-9698-31e0e653d0da,81c2484a-da29-4329-b4e9-56e0cbe65c56,20fe47ec-3e23-4947-8055-81e4099f33eb,2
dfa0f6fd-aad9-43af-b027-f8546cd30e77,010f1417-a3f1-425c-bd61-e765b476d32e,9bb6c04f-be4a-4c42-8291-0226b0c82f62,2
c41f22a1-6c8d-4e31-abe0-16432f7c019c,944e2d0e-790b-4092-bedc-6c47654330c3,328e4a9b-959b-4a03-afab-211794fad351,1
7aff6da9-239e-420f-b89b-7c29d1e2262c,dde4b60a-cec2-4ffb-ae93-35d93ba0b887,a5a8e64d-fd52-486d-a565-116fb17b05a2,3
7b3ac665-cc46-4d22-97b2-239e9efe52e4,389f4328-46b5-4cc0-9c40-b53aa206f557,cf9d26cc-7c2b-4c08-a071-bdd86317faf9,1
1d366f56-0ee7-4907-a7ac-2dd8d5712ba7,bde3e9d3-9bab-4efb-ae80-49220806dd28,6f83b480-ecd2-4d88-827e-b2103d9dfa59,1
771e770e-6cc0-4299-b3db-c96164b30883,4360a80f-901e-4f60-b023-2b8bf78044a2,caaf0fe3-421e-49d9-a006-aede18cefb11,1
d7378091-8465-4225-8f34-a4359b6bfe7d,8e23a221-d9a6-465a-8cef-953e5d455061,20fe47ec-3e23-4947-8055-81e4099f33eb,1
2dc21410-afb1-4859-b760-fa3e05d27bdc,0a059896-822d-49e5-9482-1ec552e8c524,a0fad330-fd48-4734-8c27-0c17efc1525b,3
5a8f2781-968a-497b-93b5-1d95248bb7e5,5147f243-91db-4880-a706-6d7afbb40c54,54aa4fc2-4ebe-40c6-8426-4e7fc6376183,1
8fd0fea9-a995-452a-b2c5-3ce797adb933,576f9cdb-f12d-48b2-a79f-1b464d4d4b2d,36448613-605d-4b93-a5d3-5ef29922209f,2
52fb4cb4-2907-4461-915b-212dd7d76875,d1687240-bb5d-4142-ab9b-7bd2be623ca7,2f499b55-c45d-46f1-a51e-b48a23921a88,1
edcfcd0a-f5a1-4f5f-9f49-6154690201e8,1acd8d10-c6f3-4266-9870-1f30c181201d,86be4786-7b39-4daa-a6a4-df3136ee40d8,3
956abef5-fbb5-48f1-baf1-d6161375c518,81bd8a7d-d146-4319-bb84-9cfd6308dcde,9cf97cca-0ea5-4aeb-b239-6676eb8aa407,1
cd52e236-5655-49cf-81d3-45b5908c2322,fa02736e-7a21-4676-a367-37f83f7bb068,0bf9f23c-b443-467c-90a0-6fa16d0fa658,2
5124d209-5c50-4e20-a0b1-37d69f3e2d4f,c05186d5-2da7-4657-a216-2f7b0b9adc4d,328e4a9b-959b-4a03-afab-211794fad351,3
36458399-17c3-4bb8-89e8-0cf93d575e78,a104b006-9e7b-401a-9b31-edecfa465db4,5838a2be-c776-4dec-9ead-1fef76ac167d,3
94b8e48c-3a7f-40e0-a9b7-51bd50a9d184,9b99e7e4-ed39-4e67-bad2-5ddb8a746ac1,0b2601db-f7ee-4152-9117-82f4b3f88955,3
ac97569c-4212-452e-9dbb-088407288dcf,4f148fb3-9822-4793-95a9-8b3dfd4c8f1a,3f4b5184-7e9d-4038-927e-23701dfadfdc,2
be8a8f12-a37d-4e1e-84a9-9b23e78e725a,e7689602-a3b8-4e54-adde-425968334d20,7ebb3b48-2fa3-4636-9c71-a698215cf2ab,3
c5ef7891-cb92-43c7-a6f3-c0e6dbc14bda,3c3976e8-7514-4587-b3aa-525ecbb60bcf,672c4582-ec94-4606-b4f3-22e75db33fc4,1
b3b3b8e9-20b2-4859-8c4d-8bcdd701aa6e,675e6103-7f9b-48d7-b935-10c67d489bd4,a5a8e64d-fd52-486d-a565-116fb17b05a2,3
d8fa8c50-3fa7-4662-ae87-e611200ad0d7,48e8f946-940a-4503-8fa3-b7920d2881bc,5838a2be-c776-4dec-9ead-1fef76ac167d,1
4619a55c-2e2c-43b2-8ec3-506a38d9d932,2903a17b-6b51-41d0-a1df-9a07c041bd39,3a802b87-946e-4c1d-945a-7b3b8b0e8d3e,1
04c59241-7a64-40f7-83e2-c107609abed3,a02522b2-91fe-44a1-aa4e-8c3cdd31405e,8a9db4de-8fa9-47e6-88a7-bcd803ea650c,3
248665f5-c6df-4ffe-a9f9-90e0697576e4,4bb1c927-0d89-4b08-93c2-db7a56f5c548,15a5dd8f-5d97-4ee9-9a38-ff2591136343,2
6e66a992-c76b-4059-86a9-28046c34f20e,196ba603-3856-46bd-b1cf-29cf78b2bab6,2f95b2ac-04f2-4290-b8b5-60005c4601a1,1
efcfe08b-96a1-4fa9-b12b-a0e2f481ec02,2a4d1098-ff2d-46f6-8760-7f58aa165656,51358305-7e5c-4635-a7f4-38dfd14c6e5a,3
115dd761-9788-40b1-ae98-3cef89c24dcf,aaedad3e-64c8-4082-be16-7551afba311c,6a800f33-c65d-4b09-aebc-67ef70b47578,1
88bb2bb6-19ed-4f0e-b588-4140a003afe1,9e5bd751-a399-438f-b45e-e5ef79c844eb,f24cbd9e-ad3e-4e9d-9de5-7c4fa89e8c88,3
c008dafe-d6b2-4aff-b62d-e3b510f396f4,53d6b95f-3ed3-490b-a27f-3ae74be1c52e,c31dc40d-ba47-4631-ae91-e472c79b2e1d,1
6585993d-18d9-4389-baf7-39240e4b775f,09a0fbaa-5a0f-4fd4-ad61-c5687e367461,9d0f1335-3fad-425d-85eb-07867ee177b2,1
2c5a8c92-65e8-4039-aa14-906d3ee8eb96,795312d7-7fc5-489f-84e1-3a6809222b20,4234721c-5fb1-4303-9fc0-37e8a8e6999d,3
9457b7c7-c0ca-46c2-ac4a-3e659ad37cfa,f48810d8-c313-4b3d-875c-bbec77554e14,9e16a8e0-d43b-4884-9bbf-e09ef9b696d6,3
050b798a-89e5-4999-8169-2996538e13f3,b5950601-ca57-4c87-8926-e686a9d061b2,a6965682-ac74-4da2-bc29-4b81e62e8a18,2
41952cf1-02f1-4b04-8ead-31ad9b438cf2,50e284bb-d3f4-4d77-b6de-d3348bcadc8b,d0e563e7-a062-415f-8219-1d9931fcecf1,3
030cb2e1-4b7d-42f0-a973-e150c788a977,a0003334-397f-410a-a995-82c59be6229f,a9bb8177-95fe-4c69-937b-860308b4bbc7,2
80311916-2d2d-421e-ad33-e2fb5533f1ce,114f37b5-8c83-43b2-9707-a1019d420e83,099c2be8-a55f-4481-8a79-bb81a6f79a9f,1
0026ce67-d5c6-4c78-b0d0-ca371206ccca,0e0575be-b5d8-48c5-a34e-3f40a0ba3999,308a3547-4187-458e-8868-3df5f39bb3d9,2
eaa2780a-7984-4eb8-a951-a16482f6cc59,db5a4412-69ef-4bbe-bf8f-7872f9c444d5,a4f1f4d4-efdf-430f-b089-42d24d31a019,3
39a44d18-6f6b-4ffd-b21b-d131a052f44a,27275176-010d-457d-abff-609799976a2f,143ad2c6-7ecc-46e5-9828-ae4c4f92e3f9,1
772072a4-13bd-4038-9085-8231094ca4e3,cce792ac-a43c-445c-82d9-67711e0a1c93,a25b830c-fbe1-4e75-8026-fdf153a905bd,1
25226d32-4280-465b-bc3b-3755e6060c8e,0bbfb51a-5144-443e-8672-64c76a6aaad0,a910983e-bdda-4915-bd6a-9d05ef1bb506,2
8745ef67-115b-4512-8b20-9805104c263b,96c7fa5b-907a-4fb4-a00f-25f338cbeaf5,f8a8360e-c112-4407-b885-68cbc93c68be,3
94956a25-dc90-4db5-a9f4-afb5b505f457,6720f217-5edc-45a0-abf4-a28f40c2f038,bca71a29-a853-4f73-b2dc-965e6055c746,1
e34f81a8-21df-4ee2-90d5-6ecd85a81d82,9148dec5-edba-4af3-8db0-b41453de9fc4,65a6a4f8-b5db-4c02-a28c-b814600e35a9,3
9573f648-d18f-4a24-b284-2bd52ab53b93,3a88d3c0-e894-4268-8ea8-6e7325c06aa9,f4d55996-c77c-4a03-95e7-08ad380f8a34,1
57bd3ce5-712c-4db2-96e8-833f4aa8787b,decdef47-3ca3-4ca7-8c33-670d1352b60e,0bf9f23c-b443-467c-90a0-6fa16d0fa658,3
e7880dfc-662b-41e0-9539-38fedc03dbfd,794b0d60-d531-4c37-b976-2db389b67313,61e106db-d0de-43c7-88cb-befafa196f45,1
fcc841f4-cfb8-467e-a1c8-6f9880e12f0b,3e06c38e-e67c-4b29-be89-3f718c0b0f49,76b6ed8f-ad78-4e41-8256-3c4955941344,2
1346cf98-9b0c-46f4-a98c-631b3f6b6444,2c3133d6-2e79-494e-9b6f-7eb6d46b4b3f,a910983e-bdda-4915-bd6a-9d05ef1bb506,1
4d82c168-67f3-4c57-aefa-a6e6e14e2067,25b7cec0-606c-4504-a22d-389486eabef2,7cc02357-8ea8-4ffa-8887-3d54415021b6,2
2ac7225a-7f20-4307-96c4-20c686b6f2e3,ec281fed-e171-4c2e-bc37-708e4cacbbf9,81a8396d-6ee7-4a59-aeb2-2337497919a6,3
6b32f721-ea87-48e9-b89b-3d70069e67bc,8d3a38b3-9b31-447c-94e8-aeab789c9952,e5c1063d-fa0a-42f7-b758-8cabd1837163,3
21a9194f-a531-446e-9e12-7fe40fc7b59c,040adf04-8e29-45c7-a532-6e65612b384d,36448613-605d-4b93-a5d3-5ef29922209f,2
7a71b30c-03f6-4cdc-ab62-84e55e0423f3,33674462-4844-4712-a2a3-e234b9b9e551,beebe6ea-9a33-4cca-a17f-105b4d226ca8,2
ed7bfa16-5387-4cf7-a83e-22404b5e1ad5,aa0e93ce-ebf2-41b5-ba56-ec2023bc3035,88c377f5-4b2d-48eb-8c80-75c3a8171ae7,2
cce02e37-345c-4e41-91dd-d221df728741,06e1e2c1-6b49-41a7-a7ba-6ed31becd83c,72b897cc-33d8-4aaa-82fd-70b898ca966d,3
bc318639-5e81-40e1-b13e-219e2524c736,5bd97c1f-0172-403d-8fc5-4da12559020e,f24cbd9e-ad3e-4e9d-9de5-7c4fa89e8c88,1
14a44b22-be10-4297-bcfb-0a38817c7cfb,4e0bfc82-8b19-43c7-87d9-92d2b9db0e25,f4d55996-c77c-4a03-95e7-08ad380f8a34,1
de6f7774-b8dc-467e-9cc9-f3fab8117341,283fb908-67ae-4c2a-8416-e365c0f18941,2aef055e-10e1-4dc8-b936-edc1248a5758,3
b3e768eb-3cfe-4d71-bd46-a8f42be56e10,06292e9e-49d7-4c1d-97b7-755ffaafbc12,28f23ead-ed12-4feb-9636-0777eb328182,2
9834402f-600c-432e-87cc-00945b353ea1,0836b55c-7892-4788-b16d-66a5a8abd29f,ee4c6ad2-6ea2-406a-bafc-d25b9b39a038,1
2a741711-53bf-48ae-b424-4768a6b34455,63dd4dfe-21d3-43df-b49f-b41efa45581d,f0ee770e-8e3b-470e-aba0-40d2f1d643c2,3
96ccb6e7-337b-4703-b727-ebf386cb58be,7de0601d-c610-4633-a801-ebee4b3cf5c9,5901502d-429e-4c41-914b-dc73b783f787,2
1500fdff-4883-47e2-8712-89ccd662a632,82507d59-3160-48e6-a928-477a6f485bb7,c31dc40d-ba47-4631-ae91-e472c79b2e1d,2
bfaf837d-bb7d-4e0d-a61b-bebe0642adf3,78bfec7a-d30a-4a99-866f-55c9b1a59aed,0b2601db-f7ee-4152-9117-82f4b3f88955,2
bfeb4f95-1ad1-413c-8a7c-ed07cc7016ee,8fcbd3c2-5d7e-4db6-94ce-b5c2893227dd,2c4aba23-cf91-435d-8953-ef44f1097dd5,2
b4ea7313-db33-41bb-b332-5b7bb2caed42,744f118e-83cc-4671-944c-0f6d1778d693,a6965682-ac74-4da2-bc29-4b81e62e8a18,1
fea83389-c162-48ab-ba02-4414d2864839,78ce64cf-46e8-467b-b708-66d08fd23a8e,c8180d81-ab58-47a5-b62b-dee2362b147a,1
96157a5d-5947-461b-bf3d-a52ab03189e1,c59ae81d-89d9-4a08-ab03-292035eb36b6,9e54eb37-0d17-4465-b41a-63a1442efafc,1
bbda3755-9f4c-44aa-a801-4606fea37aed,f4cdf3d2-bd7a-4739-b258-f69c65a0f6ed,b784392e-33f6-42dc-ad3d-a36bcac89a8d,3
265bbcdd-b92f-4bd7-a5d6-6c12a733ba25,64a22848-dc09-4a11-bd0d-b286d42375af,7c5c2da4-bed0-4552-8981-1734fe31542c,2
41322608-6e68-48a9-923f-2d8fec456d30,40f186d8-7567-497f-b128-c6561f41d408,2e4587b5-65d7-495c-9560-01d5046b83f0,3
55738f6a-a9db-4c98-b679-5cecf4b3d2c8,7571bb1a-472f-4c81-8419-ae38906ad9d3,bca71a29-a853-4f73-b2dc-965e6055c746,2
61ec345b-53fd-44a7-8b5a-c849cccd2e6f,7b8dfd21-e61a-4cb5-9027-b3d95646c894,6f83b480-ecd2-4d88-827e-b2103d9dfa59,1
b77173a5-4038-4320-aa24-5e9d51c79e43,7ba6770c-db62-4e3d-8371-5d4feae8cd0b,7afa640d-5d5c-4e34-b1fe-54e159fbd787,3
720ef5ad-9bab-4738-b538-c43d13c428bb,18096918-a728-4207-850b-37731e1fa3bb,cf9d26cc-7c2b-4c08-a071-bdd86317faf9,2
7624e8a5-d7c6-4a67-8bfe-7a5b33b54b61,6db8ab41-1bdc-4686-ba8b-4cd0797288e6,0db4820a-805a-4ee9-b345-b2bba8971d91,2
9a1d3a19-fb08-487d-bba4-f4ff679bf7fe,276c29b6-e8e8-4776-8021-21a9ec21c503,5901502d-429e-4c41-914b-dc73b783f787,1
254a8cc8-9e61-4b35-b732-47c55fd61b78,55ee795e-a87e-41dd-b9cb-c796eada46fa,0bf9f23c-b443-467c-90a0-6fa16d0fa658,3
e28c849a-f372-4486-8a84-a173fc95e15c,b3a0fd83-1edb-46fe-9e1e-5d02775668de,29874687-7995-44c2-b211-471d32059600,1
b7110dcf-4c69-40d2-b647-1539e093beae,756bc258-ffa5-4e73-95c6-d0377b8a8c2e,d0e563e7-a062-415f-8219-1d9931fcecf1,2
32c2afc6-185d-4102-bac7-83e2a811c186,b6991da4-b289-4eac-8d7e-14ef4e83d9f8,2c4aba23-cf91-435d-8953-ef44f1097dd5,1
94a1ae09-3d4f-4e99-b615-951a5b2e8af9,5e3e411f-9fd7-4f74-b638-093c91adfc06,47dba4b0-084d-4ae4-9dd8-4e9f14c83daa,3
600eb3a7-69f3-4579-8ab4-2626ac746e5a,8ed0e9c9-46b9-417f-9a35-b440201b7d85,328e4a9b-959b-4a03-afab-211794fad351,2
06ee28b2-be91-4a55-9f07-59354c326ae4,cb118163-b666-4f41-b4cf-38057d65ea94,c07d6aef-b48a-412e-be5c-fa42445974fe,1
552b13a4-cbca-46c5-85a5-0678ce30bd95,a9df6719-2a76-483e-9902-1b75547008be,a910983e-bdda-4915-bd6a-9d05ef1bb506,2
cee1fdf1-5c7c-47bb-935e-1aa0afe1dcca,8f64fd28-32a5-4ba4-99cf-9bff82a5d40e,88c377f5-4b2d-48eb-8c80-75c3a8171ae7,2
aac9cd31-4869-4f82-977b-d101116f92c6,47e0021d-dbac-4a6b-a9f0-c1c5a7c29906,c8180d81-ab58-47a5-b62b-dee2362b147a,3
79c27fe1-e176-45f4-87d4-adbf5d07d8f9,f1706b99-9632-4890-aba4-bdd5002f73dc,20fe47ec-3e23-4947-8055-81e4099f33eb,1
9bf7ace7-4052-4a27-89bb-f8abb3766ed0,2e59f6b2-545b-4b69-a616-7d72ed6d01d7,d0e563e7-a062-415f-8219-1d9931fcecf1,3
f4b4075e-26c3-4600-badd-211b737f9203,958cef52-ab15-460b-ba6c-2af1cef4dc67,549cefb4-9860-4e18-9165-1daa0dab640d,3
54c2ec6a-20f4-4a0f-ba38-a7a0ee5c08f8,435e20b6-536f-49e7-8a58-b49e8fc8aab0,a910983e-bdda-4915-bd6a-9d05ef1bb506,1
36bdd07e-3e1b-48b8-9496-70a24d55c904,48c199a2-1b38-4123-b4a6-58d7f7d17231,2c4aba23-cf91-435d-8953-ef44f1097dd5,2
b81b5bff-6521-432a-a128-8e0440f8b789,74fb2db7-2cc2-4a99-9a3e-8e1af2d35dee,9d0f1335-3fad-425d-85eb-07867ee177b2,3
384c8dff-d42e-4ea9-866e-0f653d471a86,0ee6b267-eb78-4ded-8fcb-5eb28741332f,7afa640d-5d5c-4e34-b1fe-54e159fbd787,2
93837783-2e1f-4c72-a668-e692bb2f5c1b,f89bd92e-5d91-454b-903a-b6e0aeb7168d,caaf0fe3-421e-49d9-a006-aede18cefb11,1
ef03a98d-9870-40d3-a7e9-974a7acc0a8f,c3a5d2cb-1d73-453f-966c-0c648b5c24e5,e5c1063d-fa0a-42f7-b758-8cabd1837163,1
dff3f774-71a1-4809-b823-24f7194ac6ed,9f20da23-7ed7-48b8-bf25-740e3e9d81f8,0b2601db-f7ee-4152-9117-82f4b3f88955,1
f7fd6eaf-1b9c-45c3-acc4-8315fc0c72f3,bdd3486e-31d2-4dc0-b351-07e4460a2f10,6f6b36d9-dcac-4c1e-b66a-e2684ee4c6c7,2
ceb469d2-00d6-49bd-9838-f5e3e51aa4eb,98c299ed-8dcc-4dfa-966e-3bb7912613f0,3a802b87-946e-4c1d-945a-7b3b8b0e8d3e,3
d02ed170-25e1-4b4e-abd6-5eb18ee37e52,781a54ed-c502-44d1-b2dc-3acf5e0d50b0,57194cda-5324-44a3-b5a3-64a011c2aee5,1
ada0ee2e-b9ae-4e30-aa74-cdebd6385e1a,5ad0aae4-be59-4f65-916e-d513933422ff,a755edde-4dd5-4cb9-8fb2-0648a1088a13,2
4d19b625-bf01-4fd9-81a2-767793dddc32,f5d897de-a0e8-44f1-99be-48d34deaaa90,201f3f92-3c71-4f6a-aa46-03be75af415f,2
1e246cf3-dcd0-4897-9913-34da058132af,a4aa90f4-354f-42c6-9a3f-e9d054c293c9,cf9d26cc-7c2b-4c08-a071-bdd86317faf9,2
d9b7ea58-ea17-45c5-ac41-dc02a5376929,d8541852-1edb-4e36-83ce-da62923d881f,a9bb8177-95fe-4c69-937b-860308b4bbc7,2
18bee8cd-e7d8-4371-a0c1-68d29d5047b1,f7d31173-22e0-417e-a52c-c657de847dfb,f8a8360e-c112-4407-b885-68cbc93c68be,1
9df02275-2e63-47a9-ab5a-d8ca13655493,ca9d4cd0-e5f7-43a2-82f1-40b69b5e660c,f24cbd9e-ad3e-4e9d-9de5-7c4fa89e8c88,3
51f86893-2b82-4712-bdab-0ceabed87aeb,05186cfc-7fa9-4bb8-b402-b295791c82d5,15a5dd8f-5d97-4ee9-9a38-ff2591136343,3
4743b1fb-7377-49ee-8617-315b3d0ca520,3686b63d-27ad-4c38-80ed-ad4c946d13aa,88c377f5-4b2d-48eb-8c80-75c3a8171ae7,2
6a42578a-a35a-49eb-9bd0-ebecfb26cc1d,41551fae-8a8c-490a-9053-b8f717ff3886,fc5a19a0-7f0d-46f4-bcd8-0530c5229059,2
b6d6b1f8-d48c-4af0-84d6-adf485dc8337,8abfbf10-a9fe-4f85-ae67-44055b945c3e,8a9db4de-8fa9-47e6-88a7-bcd803ea650c,1
74fa08cf-fac0-4728-b509-aedccc05a8c9,ec709dbd-ae4f-4f3d-8fa7-0f50d463175b,a9bb8177-95fe-4c69-937b-860308b4bbc7,1
95596212-36ee-4972-94f6-1636a38d89f5,ab412151-479d-4a19-b550-c77d197dd27f,fc5a19a0-7f0d-46f4-bcd8-0530c5229059,2
e37d3565-9464-4ca3-b3cc-24b5aa8b2c41,cdd36724-f3a1-431e-a7a4-95988f083c1e,0db4820a-805a-4ee9-b345-b2bba8971d91,3
29206b56-a707-46cd-ba07-42839a7da3ef,052ae46b-33e5-407f-af76-e0e0b065013e,308a3547-4187-458e-8868-3df5f39bb3d9,2
35ded5f8-6c72-4e7e-9f1d-1b8bedee731a,f2e17a5b-9282-4359-b013-83e916644147,328e4a9b-959b-4a03-afab-211794fad351,3
8ef32811-0dc4-45a7-b6e7-01b2e4edf4c8,b54d957c-aefb-4657-9f2c-7f038f3fcf54,20fe47ec-3e23-4947-8055-81e4099f33eb,2
8121122d-6519-4835-a29b-6b4c17d78f79,6ab60712-02ea-431c-8059-c07014935ffa,bca71a29-a853-4f73-b2dc-965e6055c746,2
1a37d7cd-473f-4cf1-bb6a-23a83aed9915,49ed0830-f8de-4277-b031-ec1eaca34e80,ab508650-43e1-454b-a19c-22bcbcfec332,3
b67cc612-090b-41f5-af61-53a5b26528cc,989fa4e7-bebb-4ed1-a9ff-d1b1009449dd,a84a867d-c16b-4d75-a7d2-3c22586234e8,3
4404d6e6-3f12-4c04-9810-b61ca58d3b86,9b844815-539b-4b66-8f93-a41e1a54aaf1,61e106db-d0de-43c7-88cb-befafa196f45,2
6a4547b7-dbeb-4c14-acdd-8b3b7ee7fd44,849f78a9-0cad-486d-97d2-06b120adeef8,3f4b5184-7e9d-4038-927e-23701dfadfdc,1
08de5e2a-3999-494a-bac3-cacec74eb0dd,fb1977bd-62d6-4665-a331-42ce9f7295c3,d0e563e7-a062-415f-8219-1d9931fcecf1,3
2d321a98-7e9b-495d-a68c-1e50ed0fd6fc,68989725-d77a-4dcd-a4a8-ecaf4e63848a,e507b70e-af85-427e-acff-20a536bc872a,1
632e085b-e723-43a4-aa37-452e5f19747f,386dd891-0e91-4462-9279-453aad863b58,a443ba7e-45fb-4dbc-b432-40fb172b9f29,2
72e391dd-cd22-4b0e-8a5c-0ccb4558f26b,e186c4d7-136e-481b-aebd-24d673c35811,db465b3b-77f2-4707-b61a-f5f13cbe281f,3
dbe9d418-9ffc-4f8b-9f75-9eeb85d709ed,ff417994-bc15-4e54-a626-5a7aa9a74505,a443ba7e-45fb-4dbc-b432-40fb172b9f29,3
db1a3c0a-cea7-42f5-98c7-5cb01ce1475d,ee1761a5-911b-4a21-9377-29d21b4578e6,3a802b87-946e-4c1d-945a-7b3b8b0e8d3e,3
d4468f52-3223-4b7d-9ccb-5f0fd6eb3d62,026c1fa3-15c3-412b-a40e-b585cb73499d,97648fdc-9dfb-4b3e-8dc0-f10d9287bdba,3
fefe0af2-af95-49db-99f7-18de7eab547a,ca74f51a-a2eb-456f-bcd0-0d04cebd5b2d,4234721c-5fb1-4303-9fc0-37e8a8e6999d,2
f699c6c0-6637-4183-9bf2-4407986614e7,ac2f679d-77dc-48df-92de-2072ce015b43,20fe47ec-3e23-4947-8055-81e4099f33eb,2
b804ab35-2ad6-4015-b19e-4ed2e28ead68,eb4bb6cc-f0d1-4ae5-9ba1-4cce99432b10,e8727c3c-813c-4eb9-a67f-43d699df5dd4,2
da8c8515-918f-4a92-a6e2-f246f40b6d13,20946536-e738-4fe4-aacf-eb99f10a3fdb,12fd588e-17ff-4b8d-a866-9934a6861df8,1
40f8db72-f3c2-41e5-97e1-8e06f3dc21b8,1e49370a-c113-48d5-b596-b7b4f91792af,4cab4f2e-2fd3-4fcf-a479-06819c075afb,1
3ce89938-9ef2-4790-9cd7-74c05630678a,d5f5d51a-a9e9-4e27-9bea-28984b08575b,e5c1063d-fa0a-42f7-b758-8cabd1837163,2
1a01af7c-cc4c-47ce-b7ee-092149551132,cf323000-1a84-43d6-92a1-1d0963ecc03f,979d0be0-8b4b-4268-ba6f-f0ab57e20bc5,1
b6ed874f-f543-4a1f-9d3b-2a0fc75cf558,58adf8f6-b457-4d42-8396-1c15b7828245,a443ba7e-45fb-4dbc-b432-40fb172b9f29,3
07144630-13c9-44d0-adbc-89a8b9d37765,54602d7c-eb52-421e-996b-5165d3138785,a84a867d-c16b-4d75-a7d2-3c22586234e8,2
7027c03d-670b-4ee9-8779-1da73c84e67f,e75162df-97cc-495b-88b6-1e5af0ead3b1,fc5a19a0-7f0d-46f4-bcd8-0530c5229059,2
336f2cd5-02c5-4bfc-8c7e-fd56c2dd76ca,0c7318a2-bd0d-4f01-9099-89fc7d77120c,672c4582-ec94-4606-b4f3-22e75db33fc4,3
7340c757-1c00-4203-9f50-d07211e5bb93,ba77498b-c561-4988-a458-629fd1d05c80,10e149fc-0348-494b-81bc-1505cca06736,3
ae207c98-6212-4bdf-a2a4-b1e87f748f40,1b2046a6-c3fa-4c9a-8153-380f6da51014,e0c71a05-519d-4c12-a76f-448ffc1cb9d3,1
1da03868-7084-488f-a40e-8d88637e563e,a783589c-2504-4f9c-8be3-37828e6f5b7c,eb6cc66f-3a64-4979-a57f-f2dd893bb05c,1
2a810f13-f526-4656-9783-c421bb0886bb,25b8304b-216d-45c8-bab6-13e4eded10c6,d06d178d-08da-4f87-9349-ec16221f5486,1
f1d847c3-f4ba-4ca4-8130-3b62cc64ef1f,bedb8b2a-ad7d-4fb7-a803-3b049780f73f,a443ba7e-45fb-4dbc-b432-40fb172b9f29,1
7ee18c3f-ce22-44e8-a78f-720f4baf1c31,5dd1050f-8c62-4935-b7b0-0bbc881d2a63,d0e563e7-a062-415f-8219-1d9931fcecf1,3
a68f6d77-8f8e-426d-8890-f6aad6d65793,3e812ec6-33bd-4540-b1ae-fe1233d32a83,0db4820a-805a-4ee9-b345-b2bba8971d91,2
17c84516-35ad-45d6-868d-ba03fddacdfb,37fd52a4-4dab-4a27-b316-fdf567f19ec4,2e4587b5-65d7-495c-9560-01d5046b83f0,2
1ffbdfb3-a9fa-4979-a876-7d9845bd2578,b4104976-6183-46de-b4f4-c8d5a975636b,86be4786-7b39-4daa-a6a4-df3136ee40d8,3
fe73aa14-3175-48c8-954c-af8c37a1e9f5,0ccf5634-1d4b-47ab-b144-35ba7098bd6b,501c7126-f743-4a9b-b694-515bfba7c037,3
0551c26d-b868-43f0-99a1-113790092b81,3e1e70e1-e829-4ade-a3e4-2be00cc1db1c,4c730fcb-7a34-4b0f-9e0e-3202214c49eb,1
30bb93ef-95f8-4a2f-bef3-a160b44da66e,5e4c685f-50d8-44a4-8165-b4cdf60d5ac1,47dba4b0-084d-4ae4-9dd8-4e9f14c83daa,1
4c818c11-99bb-4dee-9b10-c1c06a37f608,44b6ed4d-0be4-4f1e-9b60-952e7a4018ea,2aef055e-10e1-4dc8-b936-edc1248a5758,2
b8da31c1-2ed5-4627-a568-eb64a956f853,957c2b4a-007a-45d3-a231-5ad20b06dc58,49c05dbc-ef8f-4d2c-b5be-2c5f9d057c8f,2
cdd3de35-04d8-4184-9cfc-c15f3590b10c,3712aecd-59ea-4e65-84d0-ba96dc64cde4,e0c71a05-519d-4c12-a76f-448ffc1cb9d3,3
33052b76-ddb1-4bd9-997e-828af4df615c,6d171a48-5aab-427b-8a76-d00e6f07919b,a755edde-4dd5-4cb9-8fb2-0648a1088a13,2
461f904f-b16b-4a53-9e07-279fe9270c1e,f5354933-ca80-4f7f-9f94-14b70608c1cd,d1536aeb-f6dd-45f0-95dc-2de377b9b782,2
01787a59-be31-4c1f-b8b8-2795cddc4c29,f20a3e55-b148-446d-89c1-c829fd69d976,c31dc40d-ba47-4631-ae91-e472c79b2e1d,2
ef336e33-ac86-4ba0-9c83-37816f30cbac,86868796-cf43-4f17-8f9e-cb784040ebc8,abd0f15c-e7b3-418e-9768-9ed32cd3fa90,2
bebdb416-67f6-4acc-a0d5-3a6fd2dea56e,3a2ca5a5-e6c4-4cd6-9eec-b377f79e084c,31c3597a-7ce7-4017-b2ef-61485fd9a7cc,3
f5f78ef5-2f47-4640-903d-4a52ad7cc62e,746daa96-87e6-477d-8309-230ff4beaf74,2f499b55-c45d-46f1-a51e-b48a23921a88,3
81613810-cd25-4867-9fe2-98f8643a3ec0,8a8bd90d-11c7-4f87-ba92-72216f153b3e,fc5a19a0-7f0d-46f4-bcd8-0530c5229059,1
a8de307c-cb23-4a34-a061-a987ec86a901,b9f1893e-9223-4d1c-867e-29fb993f79f9,2aef055e-10e1-4dc8-b936-edc1248a5758,2
51746878-69e4-4e3c-83e3-f1ef20d8f912,52b89d97-29df-421e-ab66-ba58c9357b9c,f0ee770e-8e3b-470e-aba0-40d2f1d643c2,2
31a420cf-affe-44fa-8058-9f081bcf0b89,366f9e60-b0d2-4f09-a666-243fdc2831e0,51358305-7e5c-4635-a7f4-38dfd14c6e5a,1
073a6f47-3ab9-468d-9964-a4f1ebcf2b6a,fae6e77f-7524-408a-bcb3-83b2d75e4c6e,a115ba3e-04dd-491b-b592-cda021c6f8bf,1
f10402bc-eb56-40ca-8b18-b03ef6167e00,4946b1bb-9f5c-4d9f-a6b0-43bd8c149c91,a84a867d-c16b-4d75-a7d2-3c22586234e8,2
3cadc127-0aca-4311-b041-600a89ba1ce7,e63a9b3c-e06c-46a1-9149-8b623c18d4d0,4cab4f2e-2fd3-4fcf-a479-06819c075afb,1
ec67ebb5-ffb5-40f2-b613-280f37f843ee,8ea88ab9-8d9c-49dd-a148-9f801794fc87,501c7126-f743-4a9b-b694-515bfba7c037,2
ebe023e0-9786-4277-aa4c-d78874d8bf5a,a60f7fd9-5db3-4aa5-b3e3-af0597689828,6f83b480-ecd2-4d88-827e-b2103d9dfa59,1
473ff0ee-4ae9-4056-a8da-ee8345386280,db63655a-103a-4353-bdb4-95350e569f03,86be4786-7b39-4daa-a6a4-df3136ee40d8,1
993776c0-bc8e-4174-b54d-cc75e871c321,fc0e3706-196f-491f-9c34-ae0acadd5288,eb6cc66f-3a64-4979-a57f-f2dd893bb05c,2
05a72abf-4a75-4a48-b139-5811526dae4e,799525c4-4ded-4cdd-bbc0-a1d671f8767f,e0c71a05-519d-4c12-a76f-448ffc1cb9d3,1
dabebfd0-b4ee-4936-90ff-d5ede748b1a2,f4d5368a-e731-4e9c-98de-808180b417d2,d0e563e7-a062-415f-8219-1d9931fcecf1,3
c4cee7f5-ccf0-4fda-8fe6-fad2a95b0c6d,c9d349c0-f701-4551-8a97-d2e45f582ddc,22549d4a-d0e1-4df1-b490-87a9d009ad62,3
03069e24-e947-4ffb-9531-16609432ec4f,8fdbdbc0-604a-4689-b24b-44a907a9ac75,7c5c2da4-bed0-4552-8981-1734fe31542c,3
84408e2b-aec0-4b76-aa59-e0f22ac9750e,9268ad41-7cac-4c45-82b9-ee884437046f,a25b830c-fbe1-4e75-8026-fdf153a905bd,3
b4dff6ee-ae0d-43f7-9244-d08a3d196c71,7461fc7a-8d49-4e3f-9d31-cd180bd2e0b2,8bcc0275-bcd9-4804-bd33-fbee3660713c,3
49fbc038-8272-46b2-b8c2-4d36b0aade53,9b70b0d7-79b2-4161-965e-d09e892f464d,e0c71a05-519d-4c12-a76f-448ffc1cb9d3,2
b580d2cd-851e-42bb-8075-911e85aa07c7,a80d7f02-2fc3-4b97-8b78-fb0a0b598739,d0e563e7-a062-415f-8219-1d9931fcecf1,3
e60187d2-572a-47f4-850a-30c17f1c765a,4e32be46-da9f-4433-ba2c-8f2965f42c29,f4d55996-c77c-4a03-95e7-08ad380f8a34,2
2777333d-b3ec-465f-bfb7-562e03522dda,0baeaa7f-67fe-42d6-952b-d0cc20d73057,84accc98-e179-4c3b-8592-97b7b3aa2807,2
b22e8198-9941-4aa9-8416-a93e1a14db29,a6b37d19-b1ba-4862-b416-dc3a6aaa4fb8,beebe6ea-9a33-4cca-a17f-105b4d226ca8,3
0d965157-8297-47d6-9156-532533fa4ff4,3ef8f613-522c-44f4-b43d-9492efd06263,a651236b-60d9-4ed7-a38b-ac86ddf74c0b,2
7d4d4c83-fbfb-4222-8abd-711693b267ea,218e48b3-e061-48e8-b439-080c997af762,54aa4fc2-4ebe-40c6-8426-4e7fc6376183,1
5ce24c0a-c533-44ff-8367-804d97013f01,134177a6-b377-4733-9e3b-c81a72df641a,61e106db-d0de-43c7-88cb-befafa196f45,3
bc4595cb-d49d-4294-ae7d-206349dc9eb8,e22d1a78-0a7a-4f55-b08f-9d8f81c72770,4be59bae-064c-4bec-826e-c96ab2c9d6a9,2
90374a8b-edad-4e84-8af7-2d72e1b503bd,552a29d7-4cd6-4c31-8493-3db47fdd3ec4,9e16a8e0-d43b-4884-9bbf-e09ef9b696d6,1
0b8d5891-09df-4215-beda-1fda9624f4ea,6dac3b34-fa34-48a3-ab2f-1c82e1e90525,6f6b36d9-dcac-4c1e-b66a-e2684ee4c6c7,1
35ed063f-be6a-4b3a-b269-607f4debdb8e,eea213c4-3149-4144-9090-2dd51a7cde1e,5901502d-429e-4c41-914b-dc73b783f787,3
05c64651-ad27-417b-bf3a-a541a7a05b5a,337696db-3b8f-4b5a-9dd6-82d788eb22aa,9bb6c04f-be4a-4c42-8291-0226b0c82f62,2
7b8f5d43-38b4-4df2-ada5-c4893ead0a47,48d6f090-29df-49db-b728-9f683b1e115f,22549d4a-d0e1-4df1-b490-87a9d009ad62,3
666e4621-9559-40d2-9c03-32426369866d,8fc52b6b-6cd0-4be2-89eb-231820225b1f,0e6e60de-7e9a-4771-aabe-b57a5fd99cec,2
c40726ba-21a6-45f5-9986-03575d8d051f,62fefd56-ab0d-4763-812e-ebe7e9483855,279c2203-7292-4fbb-8cf8-f44891441846,2
0a7c6771-85ba-4adc-bc5f-32c5caf6044d,82b88e7e-9101-4035-b6e2-a2d54353f67c,9cf97cca-0ea5-4aeb-b239-6676eb8aa407,2
cc7afb84-b27e-4bb1-92d8-c89aae3ec9f6,f95afc47-e7d9-4904-993c-0a19caaafa5f,a0fad330-fd48-4734-8c27-0c17efc1525b,3
fd12510d-f5e2-4f4e-8160-de9970924e1a,a46acbeb-23dc-4c43-9156-4aad8337e694,9e54eb37-0d17-4465-b41a-63a1442efafc,1
507b8722-d8e1-4557-8b20-4379ef006c31,a422598f-de55-4158-94df-45b581218d99,d681eaf6-9d2a-42bf-ab98-8b93afce953f,3
baf0fba7-fbbf-4c88-8a96-5aedc8467ece,fe96f5aa-cbd8-45d3-aff4-182f97f1f967,c07d6aef-b48a-412e-be5c-fa42445974fe,2
fddca855-fe6d-490c-b04e-026648d3e10b,5f7bf98d-cfa3-4db4-8af4-72bf833708d3,f24cbd9e-ad3e-4e9d-9de5-7c4fa89e8c88,2
a6baaac0-56af-48b8-a026-8df3a5b9f0f9,1d0c9bf9-8dc1-47a6-84c1-4b195e61176e,201f3f92-3c71-4f6a-aa46-03be75af415f,3
d31b0891-73a5-4b45-b7cd-44f40bbfc72c,fafcc662-1d15-46a2-b813-4b7f3ec6733a,bdfa8e9f-9331-43ce-9d64-61e229f56cee,2
4b4c1363-1287-4754-876b-f936d2610cc2,6c41fdd2-e602-4bd8-9073-0187a9cff6a7,f4d55996-c77c-4a03-95e7-08ad380f8a34,3
4484e3d5-2d35-4c32-b8c2-90f6dca6a6f5,dd861e82-8494-4f0d-b17a-244f2d83948b,7d0ef134-f9d0-4cb6-a63e-dc4e440c1be0,3
71abf42d-cdc5-4a14-9536-d0bacc2a20e1,3e9a4b73-4747-449b-b4fe-cdd1d17c9a57,72b897cc-33d8-4aaa-82fd-70b898ca966d,3
f9076b47-76c2-442e-acf6-e8f77894eea4,a74e9863-b2f3-4f16-9dc4-e067347235ea,f8a8360e-c112-4407-b885-68cbc93c68be,1
70c7ea6c-873d-49c5-a9ec-6d5baea604ae,d90a16fc-57de-432e-8d6c-802ac03226cb,5aaf174f-0a76-403a-b3c0-6dffe99b13c9,1
0de4e380-784d-4b8f-8cfb-8af29c3bd02a,ab502d81-a95e-4cbe-a313-47ca14cd683b,e507b70e-af85-427e-acff-20a536bc872a,3
55ccb2d8-1637-41ee-b149-47397fa85611,29bbd55a-d50c-40e8-812e-bff3527d4692,549cefb4-9860-4e18-9165-1daa0dab640d,2
45c4ea35-67c2-4d9d-be22-90bd2012970c,4a95f7f1-fa73-43ee-b3f4-f396bc15b2df,f8a8360e-c112-4407-b885-68cbc93c68be,1
dc470e1e-a600-43a9-b197-bc3d426cffaa,dde802fb-c0e4-4557-b0b8-6ece5cca8565,a25b830c-fbe1-4e75-8026-fdf153a905bd,3
8c41ea63-7170-4a10-a6da-392259d84980,30f96431-b6f5-4b5e-9253-54ddeca73c2b,c8180d81-ab58-47a5-b62b-dee2362b147a,1
8898d2df-ef6b-4bec-9f70-dabc0cea1c40,24dc9a0b-31d7-4f61-977a-142944c4c451,08f99e79-31c9-405a-9c94-e5a9f5ffe29d,1
82b3f959-2e58-48ba-96b2-7d15fa892fec,574f6db0-cfbd-40d5-8dbd-ce0f19426b6f,cf9d26cc-7c2b-4c08-a071-bdd86317faf9,2
c4bb95d6-9a13-4a77-8db9-93cb9ad02e7f,abd4e5c7-2d1f-46a0-87ee-15ada73eff9e,4c730fcb-7a34-4b0f-9e0e-3202214c49eb,3
99473ca0-778c-413e-8226-45652be98865,2e2c86b1-08a6-432f-8773-51101fccbec7,a115ba3e-04dd-491b-b592-cda021c6f8bf,3
d6aa7151-7b39-4ea2-bb7d-a21efd2d63e3,cf64808f-b420-4365-858b-97d2db080956,6a800f33-c65d-4b09-aebc-67ef70b47578,3
e0515aa4-e45f-4cb0-8a40-f9901e81f788,66f4556b-551a-42d2-ba76-57f209e90813,72b897cc-33d8-4aaa-82fd-70b898ca966d,2
5bd2a123-2a43-4631-adca-0b901a283674,38f2b8f1-9a05-49cd-a8ea-6c5e24618bdf,a755edde-4dd5-4cb9-8fb2-0648a1088a13,1
457fffa0-0bff-41a5-9338-1092584b7a92,a55b7cb0-e53e-404f-b838-2b614ba97de4,8bcc0275-bcd9-4804-bd33-fbee3660713c,1
588638b6-d5a9-4de7-9021-b51ecb32a449,670cc9d1-d538-4e70-ac6a-765b992b0817,6a800f33-c65d-4b09-aebc-67ef70b47578,2
0961462d-d3b7-4fa9-b1e8-c7dea6be0165,31c38bfa-5e52-4ac6-ab25-d7625d13017d,099c2be8-a55f-4481-8a79-bb81a6f79a9f,1
6f650e1e-6339-4cae-b80b-7ec835ea0e01,e180a6e3-fa5b-437d-ac3f-b4ea7141b948,76b6ed8f-ad78-4e41-8256-3c4955941344,1
8dd50a6a-5fb8-4638-9df4-4b69a43e2733,5e03e5b9-9c81-4e0c-90fe-fc8da8dff70e,2f499b55-c45d-46f1-a51e-b48a23921a88,3
5b4364b7-08c0-4818-87f9-adfd8c2053f2,6b49184c-8ae8-43b4-acb9-584ddeb3f8e5,0e6e60de-7e9a-4771-aabe-b57a5fd99cec,1
8c2eb3a7-eeb9-4c2b-b2b9-842de17cd814,d4baf686-7abe-482d-bc59-83ad8b0526b7,36448613-605d-4b93-a5d3-5ef29922209f,3
6e314458-98b3-4004-aab5-28cf0af16a16,1967897f-796b-4d3b-8a4e-4bbfa1e843a3,f8a8360e-c112-4407-b885-68cbc93c68be,2
0f5522f8-518f-45a3-a920-995261d57aaf,2d9c5045-c7e3-426d-961e-c0c70c7bb2b3,308a3547-4187-458e-8868-3df5f39bb3d9,2
ad439994-fbfb-4d2b-9b69-5362e3b796b8,b181711e-8a58-4190-ba1d-e114a9fbdf6d,4d0cd76b-5992-4b08-a556-68b0b5b4fdd9,3
f1ea3c21-35dc-44fa-9082-0b9e12cdeeed,21b6e109-d7c5-40d3-9860-40c3f7caef5e,a08d90f7-7cf9-4915-998c-5d48621813bf,1
278de85a-41d0-4a72-bf7f-e03150311645,adcde7ab-acc3-460a-be85-9da36d85ffab,c31dc40d-ba47-4631-ae91-e472c79b2e1d,1
3c447fe4-7ac2-4912-936e-1ec767cc9f44,01003de1-58ec-47af-a0ac-60dd0cfc012b,31c3597a-7ce7-4017-b2ef-61485fd9a7cc,1
2d5a6790-76d6-469e-94ad-6826b7b518f5,6353104c-2d22-4206-89f8-14c796a6f2bb,ab508650-43e1-454b-a19c-22bcbcfec332,3
80422275-797d-4f3f-a8c9-4b3260346f2c,2431d325-fc4a-4aec-b88c-057a79bfbfe3,db465b3b-77f2-4707-b61a-f5f13cbe281f,3
567cb3cd-a184-4f3f-8be5-c1343a03ba38,9dd03ce8-55b8-41bf-b244-f6f853a60362,9d0f1335-3fad-425d-85eb-07867ee177b2,1
fde87cef-a61c-4ccb-9c07-86956f072825,594b9757-e052-4fd6-b6b2-6b5abff4928c,9e16a8e0-d43b-4884-9bbf-e09ef9b696d6,2
775f38eb-190e-4606-99fc-50a0d70458bf,0f29f96b-4e6f-4b26-8274-df853bd72d67,ddc0e2b8-e408-47b9-bb1a-96d00fbd886b,3
62117faf-529a-4485-b531-eeee05a7f6fc,88bdbe4b-a087-42dd-9331-c93a607c17d4,c31dc40d-ba47-4631-ae91-e472c79b2e1d,3
87c466a7-ed22-4d85-af25-dcc50d0ac245,96aa716d-0385-4c0b-a435-048e40bbee45,5aaf174f-0a76-403a-b3c0-6dffe99b13c9,2
c8fbc5e8-aabb-4d75-89be-dd8ce87ec323,a8812e02-ce62-4d63-a16e-8a38bfae1554,c31dc40d-ba47-4631-ae91-e472c79b2e1d,2
9574cad0-79a9-4b51-929d-d886b96b15dd,a91f70bb-4cf1-45d3-8ad7-5a5364a476ab,4d0cd76b-5992-4b08-a556-68b0b5b4fdd9,1
130f890e-b480-47f0-8d8a-e6c24535ff09,2b4575a7-cd2e-4309-b383-59cdb7dcbb2f,7d0ef134-f9d0-4cb6-a63e-dc4e440c1be0,1
3d6d7de3-e88e-401d-92b3-af420fc4fc4f,e55e0b60-39b2-49b6-b0d4-f5bf07aae130,de01375d-2bd2-402f-b2ed-dad4d789199d,2
3be3c925-4173-47ab-ae76-855c354a141a,59a617f6-f092-4dac-9e9c-7260eedc0cad,f4d55996-c77c-4a03-95e7-08ad380f8a34,3
948b8052-4f50-44e6-9ee4-4df28af6e835,0ed6ddc0-2c32-4d98-aed3-f508ad222cfc,279c5d31-58f1-4527-85eb-ebd8a815aac3,2
89bd5746-00f6-405b-bcb0-23d967363901,a0a42da9-f4f2-48e1-86bc-1b5d6898e2af,d529b89e-02c4-4134-9305-f716c71b9988,1
9e603e19-5712-4b58-abc0-06608f6a10ac,24038a1a-e0b7-4eac-b3ff-b2c8f02876db,31c3597a-7ce7-4017-b2ef-61485fd9a7cc,3
089b29c4-6510-4389-acdf-72b2b59c40c7,38ec4e75-cccd-4639-916a-eba0c1ffdab4,ced41916-f2ee-48b9-b5e6-99ecf108f0e5,2
799c5979-3d31-4c87-aa0b-dba349e471a2,31e0a726-0aef-420f-a25b-21dade0f4a2b,6a800f33-c65d-4b09-aebc-67ef70b47578,3
be8aec31-d30e-4c5b-8417-1e0ae6a98530,f06be416-9966-40a9-b68a-3ec5f76b0901,caaf0fe3-421e-49d9-a006-aede18cefb11,2
761e5d6c-06ea-4931-a07e-94209a96d53b,44bc2f61-ff4e-4c8f-bec0-0ebf860c4425,bca71a29-a853-4f73-b2dc-965e6055c746,2
8fae8bec-adeb-4aba-982f-027cbf95b4e0,bf276088-726d-4033-9561-833883ec738d,4d0cd76b-5992-4b08-a556-68b0b5b4fdd9,1
2549a89e-6157-4ec1-80a6-3c5e76348617,b7c73267-6585-488b-b4a2-871433fd254b,c9f46531-d3f7-4d1b-a5b1-ed67e616ed62,3
8bccba0a-9da6-4a0e-8e62-d62541100ebc,f3a1a8d4-5edb-4ddc-9a0b-a2d322f48c4e,08f99e79-31c9-405a-9c94-e5a9f5ffe29d,3
b3583af7-85c0-4450-afea-9714546d72cd,1954d37d-6d4a-4be7-954a-0f33d7ee7210,e507b70e-af85-427e-acff-20a536bc872a,2
09e489d6-2c79-4e8c-a351-1aafd0d695e0,7b9599e6-4167-466a-98bc-318b232bc354,4be59bae-064c-4bec-826e-c96ab2c9d6a9,2
c4da310b-8287-41ab-a1fe-206f2e0619c3,8453b752-bdff-4aba-949b-5da54fc74736,f8a8360e-c112-4407-b885-68cbc93c68be,3
76c89f01-66ab-47d9-8d4f-a7b5a3bca4e6,4470c0ab-91f5-489e-abf6-c899f24f7454,279c2203-7292-4fbb-8cf8-f44891441846,2
485aa73b-17ac-432d-b95f-7f03a5e65ce8,4edf6326-911b-4a6e-8593-6f079c8022be,a08d90f7-7cf9-4915-998c-5d48621813bf,2
744124a5-63ca-4d8f-ad7b-b9792d348675,8d2cbe01-f80d-4d10-b123-40f2c9b99109,9cf97cca-0ea5-4aeb-b239-6676eb8aa407,2
15477340-b57f-414b-9f4f-c4271ee51b79,ddcb6505-ac86-4546-8309-6e1bc2513189,3010377e-ff81-49b5-9072-932712bdabc4,3
58503e78-4711-4678-9f84-fd53b531dde6,f2323e3e-6f53-4f94-8ee7-ea6ea888e186,fc5a19a0-7f0d-46f4-bcd8-0530c5229059,3
23ed6d81-fec4-4426-a4b6-9a45ed903f5d,d7d4ee43-fd88-4527-b645-137d536cf714,80d19c5b-2dce-47d3-a8a0-fbc9c3bd600e,3
0f80ac02-f94f-47bc-bd06-1cfcf9a0aea5,fe4aee09-68e1-4cc4-b164-932ae96bf3ff,672c4582-ec94-4606-b4f3-22e75db33fc4,1
71ad2b7f-3ea1-489b-9f0e-44e8bd109dc7,bd0eabfb-de08-4dc7-abad-1b716ef76b06,6f83b480-ecd2-4d88-827e-b2103d9dfa59,1
be1819a6-509b-430c-97d8-fa38ab18b669,4097976b-d17b-4793-8c5b-19e384c34b4c,28518a57-6b50-4f94-bcc1-cae42336f5d7,1
d7a2c0c1-be7c-4854-af7a-8209125ebfa6,d99a34de-7169-4869-87cb-aba298824a4f,31c3597a-7ce7-4017-b2ef-61485fd9a7cc,1
825a4051-4078-4ce0-b6b6-dc5565704fcf,24ddab48-1fd4-4630-9999-0dba83f19425,9e54eb37-0d17-4465-b41a-63a1442efafc,1
98769b35-44e5-4e60-a1aa-a3fc09c2a1d8,8743f544-401e-4d5b-8657-e107efff5af7,c8180d81-ab58-47a5-b62b-dee2362b147a,3
5800883a-b31b-4a0b-bb02-5fb1ca7ed422,7758bfac-45f9-4b93-927e-4097de2dd3f5,6049401f-ba02-4513-ad31-df49121e8ffd,2
139e66c1-1506-451d-a6e7-b52e5bd60d78,0ff89d8b-6a4c-4b2c-a2aa-57ff9959f1e5,4cab4f2e-2fd3-4fcf-a479-06819c075afb,2
41c4346e-b0b2-4760-babb-f46d7f9a019c,61f7ada2-8356-4afe-9814-cebbe1fbc17a,c1991e50-e942-4f00-be18-452746e21271,2
f669e709-31ad-4e7e-968c-5ca7752a3e50,5ce05c9f-05ff-4af1-82e7-a9924070b5f7,10e149fc-0348-494b-81bc-1505cca06736,3
f7f0ecfc-63d0-4421-8857-83100212fce0,32beb77d-aca9-459b-9ab4-2147415f0a2f,7cc02357-8ea8-4ffa-8887-3d54415021b6,1
7f52835a-dcb7-48d8-9a13-c6fe64b4be41,eaf8f52d-4dc7-46fe-a40d-011bf36db9f8,a115ba3e-04dd-491b-b592-cda021c6f8bf,3
a58bc7ce-ee47-47c6-8bd6-e0db1fc4bd9b,1b974f7b-39c3-4ab1-8cf5-43afea4a7dfb,29874687-7995-44c2-b211-471d32059600,2
ff95411c-4833-4fc4-8e96-3f613385290c,cc0792a9-3f34-42ec-9b13-ab10ff078015,7afa640d-5d5c-4e34-b1fe-54e159fbd787,3
e261eb17-a33b-4481-81c5-c7eaa75d20fa,e435c74a-f06c-41b7-9864-15707385cb97,49c05dbc-ef8f-4d2c-b5be-2c5f9d057c8f,3
2351f4b6-fccf-4dce-8b84-b97ef905c3f6,41589928-9fe0-4332-8d8f-c91e10a70089,c9f46531-d3f7-4d1b-a5b1-ed67e616ed62,1
1340976d-d0fb-4a69-9264-796d98d7b2bc,97249281-4ed1-4592-8ed7-d1ddb25451fd,db465b3b-77f2-4707-b61a-f5f13cbe281f,2
e22a21c7-bf76-4512-9a4f-8e5debc7d6b2,65c5bafb-4a99-4c69-95cc-667f36c84a82,5901502d-429e-4c41-914b-dc73b783f787,2
b7e071c2-a3e0-4eeb-9e78-327696dee916,4bf5b13e-87d4-4bdd-b360-8b96986c9ddc,d529b89e-02c4-4134-9305-f716c71b9988,3
2ec106ba-8096-405f-b9ac-029c46feabbe,f0b218d4-0e50-4729-a890-5f7f9f0af3bb,5901502d-429e-4c41-914b-dc73b783f787,2
0396b75d-ad43-44c2-b38b-104e18c0d045,fded489e-db72-4cb4-9934-2f666e6bbebd,31c3597a-7ce7-4017-b2ef-61485fd9a7cc,2
d0bbe662-47d2-4e91-9c98-650a932c3698,45c55e22-0b8f-49c6-a69d-17f5a8e70d88,ccf72e42-613a-450c-824a-5dcc829d743b,1
fbd9b811-9297-4b5d-9598-cb8b6c6aa46e,44810bba-0b81-44ad-a294-427fb9a41ce2,a910983e-bdda-4915-bd6a-9d05ef1bb506,2
d766b89c-c53b-48f0-a840-98dec72a4010,086d3a27-aa8f-4154-bb33-368f31db7830,149e3c64-911a-4737-b40e-eb3528f3bc8b,3
1a7a042c-d341-46a9-a6fb-d843a5f1545f,b973f11e-de79-4fee-976c-0af14119dc5b,03ff807e-db97-4d2d-bd8b-a41da80edb53,1
f9088f04-4344-435d-84ab-2171a50688d2,6be2679b-8172-4d9a-826d-81477ec28e22,a5a8e64d-fd52-486d-a565-116fb17b05a2,1
72a361b9-873e-48f3-86c6-af39780908cb,3d2b5772-b0a2-4556-9ad5-d89d6f7be879,e5c1063d-fa0a-42f7-b758-8cabd1837163,2
ea361d63-ee1a-405c-8012-da64387c7b17,c39f563b-86b4-486d-82ba-8523c24754c0,501c7126-f743-4a9b-b694-515bfba7c037,1
f5d50ed1-36ce-4976-aae5-9dec127c661b,cd701c44-1d87-4741-80bc-925d87e5a8fd,cf9d26cc-7c2b-4c08-a071-bdd86317faf9,3
1ad42325-edba-42d8-9fc2-d42bece00e45,30f620d9-6861-4cfa-b319-f12e9120f764,a9bb8177-95fe-4c69-937b-860308b4bbc7,2
7ef3fe93-37d4-42ae-9e06-398f331f2d98,056fc642-b739-4d34-856c-905eb0054b59,0b2601db-f7ee-4152-9117-82f4b3f88955,3
85a82568-84d1-4bd2-9dce-df534ff70938,b975ef8f-abb8-40f7-b88a-71baf0050055,c1991e50-e942-4f00-be18-452746e21271,2
cad89bbb-38fc-44af-b722-a867cc73ca15,00b024e9-8f08-4380-8b44-a68f99765ca3,f62064fe-bcb0-4fd1-ab08-0af3b4b20bf3,3
4ff0bb73-36c8-41e7-bd83-83c745107ca6,cae1d0b3-868c-4019-b630-bbe571320433,49c05dbc-ef8f-4d2c-b5be-2c5f9d057c8f,1
a2a56f98-fe91-460a-af99-fb2e2ff7b2ae,bbeb2ac6-5016-45a2-97c4-f132044e9649,ced41916-f2ee-48b9-b5e6-99ecf108f0e5,1
c2b86cbc-bc40-41fd-a679-f80e34a17940,1f9cd8db-959d-4627-b21d-dacb9bff2fa9,fb6d977b-8e59-42f5-bb61-daf7c3258b02,1
61bb0b11-ac94-42ed-9bec-4076360c6168,c7953759-ba64-4a3a-b0f1-a0f400ad87f7,0db4820a-805a-4ee9-b345-b2bba8971d91,2
db6b5d42-31da-4cf5-a4ac-60d16135a3fa,042181f4-abb9-4807-805f-1637c999d65f,6049401f-ba02-4513-ad31-df49121e8ffd,1
386f4d7b-edad-4f39-937d-23d8bf7da30f,8613cc0f-3a10-477b-8d18-b79318fbb3c2,ebda6ffc-b8fc-4e43-9c0b-b3ecb89c40f8,1
4f145c84-cb21-4e51-8f72-ac8fe394e853,c40821ec-5af7-4984-bd93-3d9103dc625e,7c5c2da4-bed0-4552-8981-1734fe31542c,1
620f8a33-e02a-409a-9d63-72dff0869905,7acddb60-0706-4d0b-bcf5-4c0535913d55,22549d4a-d0e1-4df1-b490-87a9d009ad62,3
88eff39d-fd57-4b91-ab0c-68e18415f897,03683c75-6e56-4d6f-8667-3ebd6ddf0854,4cab4f2e-2fd3-4fcf-a479-06819c075afb,2
4a73aa3f-f9d7-4171-963f-9312cf14c32e,c513d7f5-d239-48ee-b5fe-a03ca78b8a8a,3a802b87-946e-4c1d-945a-7b3b8b0e8d3e,3
02cccbd2-ca66-4de4-a38a-0e347ea1302d,ac4c1f60-82e7-43c4-aba6-e5491a00ab56,6049401f-ba02-4513-ad31-df49121e8ffd,2
ecc584a4-05bf-40d6-81d7-96d2b33a3336,76004699-2747-459d-90f7-30dc2cf02bfd,4fc582ba-0afc-41c3-beb1-dcd7266c511d,1
e1c00327-beb7-493a-8ef6-4483af251bca,a32084f5-0021-417c-a239-d3682828e05e,22549d4a-d0e1-4df1-b490-87a9d009ad62,1
67379239-255a-47dc-9dea-2dbd46478bfc,6643f5f5-8968-47ab-8405-a77ba53e9d98,72b897cc-33d8-4aaa-82fd-70b898ca966d,1
7aa0dab8-36c0-4a03-ad6f-056fb5e0ecc0,9ac1c3df-efd6-49e8-9f43-92478ea8c8e1,49c05dbc-ef8f-4d2c-b5be-2c5f9d057c8f,3
c0256e0f-fda8-4829-a8f4-b36fee1a3ae9,fbb4e769-6a59-4e0b-87b6-df8268bf3071,ddc0e2b8-e408-47b9-bb1a-96d00fbd886b,3
58065fed-6b4d-446a-8798-79f6d55a300f,af7f1e94-719c-4bd6-bc1c-717e46c529a3,a651236b-60d9-4ed7-a38b-ac86ddf74c0b,2
8a0f31a6-4fc1-464a-ac42-18f011e666ce,59e43c09-9b28-43f8-8ff9-e8fc01302e92,a755edde-4dd5-4cb9-8fb2-0648a1088a13,1
9325c651-f806-4c90-a00e-3526bb312cd4,760eadfb-35fb-4e7d-aad0-de7fbd78694e,2876e88e-23a6-4f98-93c1-f6655a4fa180,1
25248da5-0c46-4681-8bff-711a6fe8432e,376af81e-4d0f-484a-9cfb-c294a0a17c5d,6a800f33-c65d-4b09-aebc-67ef70b47578,2
d87bf25d-8cde-456c-9249-91c612a7c6c9,ba4ad7cf-6539-4596-bea2-97cbcef636dd,d681eaf6-9d2a-42bf-ab98-8b93afce953f,2
d9d606f0-4d02-4c65-ba7b-e5e80db9b88d,26f452e4-e647-4245-a500-82b39b09e1ca,d681eaf6-9d2a-42bf-ab98-8b93afce953f,1
3a094e66-f722-44a5-a942-d54591bc9ae9,e5165a0f-0f2b-4b04-a134-45a7cc8db647,2aef055e-10e1-4dc8-b936-edc1248a5758,3
5f2bfaeb-2243-4395-b133-d1c709d13207,e74e73d2-0963-4cc4-8913-24ab9bd53129,099c2be8-a55f-4481-8a79-bb81a6f79a9f,3
e2d236b8-b9af-4392-a29a-567c2afaa2e3,2ce7ae9d-8653-4c07-bc45-55e38ea8a34a,36448613-605d-4b93-a5d3-5ef29922209f,3
b5552d8f-de03-4c1f-b376-234a1a8e28a9,775af9bc-aa53-4bb5-ab1e-67f9436bd0bf,7ebb3b48-2fa3-4636-9c71-a698215cf2ab,1
0ae48f10-169b-42db-aa97-90cdb51852ba,dbe4a616-3cfd-4784-9c5e-9b368ce850de,f62064fe-bcb0-4fd1-ab08-0af3b4b20bf3,3
d63a34fc-8668-4702-9d7d-6d206ea64874,716c718d-335c-42c0-ad71-a82faa0645b7,ebda6ffc-b8fc-4e43-9c0b-b3ecb89c40f8,1
3651a3f5-74a1-40cf-ac19-2ccceb82b9a2,360d2962-affd-40da-94c0-5174912ec97a,cab10f6d-a2c3-476b-96be-1839a7917e49,2
02103c9e-7c69-487a-9636-69ad1bc59c34,58396d01-1373-41ea-b13e-d26b6f5eff46,76b6ed8f-ad78-4e41-8256-3c4955941344,1
de12b2b5-a6e2-4453-9272-8049e8ad8f2d,113cc189-c007-46cc-8961-ab6d064906ee,50e19f29-2494-414d-9812-a92c97a38222,3
75cee83a-45bd-413b-afbb-fa50b5865278,4b0aed9d-d707-4c77-8b92-4d7e7ae1bb73,d529b89e-02c4-4134-9305-f716c71b9988,2
ef4bf512-b414-4c3b-845f-bceb5d47d859,c052ce64-756c-4676-9b73-36ecbc4a9b88,d06d178d-08da-4f87-9349-ec16221f5486,2
90131926-28e1-4d86-9fe0-2a7719c67c76,7afc7581-c048-4e80-b1c6-d597bd32d87a,ced41916-f2ee-48b9-b5e6-99ecf108f0e5,1
05ac76f3-c30d-427b-8eea-8ff6b3c547f3,6635d047-9952-45a0-b19f-4ed68705e58c,4be59bae-064c-4bec-826e-c96ab2c9d6a9,1
73c8442f-7673-4428-9eab-c310858fbf91,c96d372e-517d-4beb-b2bc-5eb5e5b5556a,7d0ef134-f9d0-4cb6-a63e-dc4e440c1be0,2
c1df76f6-91f7-4b6f-a526-64722e5c7434,5031d59d-9729-44fa-a3cb-8f04443e4abb,4d0cd76b-5992-4b08-a556-68b0b5b4fdd9,2
181e8c47-308c-43a2-a9c3-85dff0816a4d,70d1060e-2ca8-4a24-a9ba-b7326996ded0,caaf0fe3-421e-49d9-a006-aede18cefb11,1
73b1e23c-bd25-48fd-bb0e-62bdef68e608,026503e0-739f-47c5-83fc-60db629cb03d,a115ba3e-04dd-491b-b592-cda021c6f8bf,1
bc6aba00-3687-4781-b732-cb5838b41f1e,71b0d106-518e-43f8-9d20-00b1a6cdc3a6,a755edde-4dd5-4cb9-8fb2-0648a1088a13,1
5b18ff8d-4013-4b2b-9273-7de784f77b63,63fd9fb9-4d15-4efa-a743-02b18de3cd55,31c3597a-7ce7-4017-b2ef-61485fd9a7cc,3
f24590eb-f127-4696-a927-af9973a0c4b6,574385b3-c02f-4356-be2a-9b1a1fcc26a1,22549d4a-d0e1-4df1-b490-87a9d009ad62,2
4f92c42c-11a1-4a74-9930-63ab5191616e,313ac82e-c35d-40eb-bbd7-985ec814da61,d529b89e-02c4-4134-9305-f716c71b9988,2
2c319ec3-27bd-4b0e-a005-46148f652ee4,d54a9665-5f19-4f8b-a829-d26fa471e01a,50e19f29-2494-414d-9812-a92c97a38222,1
8a0bc4ed-7079-42f7-96b8-f893308f13c7,723491d1-bec7-42c3-a65b-7b7e75200b6e,d74e376a-686a-45af-af18-941b8fcd745e,2
7d332343-a132-4b9b-b607-7f0386844cff,8d19abeb-b9ea-4502-9ba6-856f5111ecac,de01375d-2bd2-402f-b2ed-dad4d789199d,1
cdfb3d76-17f3-4e90-a40b-80f56b8d92e6,f0085fba-a778-44f5-a7bb-4146164af77b,12fd588e-17ff-4b8d-a866-9934a6861df8,2
e6d86523-f76f-4274-998c-ead05399f188,58cb02ec-e68b-434f-9eaa-151c310007c7,02d7b992-f1fc-4a88-b765-a595642d8241,2
df0d61d9-912e-497a-ba88-bd94ca8fa23e,984597d4-3e3a-4c90-992f-e7fc678779b9,6f6b36d9-dcac-4c1e-b66a-e2684ee4c6c7,3
18568ec3-55e7-4185-b91d-9d03d7976007,c76aac55-93bc-4b69-ad10-36220b434dc2,f62064fe-bcb0-4fd1-ab08-0af3b4b20bf3,1
55628357-0bcb-4c67-9af6-d9a9cf46f59e,cac78c78-041c-41bb-aeba-db722a685d62,31c3597a-7ce7-4017-b2ef-61485fd9a7cc,1
9a13c135-26ee-460e-b023-e908239284c5,22520a7a-80b5-4890-8ee8-edde3a92ff79,a0fad330-fd48-4734-8c27-0c17efc1525b,2
deb90a69-f9e2-4875-bd0f-aa16e6eb4bc6,89913649-fb36-4100-8107-e84c00bba99b,bca71a29-a853-4f73-b2dc-965e6055c746,2
55dee22a-3a3d-425e-a003-73664c697ba6,9c0e0562-07c6-4e08-b607-2b59e4b4112d,0b52e799-177a-4336-b956-efe8fa8f23a0,1
0328127e-778d-4f9d-97b1-3d203e826394,f1126297-0740-4476-b56a-84264392b6de,d74e376a-686a-45af-af18-941b8fcd745e,2
f03347c3-8464-4b76-804e-94ba2aa6aafc,c5cac9ad-5e47-4a28-a2b6-b499502a687d,a25b830c-fbe1-4e75-8026-fdf153a905bd,2
8f6f74a4-655d-44ab-a4ff-42d1630e63a8,81d2382d-e123-44c6-8924-e3a6b8f6cc96,a0fad330-fd48-4734-8c27-0c17efc1525b,1
bc0c19d5-8e27-403e-ae7c-5b4858a844b2,d4c0a578-a7a0-48e8-abdc-34e992f58b06,f9b2820c-40a1-4769-83c1-37bdfae45c99,1
c0390d67-ab74-4828-8f8d-163c86946e57,d9e83638-af61-46ad-9cb8-eaf14f3b12e3,10e149fc-0348-494b-81bc-1505cca06736,2
9ab297e6-faca-4354-be07-e54e66141030,a4b813cc-5cba-4203-a90b-86ba74774d0d,f24cbd9e-ad3e-4e9d-9de5-7c4fa89e8c88,3
c72e5750-b7c9-46ad-937f-57d44d8f270f,e36f3f9e-6d8a-4e97-939c-0a0987811c72,b784392e-33f6-42dc-ad3d-a36bcac89a8d,2
51b77141-b80e-407b-986d-38d3d48092ca,e96d7c0f-c3e8-4634-a799-98de1095ffe7,57194cda-5324-44a3-b5a3-64a011c2aee5,2
a0717901-df16-4e5d-a604-8de9e40c764b,b3c6d55d-27b4-4048-8cb9-9173563eed30,7c5c2da4-bed0-4552-8981-1734fe31542c,3
802a565b-27ca-4932-b9e0-2470d09c5c8a,72b36285-9bec-4039-9e84-e97aa3ea77a6,03ff807e-db97-4d2d-bd8b-a41da80edb53,3
3bd8bdc6-a64d-424a-81e7-98ebe4ab8e5d,986843a7-b5d7-4b65-8019-bf48ee2d2358,d74e376a-686a-45af-af18-941b8fcd745e,2
1a5a8fc6-b956-4735-8171-918eb9784b60,7c277f29-5199-4b9e-a4c2-8d90ac93f6d5,12fd588e-17ff-4b8d-a866-9934a6861df8,1
ec0ee765-94e7-40c4-aa35-90d14b0aebb8,fb4304ca-1e08-48aa-9396-479eee020374,7afa640d-5d5c-4e34-b1fe-54e159fbd787,2
f792b9b9-0876-4354-9652-c98a363e6abc,94b7a6d5-e35a-4f56-848e-b63d1dfddc64,b784392e-33f6-42dc-ad3d-a36bcac89a8d,2
f1fa4255-aff5-46b7-83cf-98bab8c00a78,f600c84d-1ffb-4fce-8e4b-3b8b716ac804,f9b2820c-40a1-4769-83c1-37bdfae45c99,3
fb9295df-30bd-44b7-832a-6447fae7a5c7,17bf0dce-cba0-43e4-8a45-effc83beb151,22549d4a-d0e1-4df1-b490-87a9d009ad62,3
95882869-541d-4b32-8809-97f8589a0578,054bec3c-0c2e-4a94-a5b1-37674af6b026,a9bb8177-95fe-4c69-937b-860308b4bbc7,2
92ded7cf-70e3-4543-8c42-7c612bacbc08,4755e62a-1bf2-43a3-89e7-27e21cdbba15,cab10f6d-a2c3-476b-96be-1839a7917e49,3
cb3c4b12-0034-4374-aed7-6d7a3e61fcbf,9afb314a-0b98-4cb0-bde5-19ee2e1e92c7,308a3547-4187-458e-8868-3df5f39bb3d9,2
1b4937a9-93f6-49a0-91ef-4e48ca34da69,f2f9b35d-38f8-4dae-a050-f4dc2710f96a,a9bb8177-95fe-4c69-937b-860308b4bbc7,3
d45e4bfd-ac05-4e14-a3dd-12e0571e19d8,16de4e71-c012-44ea-a179-bab740a2102d,e507b70e-af85-427e-acff-20a536bc872a,3
74aacd06-a454-44cc-9ffe-2d6bf53d8a4f,c353907e-f805-4141-9bad-ceba906552cd,28f23ead-ed12-4feb-9636-0777eb328182,1
8da80417-3947-4d14-a514-5725a6824810,01d20f97-bbf3-449f-828c-c78e2e2f6a8d,e8727c3c-813c-4eb9-a67f-43d699df5dd4,1
4509173e-3408-4fbd-8744-7592f1b63cfd,634a770c-f086-444b-b5d3-d0d17568ef9b,15a5dd8f-5d97-4ee9-9a38-ff2591136343,1
c7e903a7-4ab1-4197-bd8a-175edfef8b64,d981857f-fe5d-4bcc-a2dd-00977a420499,149e3c64-911a-4737-b40e-eb3528f3bc8b,2
14b703df-ab93-4029-af1b-b88d79ccc42e,22545a7d-8bed-477c-abc5-1fd9401e541a,d0e563e7-a062-415f-8219-1d9931fcecf1,1
e0431466-4549-4797-8b83-c99a9b21b52d,8e2be11a-696d-4c94-af6d-a44fc10b54d0,7afa640d-5d5c-4e34-b1fe-54e159fbd787,2
18a87342-42d1-4ba6-99b9-425663f3b86f,87fa36d4-0289-4852-9d69-c9912eea1b5b,08f99e79-31c9-405a-9c94-e5a9f5ffe29d,2
5ced4043-cc45-4ae0-a447-08dfbf4a5831,f55deba2-e047-460b-a691-b56819db375e,0bf9f23c-b443-467c-90a0-6fa16d0fa658,3
f3226a0e-3b7d-44b4-b91f-eef3cc69babe,f617cd2b-9914-48dd-a9f3-0b35c660794c,f62064fe-bcb0-4fd1-ab08-0af3b4b20bf3,1
eb896a55-d571-4c43-b832-b2b4c5bd5524,dc1b20c6-c9d1-4d50-9b25-3e115bf1167a,7ebb3b48-2fa3-4636-9c71-a698215cf2ab,1
d1aee978-897e-464f-a021-17bc62520647,abfac5d4-273e-4708-ba50-6f363dd2782b,d06d178d-08da-4f87-9349-ec16221f5486,3
e4cf5b74-46c5-4925-bcdd-8d05e88ea937,98c0303b-8def-485e-8d22-74e4b594562f,f0ee770e-8e3b-470e-aba0-40d2f1d643c2,1
f56fdd29-b2f3-48bf-a478-04d399acf838,fc347367-f265-44ac-b415-c9d41a5c0b35,0e6e60de-7e9a-4771-aabe-b57a5fd99cec,3
871aee3f-a53c-498d-ba34-35f94a781677,f9ceeeca-25ce-4c49-b19f-84af4230c4ce,f9b2820c-40a1-4769-83c1-37bdfae45c99,1
7de373b8-e056-4e3f-845b-b907f28f8f9f,1bdfbab0-e3e8-4361-bbce-6410d0952564,4fc582ba-0afc-41c3-beb1-dcd7266c511d,1
109c6bc5-7824-486b-8184-a12e0514d1db,130ea6a0-95e7-47c9-8c7f-70d840484cc3,6a800f33-c65d-4b09-aebc-67ef70b47578,3
c601a5fb-f891-4090-8bd9-d393c381bcfe,b4f18444-fcdd-4247-bfee-a649b68b05ef,4fc582ba-0afc-41c3-beb1-dcd7266c511d,1
e745c0f8-5bf3-43eb-8412-09664c90fdcc,ed186cb5-d274-4703-8310-20b1ff7df7d9,2f95b2ac-04f2-4290-b8b5-60005c4601a1,2
91e99d3f-1b53-46c6-bf52-159db1681fdb,6455eb67-0ec0-40df-84bb-19ba1cd96c5f,49c05dbc-ef8f-4d2c-b5be-2c5f9d057c8f,2
6ca55883-09a3-43f3-bc9c-f534bce1b5a1,0594ef75-59e4-473a-a5c5-c29941d54b34,4c730fcb-7a34-4b0f-9e0e-3202214c49eb,3
5c0ee09b-c473-4a4e-99e6-ab9abd7cf6bb,38e4456d-88eb-4b51-8634-9e98ba048a65,81a8396d-6ee7-4a59-aeb2-2337497919a6,2
a940e697-3252-4963-aa76-d29d4a47f3e8,1f0bfb0a-6a31-4607-8fa0-38e4a5497d0f,15a5dd8f-5d97-4ee9-9a38-ff2591136343,1
94cce4c6-ddb4-4dee-8fed-898ec16aec59,b11368f6-333a-49ad-890e-c491cf13d291,57194cda-5324-44a3-b5a3-64a011c2aee5,2
286b4a1f-1b89-4509-912c-4ec1f1727716,b409e255-3fd3-4fa6-ba68-d5b5e006876d,69a4a524-1dc3-4a38-b182-fae0426d7754,1
a64cd3e1-7051-49d6-a5c1-b13186aadc47,93f287e8-023a-4b44-b983-912d6aafc9f3,4d0cd76b-5992-4b08-a556-68b0b5b4fdd9,3
3571a8cd-0a81-4de3-820f-ba9d634ffdf4,96badfdd-efe2-4a0b-88f9-4f5094b8b2e3,d1536aeb-f6dd-45f0-95dc-2de377b9b782,3
136887ba-d2fa-4bc3-b5c0-a7ad9539b511,fb6e9e72-8dc2-4a32-a880-3009315ae0cc,de01375d-2bd2-402f-b2ed-dad4d789199d,3
010d56a6-0cae-428c-957e-182d8971a16a,24b3d715-9269-4a26-aa1d-4f061ac2afc9,49c05dbc-ef8f-4d2c-b5be-2c5f9d057c8f,1
8d54d999-9724-4dc7-8981-626186a1c75b,14cdf061-5aca-426c-bc6e-bace6b0d0ee8,c31dc40d-ba47-4631-ae91-e472c79b2e1d,3
f3beac00-9043-4cae-a860-764e7bd6fcbe,5345a352-4a95-4a42-9b2e-3284921cd8ba,22549d4a-d0e1-4df1-b490-87a9d009ad62,1
4d51b5a2-1dc8-40bb-bbbf-fcb5f6296745,134cd43e-4bcc-478b-bba9-f4ea4b03e536,a9bb8177-95fe-4c69-937b-860308b4bbc7,3
f3397c5f-902f-4a81-b975-0a0681b7967f,eda4e11d-372c-4fc5-a635-692e47b302d0,fb6d977b-8e59-42f5-bb61-daf7c3258b02,3
a2d9f869-e50d-4091-a4d6-da9c971de980,bf4a4bde-9b0d-4ee1-90ae-0c6990ea2013,2f95b2ac-04f2-4290-b8b5-60005c4601a1,1
e69aad79-be0c-44ad-b7f8-0753607d9a49,6f795828-f3b7-4255-8bf4-999e6decc001,3010377e-ff81-49b5-9072-932712bdabc4,3
01988fe9-f1b7-4f5b-9fe4-4824966c29bf,a33423ea-02ac-47b5-a653-23fab0e8db0f,143ad2c6-7ecc-46e5-9828-ae4c4f92e3f9,2
739804f4-3516-4fd1-96e4-52625385b456,1e827a35-dcab-4695-9e43-77636984a415,97648fdc-9dfb-4b3e-8dc0-f10d9287bdba,2
905142ef-f6bb-46af-a079-a03c33d11958,deecc190-c6b6-4ac0-b791-d05b7611c704,a9bb8177-95fe-4c69-937b-860308b4bbc7,1
b079f2c9-70fb-45e1-85fd-91996b7bdd32,286e841b-e6b5-404e-aabd-6c40ff43c50b,28f23ead-ed12-4feb-9636-0777eb328182,2
723d16cb-7836-4677-8469-e58afd308e35,683200f1-3f85-4296-9e6b-b7683068d6b6,c8180d81-ab58-47a5-b62b-dee2362b147a,2
69c514cb-f956-4b90-86d6-fb0f2005e170,86d9e7bc-638e-4ea8-bb71-7685aee07629,0e6e60de-7e9a-4771-aabe-b57a5fd99cec,2
bfad5064-e739-4374-b50d-5c3d9a92fb50,dfb71ec2-c282-4004-9203-406df046d757,0bf9f23c-b443-467c-90a0-6fa16d0fa658,1
19674154-c9ee-45ac-880f-cdd6606dac25,5b88eb20-8eb3-405b-b4c9-444e976a50d3,9cf97cca-0ea5-4aeb-b239-6676eb8aa407,2
cc5252da-4c04-4201-b223-80b45875790f,b71ab50c-ed61-42f8-b8dc-6e75c60e2e68,7ebb3b48-2fa3-4636-9c71-a698215cf2ab,2
67343c3f-e2a8-45df-8867-f2b194e9614a,f262ab00-d6bf-471a-a0b8-463cbca424b6,0b2601db-f7ee-4152-9117-82f4b3f88955,3
d5cd99ed-1a37-4963-a49a-c4d78c8ff16b,99bc4cb7-2f2b-449a-b5bf-c8d5558dc9f4,935ddc28-373d-43ff-a088-7f16a66a5ffe,2
b7dcdc75-e07d-479c-be4d-35d8bc0c7e25,4d97509d-6cc2-4592-aa29-18305a7212d5,29874687-7995-44c2-b211-471d32059600,1
b946fe2f-6bdc-4fcf-a3ea-03d7bfd183a0,32c64b38-e0b8-4c2b-8bfe-4619c7b88cf5,a0fad330-fd48-4734-8c27-0c17efc1525b,2
5e8d142c-dcb8-4add-be58-a365bcb53834,83927fce-f4bd-42e8-a82b-51a7840160fb,d06d178d-08da-4f87-9349-ec16221f5486,3
00f79725-6c56-476b-8536-1dbaa88853c5,0e1bff49-0ca6-4e02-a5ec-b4b7bfe0f595,ee4c6ad2-6ea2-406a-bafc-d25b9b39a038,2
d9143e74-1b11-4833-8783-e4df973a6bf8,526e769a-1b33-4349-bc9b-7348aae2300e,f49b6c7f-1859-49eb-ae36-7fcd89943378,1
f8aeab16-e206-485e-b6ec-43597a51e6db,c2599eb6-541b-42b5-a4d0-132c9a6e1a80,e0c71a05-519d-4c12-a76f-448ffc1cb9d3,3
12e90456-0829-449c-b7d8-2483dff6f5f0,1d655a87-d210-4382-abc7-3ba70139feb0,328e4a9b-959b-4a03-afab-211794fad351,3
a2dc8777-9374-4a60-9f3b-023f97d34482,6035c74f-ff89-47a2-bc09-8e994ec32809,6a800f33-c65d-4b09-aebc-67ef70b47578,2
bdf9136d-ce2a-44ee-ad51-5d060486a844,d8be865a-3d13-459c-9568-ac21eb88403f,501c7126-f743-4a9b-b694-515bfba7c037,2
f3f725d3-9b18-4744-bb37-7e9fd0dd5a96,baa52dc4-3c76-4dcd-ae59-9f55527be574,97648fdc-9dfb-4b3e-8dc0-f10d9287bdba,1
a0819a56-60d9-4722-88cb-10a177be38e3,a924331f-db5e-4fba-8d5a-ce8030448a69,fc5a19a0-7f0d-46f4-bcd8-0530c5229059,2
a4611ae9-94a5-438e-9232-90ff04e32996,2198448f-e5e1-42c6-b0f2-7e340d8a389f,cf9d26cc-7c2b-4c08-a071-bdd86317faf9,1
48266f88-7edc-41aa-a978-b7553889ff3c,bebc18f8-33e9-49a9-8bba-8b014260e5a3,97648fdc-9dfb-4b3e-8dc0-f10d9287bdba,2
c506a219-2c64-4ddd-aaef-c5722f66c614,b4294b3a-7609-4290-917b-1eee349e0847,36448613-605d-4b93-a5d3-5ef29922209f,2
09c61938-b495-4baf-aa82-5584d28ddf5c,3f79a2e5-ea28-476b-a3ae-c8198fe8a21d,97648fdc-9dfb-4b3e-8dc0-f10d9287bdba,3
3375f4d9-107f-49e7-874e-382296848f22,025072fe-1bf5-4842-b7c0-4c28b7a5f0cc,ab508650-43e1-454b-a19c-22bcbcfec332,2
4b3a1ee5-7112-4dbd-a751-614526ef395b,41986a8e-c2fd-4a6d-bb4f-1de5b61d9133,5eeda2b8-169c-4573-a595-c3bee605b184,1
50fd435a-a215-40d8-88fd-a76b3219cddc,e931a163-f55d-45ef-8a04-80dc0028e98d,4234721c-5fb1-4303-9fc0-37e8a8e6999d,3
e9b8850b-7430-4558-8fbd-8b9474eb86ca,31821f11-3d86-4c07-ba0c-35805869da07,72b897cc-33d8-4aaa-82fd-70b898ca966d,3
e591ccef-141a-43c7-8116-6127213f21f7,3b944847-9be0-4c23-a94e-325357dd59d8,099c2be8-a55f-4481-8a79-bb81a6f79a9f,1
9a969f60-7b7a-48d9-950e-b9e413502fcb,256125e6-f967-4d14-b070-37c4899e4e91,5aaf174f-0a76-403a-b3c0-6dffe99b13c9,2
33f446fc-b3c9-4a5e-8e7a-58aebc201c18,fa3f1e4b-bc1a-4d69-9f99-cd363655eacd,a0fad330-fd48-4734-8c27-0c17efc1525b,1
d66c3f26-7dca-4d28-9a6d-9fda29ae98e3,51521b42-a691-40f0-9984-8cffbe6a2cd3,49c05dbc-ef8f-4d2c-b5be-2c5f9d057c8f,3
92af3fc7-3cd2-4eea-96a4-4b834c9a8d20,e7bacf46-3f27-405d-a71e-a27aaef73274,4be59bae-064c-4bec-826e-c96ab2c9d6a9,3
f8cfddfd-8ed7-421a-af4d-d7ec6b37b84c,44736e51-6b47-4c2b-9fb3-396182ffa817,984ace7a-e291-4c9b-8a8e-2d2ded4e1d24,3
ca131d7a-0c46-447d-afc8-0268a1f02fb7,e1fb2bf8-0bf2-4411-bd7c-bc272b8392ce,7afa640d-5d5c-4e34-b1fe-54e159fbd787,1
1976ef44-8e3a-44ca-b0f0-e6bf18bb5fcb,714c699a-989d-4ea4-ae95-0070d5ae8499,0b2601db-f7ee-4152-9117-82f4b3f88955,2
4c57119d-39dc-4d63-8b15-7480a72a65ea,7ce8b040-eeb1-42a4-9e14-83bd5d3895a8,979d0be0-8b4b-4268-ba6f-f0ab57e20bc5,2
5961ec53-9c58-4d18-ad17-672bb6e43fba,63fc1c47-b801-45a4-9f70-42b5d2c6932a,b95ffad6-1b8b-4812-bb9f-b413eddb7de1,2
43f5747c-a650-45cb-bb16-6ad2a3d8a89b,dd28eb5f-d0d4-415a-9c4e-89fc25741443,db465b3b-77f2-4707-b61a-f5f13cbe281f,2
e2c58822-61e9-4deb-a70a-749bc25481ae,2afae3f9-5937-4553-9a56-3bb1c4907785,31c3597a-7ce7-4017-b2ef-61485fd9a7cc,3
bef41f1e-584a-4e1e-9731-5a452ae6a86a,fea31805-51cf-4366-ab04-b91e195602ab,2876e88e-23a6-4f98-93c1-f6655a4fa180,2
1a0639dc-989e-4475-8f7f-01f0a6511000,300467cd-ce4b-4b1a-8154-2f7b74180832,672c4582-ec94-4606-b4f3-22e75db33fc4,3
d84e84f8-8a03-41a3-93fc-a797b66d9d68,1b41f2a1-a92d-4a5c-92b9-fa0c9c076508,7c5c2da4-bed0-4552-8981-1734fe31542c,3
8b4e6271-78d0-47b7-8a4c-229afc37d13e,32a46ea6-2aaf-404f-ab7d-498123c7948e,a0fad330-fd48-4734-8c27-0c17efc1525b,2
9ee665e1-e6b2-407b-9d52-e736265ea185,7477ef75-14e4-4c1b-b3fc-e609151d748e,c8180d81-ab58-47a5-b62b-dee2362b147a,1
4310812e-e14f-4c0a-8bc1-6d1347b9d100,bbe47ca4-0509-4053-90bb-4313adfa747b,0b2601db-f7ee-4152-9117-82f4b3f88955,1
07501c47-a9c6-4c16-bcdb-10d967ea76fc,ab57bc8f-96d9-4908-ac9f-74e6c9d15e26,cf9d26cc-7c2b-4c08-a071-bdd86317faf9,3
553389fb-c826-410b-b894-d872afafb98d,8e9f71dd-c832-4176-afab-66711c7a6599,2876e88e-23a6-4f98-93c1-f6655a4fa180,3
efe47164-1b75-483b-887e-7e6e85a4c4ad,e05f0d87-cdd2-40a5-9e1b-77263c28f0f7,fc5a19a0-7f0d-46f4-bcd8-0530c5229059,3
1e355843-da24-4bf5-bb61-1d141d885177,bde9d448-dce0-47ef-8b88-f0dff6653fef,db465b3b-77f2-4707-b61a-f5f13cbe281f,3
0e8b6b69-0ef5-4012-98da-11bf80c29d99,ca7afd07-65cd-4c81-b27d-3fb6cdcc44e2,549cefb4-9860-4e18-9165-1daa0dab640d,1
51204b3a-9020-4fb7-86a6-7fe4861c1835,6dc0ac83-a96e-46b2-97e8-58bfb5461e29,4c730fcb-7a34-4b0f-9e0e-3202214c49eb,3
ce640cd0-fe19-40c5-aeba-d519dc92a1ea,a2483bb9-9ec2-4c1f-9225-09eba80c0374,57194cda-5324-44a3-b5a3-64a011c2aee5,2
372dc9f3-89e7-4224-86dc-6276263bf716,4c3cf051-9c66-4801-b9bc-0b5223f18dea,207a8cd4-27ff-4aeb-8a08-53675185c7c5,1
122c4a5d-f321-4efd-8295-46ebac193978,b8f8b6bb-11ef-484c-9aaa-92d67d3b14f1,80d19c5b-2dce-47d3-a8a0-fbc9c3bd600e,3
90b73ff4-03c1-440d-afcd-f7705cca72e9,2f86d206-d8ec-4189-b91b-59091dc7b324,50e19f29-2494-414d-9812-a92c97a38222,3
8db5142b-6751-4996-b9fa-d412430464e2,dba3d7a8-b3d6-43d1-b353-47f26898138b,e507b70e-af85-427e-acff-20a536bc872a,3
2991918b-c533-4b73-bd05-88f493f3ae2a,37bd437d-e2ff-43ea-8fee-d8cdf8e53f99,935ddc28-373d-43ff-a088-7f16a66a5ffe,2
f10eb0e1-ab91-4c0a-82de-1a09ad6a468b,9b275d9b-dfb7-4c91-8d95-94e1acb3f963,cf9d26cc-7c2b-4c08-a071-bdd86317faf9,1
76e0e50d-2035-4e60-876d-0ddc142a4e81,770ccebf-2803-4939-abb3-b3aaff88e6ea,2876e88e-23a6-4f98-93c1-f6655a4fa180,3
9f5648f3-1e68-4a1f-acce-0b70b2457737,6120e6bf-0af2-4dfd-b172-0f8eea3be612,207a8cd4-27ff-4aeb-8a08-53675185c7c5,1
4c7ce172-9e78-4f84-9779-d41e31343489,a8e9a9d0-6ab3-41aa-a9b7-39dfd9e4db20,a6965682-ac74-4da2-bc29-4b81e62e8a18,2
291c769c-0f5d-4b52-927a-ca810bb2adfa,6f7b20d2-6162-468c-8d95-ef4f6c71b2cf,c3e37844-7894-42ba-9f15-6b3aca70d66b,1
de6fea9c-35d4-466c-ad31-bbd4455a58c7,307cfe17-f249-4e40-9192-499a5f0bd3a6,a651236b-60d9-4ed7-a38b-ac86ddf74c0b,2
9074b5b9-db3f-4011-a2f8-79fae43590a2,d552779a-5eeb-40f1-9cbf-0499f1198b5f,e8727c3c-813c-4eb9-a67f-43d699df5dd4,1
c6f3abaa-da99-473e-a1f4-5f4622c46bdb,c7466350-3ab4-47f7-810c-f1f897bd2443,10e149fc-0348-494b-81bc-1505cca06736,3
ca52b2b1-9d41-4981-8fde-eab8e8bb3fc5,5713cc9e-f968-47c8-910a-60a331b4e851,0e6e60de-7e9a-4771-aabe-b57a5fd99cec,1
d7396bba-0fdb-455c-8d24-200f3aefba84,19add435-3f7c-421c-9da3-7413e24768b6,935ddc28-373d-43ff-a088-7f16a66a5ffe,1
b31226af-6489-41a5-a8bf-20b24d5e22f8,1e5b5adb-5115-49ef-a91b-09d5d85e8533,7cc02357-8ea8-4ffa-8887-3d54415021b6,2
ab1fb9bc-f8af-44ca-8523-1149000db8b0,07dc2051-94e6-4296-ae3a-014a87c7f18d,7d0ef134-f9d0-4cb6-a63e-dc4e440c1be0,3
6bfb580c-cf8c-4215-9a7d-42ed2a79839d,0bc5967b-fdfe-4791-9e1f-c9efb40e0894,e0c71a05-519d-4c12-a76f-448ffc1cb9d3,3
4914f3c0-e31f-4e58-8201-90329886142a,c7cc5fe8-e074-4357-9028-56e167b1e6a2,b784392e-33f6-42dc-ad3d-a36bcac89a8d,3
2d5027e0-ad8b-49ab-b616-29566212ff21,86e5fad0-5fc8-4a0b-a956-4b7eb856e30d,7c5c2da4-bed0-4552-8981-1734fe31542c,1
7539e4d9-48f9-4bd3-90d9-ac3a4dc20e38,ec5063a4-730f-418d-8b95-c8b5d91d4451,979d0be0-8b4b-4268-ba6f-f0ab57e20bc5,2
40e4f04d-d643-4b67-8d80-4a1c905e401f,b3feb763-b531-4dd7-b8c0-b1944b915b17,0db4820a-805a-4ee9-b345-b2bba8971d91,1
56f9338c-d3e6-4db9-943b-2a8dbcc98b27,956870ae-3570-42c1-a744-50bb22f42e0b,d529b89e-02c4-4134-9305-f716c71b9988,3
e4077469-4a0e-43b3-904a-aaa4fcbc863c,785e24fd-59f7-406b-ae33-026643d846a5,549cefb4-9860-4e18-9165-1daa0dab640d,2
8c507b01-c26f-4109-b10c-9a077807def8,893055e1-6a41-4950-b1e9-0791603b160e,47dba4b0-084d-4ae4-9dd8-4e9f14c83daa,2
9ae2256f-4e5d-47d5-a688-b4cb1e93208b,8cf90958-da75-4892-8269-6ac18b85036f,e8727c3c-813c-4eb9-a67f-43d699df5dd4,3
92a10a80-2cac-4191-8caa-53d8d8d7eb2f,fce9a6fb-246d-4fb0-b041-a35a5a319c5d,d681eaf6-9d2a-42bf-ab98-8b93afce953f,2
ad5af0e2-6213-434a-b67a-0ca6ee610507,22ec34c9-67c3-498e-9614-8bda51f9b063,d0e563e7-a062-415f-8219-1d9931fcecf1,2
8b76667c-a156-4344-9333-cf2fba07a3cc,bb3a28ad-5d0a-45b6-a20f-77feb0228e11,f9b2820c-40a1-4769-83c1-37bdfae45c99,3
c51497d6-7a9c-4619-8b69-45e03be78183,a34d3a12-dcd4-4602-b307-c147ffece6a3,ced41916-f2ee-48b9-b5e6-99ecf108f0e5,1
ea1077c6-079b-4dc4-b4f1-dec18d4a1104,8d904747-d445-4cd1-a007-5da4ee9bc60c,b95ffad6-1b8b-4812-bb9f-b413eddb7de1,2
50c09456-5703-47c7-8029-1ff49f888405,4734f1d9-acb0-48a3-a80d-51e7fe756d54,2c4aba23-cf91-435d-8953-ef44f1097dd5,3
5ce36e03-c124-4ee9-b632-63c22f77a73e,532251e3-ea49-4170-b435-6cdfacf1b623,b95ffad6-1b8b-4812-bb9f-b413eddb7de1,1
5e4e3acc-3a6c-4788-ae75-6aaf585850e8,7de087b8-865f-4f8e-ba16-24846c0a82bb,f24cbd9e-ad3e-4e9d-9de5-7c4fa89e8c88,1
45feb261-11e3-4d34-b765-c4a4975f4e7a,3e580433-bb4f-45d8-81f9-781f9d88fba6,ddc0e2b8-e408-47b9-bb1a-96d00fbd886b,1
215be6c5-f213-42d3-bda1-238d468012bc,7bcfb30e-c1c5-4a9a-b20c-a0b87d30edef,a755edde-4dd5-4cb9-8fb2-0648a1088a13,3
9845784e-a53d-4639-9cac-0c246c7e3a8a,54882cb5-75bf-4e88-a68a-070ae7d5464d,c07d6aef-b48a-412e-be5c-fa42445974fe,1
966d4cbc-88be-4087-8a9b-74b8195aba93,b17abb6e-3f0b-4b28-aec2-4610954f4148,5eeda2b8-169c-4573-a595-c3bee605b184,3
7b98076c-0d91-4b66-a598-d58e6762827d,884bb313-eb2a-4fd4-a823-063923716a85,2c4aba23-cf91-435d-8953-ef44f1097dd5,1
63076227-47b6-494b-b137-86b1f4464048,1f4aca0c-0139-4358-ac31-f346018ae982,a755edde-4dd5-4cb9-8fb2-0648a1088a13,1
e9f28e23-8446-46a3-bdb9-44cfce76e87f,7e9b1b06-de49-45bd-8851-7b19f5db81c2,2aef055e-10e1-4dc8-b936-edc1248a5758,3
e68516de-7a0a-4b21-8835-76fdfa390bb8,80e9edf2-2dcb-4ece-bca5-48047d67925c,e5c1063d-fa0a-42f7-b758-8cabd1837163,2
bd33ed50-c96d-4dbe-bcec-c8b7e835f2e0,afdad9c0-e78d-4853-9f87-e311e7853354,143ad2c6-7ecc-46e5-9828-ae4c4f92e3f9,1
6891ed60-0289-41cc-be9b-51719719b51d,a22a2b23-dc31-425c-80b1-7aead13c5dca,28f23ead-ed12-4feb-9636-0777eb328182,3
cf30fd21-1061-43d8-84a0-fb18ce7612ce,0ceaa996-97a1-406c-889c-ba99c3ed31bc,fb6d977b-8e59-42f5-bb61-daf7c3258b02,1
3bfcdf16-2e4f-44b5-b3ff-d5e86863bba0,e216aa84-0222-47fb-bf7d-0ad05b8c599d,34775c41-d73b-4918-b22a-0521835f678a,1
b595facb-2d65-4b08-82a8-747ad782eb1d,0a10e415-6e9f-4438-ae68-08389bac6469,4cab4f2e-2fd3-4fcf-a479-06819c075afb,2
f757c726-70f4-4384-b247-7ae487f5e3a6,123a025c-a620-4fab-812b-df3a3394d9cf,2aef055e-10e1-4dc8-b936-edc1248a5758,2
d17933bb-7517-4f88-82c0-94dbca2f381b,ef5f944b-1ab1-415d-947c-4a24499f5cc6,4d0cd76b-5992-4b08-a556-68b0b5b4fdd9,1
74d378fe-398c-475f-927a-d5ac4969d354,a0e63088-6622-40af-a525-c17ca6c9f376,b784392e-33f6-42dc-ad3d-a36bcac89a8d,2
5930d7fd-c032-49fa-b493-f9938004c1ac,ee1dd4f3-70f6-42ef-ad51-e59fde30405e,c8180d81-ab58-47a5-b62b-dee2362b147a,1
b07420ff-eb15-475a-b560-cc642f40853c,914a9081-abd8-45cb-9ef6-c1189b113d49,76b6ed8f-ad78-4e41-8256-3c4955941344,2
dd925130-0c08-4b84-b2ec-1e0cb9fa7041,f778e6db-e3bc-40c3-8daa-9962b4ff560e,6a800f33-c65d-4b09-aebc-67ef70b47578,3
f62bac21-4f35-43e9-9376-74399f5b17ef,9278e0af-5793-4497-acc7-9d3ae88ebc57,f62064fe-bcb0-4fd1-ab08-0af3b4b20bf3,3
f37b34a1-5696-405b-bd83-25663c212486,419e7ac7-100f-4c92-b69d-a2a2759f745f,a6965682-ac74-4da2-bc29-4b81e62e8a18,1
2a86d7ae-86f2-4bde-8066-38fe8a0bd49e,1383ba5e-2f23-4522-8eaa-593999984088,2876e88e-23a6-4f98-93c1-f6655a4fa180,1
217ef6ef-a2b3-4d19-b2cc-e1cf13927fc5,1d292fc5-bed7-4728-aa4b-ba8216daafe3,d74e376a-686a-45af-af18-941b8fcd745e,1
8c408f46-2017-46af-b755-6ec151a80374,e6709717-2b68-4bd4-80de-47c9cd779e67,f24cbd9e-ad3e-4e9d-9de5-7c4fa89e8c88,3
0a519e91-82ed-4629-b513-318f91070fdc,28ddcd59-2b18-42bb-8a12-1e3afc079cbe,86be4786-7b39-4daa-a6a4-df3136ee40d8,2
ed4c36c2-4e19-46da-b518-6afe26f5f6f0,dcc2fb58-9479-48a8-8460-a31fd32aab44,b95ffad6-1b8b-4812-bb9f-b413eddb7de1,2
f5a0ed85-cc30-4369-9698-546948863bd6,68f04f59-009d-412d-88aa-31f462428614,d8846728-7ed8-445e-908e-21f47e372c54,3
d12bf0a7-5e7a-404f-ac41-5ac746667676,8f21710a-373d-46c8-bab2-27e8f36a04c2,d681eaf6-9d2a-42bf-ab98-8b93afce953f,1
1ebd9911-3b21-4538-9077-7dc082789d45,81690ca9-3b3f-421c-9857-e0169bc58be1,a0fad330-fd48-4734-8c27-0c17efc1525b,2
09d9bef3-7463-47d6-8db1-8991d0cddeac,3541d353-d476-4376-a0d3-857d4813389d,6f83b480-ecd2-4d88-827e-b2103d9dfa59,3
e877ecb0-2d06-4d6b-bd39-eefa35bb20c6,63942e83-f538-4208-8d5e-8bbdffb05b5b,5901502d-429e-4c41-914b-dc73b783f787,1
42dd811a-3192-49d7-9993-9bc6ff1a68ac,5a4bf05a-00a6-49e2-af15-6793ffd8b4e8,8bcc0275-bcd9-4804-bd33-fbee3660713c,1
d40aea99-6de3-4ea9-ac37-33cde86fdce7,c946abf9-3b1e-4086-ab2f-a6ae128c295b,cab10f6d-a2c3-476b-96be-1839a7917e49,3
b4b14e3c-5065-4ff0-8d27-a2c0175cd932,5613a3ff-adbc-4112-95f4-e73a0a49b870,7ebb3b48-2fa3-4636-9c71-a698215cf2ab,3
aa0938b9-42d9-43bd-beaf-78f53da0bb32,1d0cc4a8-ad30-4eeb-ba5a-67e0ddf9a953,a5a8e64d-fd52-486d-a565-116fb17b05a2,2
6336c62a-b2aa-4def-8483-100c90cda5f0,6b6efcc4-4054-4ac3-9cb0-94cdfc8e05b3,34775c41-d73b-4918-b22a-0521835f678a,1
7e032958-67ed-4931-b9a7-a1f72df9978e,79ab59de-0220-4318-adef-5b8a38818310,d06d178d-08da-4f87-9349-ec16221f5486,1
685b948a-a0df-4007-b44e-ee5e65b1be16,065b5608-a7e3-4ed3-80a5-9024187c2a72,672c4582-ec94-4606-b4f3-22e75db33fc4,3
e5b7e003-5e52-4898-9700-c722f2d74540,25c0b235-b13b-45ee-9e6e-deb5f4d9fa9d,d06d178d-08da-4f87-9349-ec16221f5486,3
7a8b8e72-3713-4872-9ed9-404e7c89ccc4,4125d5ba-6e8a-466c-aa4d-908f627ad439,d0e563e7-a062-415f-8219-1d9931fcecf1,1
c2c3f703-c2eb-4df0-a3c3-234fdd0d4378,d7ea512a-0de7-4024-b740-1aba59025488,97648fdc-9dfb-4b3e-8dc0-f10d9287bdba,3
bfdb5625-d303-4409-bdae-2f9ab527c291,811afc54-88b6-4ce1-af5f-eb44f33320dd,0e6e60de-7e9a-4771-aabe-b57a5fd99cec,1
ede41891-a258-4d59-a3f8-f643fdc37bce,585b22d5-5aaf-4694-8c7f-b1edcceb69c2,29874687-7995-44c2-b211-471d32059600,1
3fc3845e-ef9b-4e7f-8e7f-bfcb6bdbd258,114191fa-7197-470d-bacd-225a6437b633,4230174e-e38a-4f36-93bb-49e047a5693d,1
4504c741-6d06-4127-9e25-da47ef35c79f,0e8b7333-008d-4e2d-a1e8-3da621cb7875,57194cda-5324-44a3-b5a3-64a011c2aee5,3
56f930ca-c5d1-4f60-b6de-d738728639ef,a4638a6e-326d-489a-9ed8-14106f55b5ad,2c4aba23-cf91-435d-8953-ef44f1097dd5,1
064eea67-1b7a-4c7f-b085-adf33a6c66ce,4bd9f060-88c6-4af4-a8da-175e001f02d4,76b6ed8f-ad78-4e41-8256-3c4955941344,3
06d26a79-f7ee-494e-bd14-c6f18881e408,3dee72e2-ff9f-443f-8954-529ea92df6c6,a443ba7e-45fb-4dbc-b432-40fb172b9f29,2
eedf0f2b-ddfc-44f3-890d-c5f4bfef9e7f,8ced70d2-a033-4db4-aab0-7b5a9f8fe371,308a3547-4187-458e-8868-3df5f39bb3d9,3
bb8f4b20-320e-4e3b-880f-4ae868fcb3b0,0a06556d-c609-4202-ae36-7cfb6831bb2c,fb6d977b-8e59-42f5-bb61-daf7c3258b02,2
9429ecbe-dba1-4d18-9089-ca4fc78a3370,f234e572-8c2c-4139-a034-05d16e4e5155,501c7126-f743-4a9b-b694-515bfba7c037,2
be701ddc-5fef-42ee-a988-da451c0e0f57,46337479-52e2-4a6e-afa8-299257baaa13,a25b830c-fbe1-4e75-8026-fdf153a905bd,1
2d9d451a-f240-423d-9cd9-0752f14aa814,00519020-7e08-4846-b233-a4f5ed256eac,20fe47ec-3e23-4947-8055-81e4099f33eb,2
0a4ef848-6341-42e3-b0c6-b39115a1dd4d,a6fec51b-226b-42bc-934b-c814830c2d01,c31dc40d-ba47-4631-ae91-e472c79b2e1d,2
c9b9bcb2-9252-4d97-b5fb-5dc1e773f58d,2c53dcfc-27a8-401c-98dd-eee213c97b61,5aaf174f-0a76-403a-b3c0-6dffe99b13c9,3
93604c7d-d0b7-4abc-a126-4c25ea274754,102ba172-e4c1-482d-90d3-d6394fd59bf1,501c7126-f743-4a9b-b694-515bfba7c037,1
ac064d43-4335-42b9-8994-f0076e3c6ffd,188dc6d0-913c-423b-9ce5-aa3b269734be,5901502d-429e-4c41-914b-dc73b783f787,2
14259939-3220-4a4a-937e-a62fdc44a00b,e03be636-7f92-4c97-96ee-fba4853a1ff0,81a8396d-6ee7-4a59-aeb2-2337497919a6,3
ecc8c66d-e33e-4e2b-8dfb-0b756a44dd18,09ee62cd-be98-4f44-b613-522709dcc2cb,e8727c3c-813c-4eb9-a67f-43d699df5dd4,1
65a43395-b691-4f64-9d34-a74226d66f82,450e853a-90d7-4547-a9ca-5eb04773d0ca,4c730fcb-7a34-4b0f-9e0e-3202214c49eb,3
fc1cbfc0-4f38-4779-b964-781c66871d02,a0bb8ffd-81ff-4214-8d9c-9d95526927b1,bdfa8e9f-9331-43ce-9d64-61e229f56cee,3
a8af6160-f27c-4036-add1-c9d5805a4db5,c830f57c-e46a-4c78-bda1-926097c10a42,6f83b480-ecd2-4d88-827e-b2103d9dfa59,1
cf0d78bf-6e3e-4cca-8bf3-663ea96151b5,3fd184bf-6fc7-46f2-96bf-ec9e0c1dba6c,36448613-605d-4b93-a5d3-5ef29922209f,2
78e6d92a-cf34-473a-8e63-3c381184ec68,67522d4d-b66c-420a-9458-75f5926a58f3,3a802b87-946e-4c1d-945a-7b3b8b0e8d3e,3
c8a00b32-abf7-49b9-b427-bd6251249179,3d5f016b-98c0-4f19-9cac-985d0c67f1e7,de01375d-2bd2-402f-b2ed-dad4d789199d,1
5702a9fd-0a41-419c-b8fc-31f8033a65f6,aaebaf3b-1b28-47bd-94d8-99cfa08372b8,4be59bae-064c-4bec-826e-c96ab2c9d6a9,3
d28ac265-092e-47f8-83f5-9b80e6715b39,f26d9a11-e23c-4df2-bd4f-4dbf295db064,984ace7a-e291-4c9b-8a8e-2d2ded4e1d24,1
b5bcf4af-fc9b-442c-b271-d4393107e9d9,2f8e5d39-4949-416f-a5c9-fe30fcb61bd2,34775c41-d73b-4918-b22a-0521835f678a,1
791843fe-be3f-4d2a-bad3-2f7f3b254284,a9e2421e-c1fe-4d27-b621-a217fa9e9f28,7c5c2da4-bed0-4552-8981-1734fe31542c,1
ab7a44e0-02ed-4d71-a8f2-3f963a03a440,d4efacdc-ff6f-48af-b2c0-09ba77e45246,29874687-7995-44c2-b211-471d32059600,1
4a8e5809-34ae-437c-9ec4-68b99f91ebf8,e4accfd1-4da9-417c-a20b-09b7a9efe897,c8180d81-ab58-47a5-b62b-dee2362b147a,2
d0871794-5242-43a2-a53e-91e5bb9aa1ea,a8da7705-2a3b-4848-86f8-ce9a78581eee,69a4a524-1dc3-4a38-b182-fae0426d7754,2
5a73165e-ab72-44a2-8410-cd5d127754e7,d4c31059-fe31-44d7-9d00-60ed4fe1a966,bca71a29-a853-4f73-b2dc-965e6055c746,3
2fd26690-5c2a-47bd-8708-3a874fbb2b02,02462dff-4e7a-40b3-9f79-5dcdfb1c3a4b,ebda6ffc-b8fc-4e43-9c0b-b3ecb89c40f8,1
7e4d2fd2-ff36-4067-b75f-9c66d3506577,c8f7ac5f-7e9a-4ff0-9b3e-6a9e884bb81f,2aef055e-10e1-4dc8-b936-edc1248a5758,3
5c516c97-c95d-4e72-a063-3d9ff80079ce,cf55b90e-c5bf-4232-beac-3b8b0526e800,2c4aba23-cf91-435d-8953-ef44f1097dd5,1
8576ff70-ae25-4237-8b3c-eca9e23278f8,0ac84da7-21d6-4b30-9aaa-ef40a0cb4123,4234721c-5fb1-4303-9fc0-37e8a8e6999d,1
9d2b88fb-167e-4f95-9dd6-bf2b7c5cd5d5,463f826b-0b55-460c-b218-f009c0e2c459,8a9db4de-8fa9-47e6-88a7-bcd803ea650c,2
191e0095-0472-4121-8d80-1632fe022478,99ee3d44-b323-426f-903f-9f96665f28e7,279c2203-7292-4fbb-8cf8-f44891441846,2
76af7c06-80fb-460b-ae09-13d6daa4e66b,0385623c-a394-4a4c-9322-92f534942512,6049401f-ba02-4513-ad31-df49121e8ffd,3
d44804f4-2290-4cf2-8c39-a52ef99ff683,f0f798d5-2682-4c0e-a312-b9118ef37db8,b95ffad6-1b8b-4812-bb9f-b413eddb7de1,2
3dc089d2-276f-44ca-8be8-240ca97780a1,39134cc9-c9cb-4c7c-95fd-b833214fb265,ee4c6ad2-6ea2-406a-bafc-d25b9b39a038,3
58c0b3d5-287e-479a-8959-c8393e382c7a,9bd23b7b-1945-4d86-8b2f-278a0242bb97,a651236b-60d9-4ed7-a38b-ac86ddf74c0b,3
f87f5363-ee31-4e61-92ed-815e9d8ce3a6,fdda58dc-6f62-44c7-91b6-f817c787049d,ab508650-43e1-454b-a19c-22bcbcfec332,3
cf7152d3-507a-4f04-a5fe-0ec592d6ea44,53c332f2-297a-46bc-b1b6-04f2350ea4c9,4234721c-5fb1-4303-9fc0-37e8a8e6999d,2
27d638cf-1282-451d-a450-4c799caf75e4,f823d4c4-268b-40a4-8e08-e8e2e48dd316,fc5a19a0-7f0d-46f4-bcd8-0530c5229059,1
de8c1ff9-a220-41c0-b2f1-1ce36339bc70,e4835276-f972-4edc-b3f2-3967b9d9215b,ebda6ffc-b8fc-4e43-9c0b-b3ecb89c40f8,2
d68a7bf2-51b8-4514-a86f-cbe126e5fbd2,11b6000a-91d6-4de6-a766-391e991ca43c,49c05dbc-ef8f-4d2c-b5be-2c5f9d057c8f,2
6640f595-e8e8-4181-93fe-6034546102bd,b27b1d67-d580-4fe9-8997-4477a022befc,a9bb8177-95fe-4c69-937b-860308b4bbc7,2
e9f9debc-ab5d-47d2-8ed9-6529c9f5eb6a,59af8d04-e4ad-4f0a-a457-dfd922e1bc60,4c730fcb-7a34-4b0f-9e0e-3202214c49eb,1
8fd1241b-5434-450a-9964-d7ab602a0fc4,387decec-7c99-4174-8974-0876223cfda5,10e149fc-0348-494b-81bc-1505cca06736,3
63e9d175-0cda-488b-b9a0-c29d247c3e0d,51b57b41-d368-4ed1-98e7-db60fde3dc0a,4cab4f2e-2fd3-4fcf-a479-06819c075afb,1
