id,email,passwordHash,firstName,lastName,role,refreshTokenHash,createdAt,updatedAt
fae1faf5-f1c1-4fd6-9cdb-e2b2d764df5f,user0@gmail.com,placeholder,User0,Test0,ADMIN,,2026-01-01,2026-01-01
73cfa26c-afda-4f08-a6e8-c2899e1f9a0c,user1@gmail.com,placeholder,User1,Test1,CUSTOMER,,2026-01-01,2026-01-01
b6f62ccf-130c-401c-81fd-bdb24cf23917,user2@gmail.com,placeholder,User2,Test2,CUSTOMER,,2026-01-01,2026-01-01
a0a57413-6002-43f6-8ad9-b62a9d714f7d,user3@gmail.com,placeholder,User3,Test3,CUSTOMER,,2026-01-01,2026-01-01
8ef512c0-6b9d-4288-92d3-611940ad19e6,user4@gmail.com,placeholder,User4,Test4,CUSTOMER,,2026-01-01,2026-01-01
791a4b9c-1ee5-4797-a05b-45081574c58d,user5@gmail.com,placeholder,User5,Test5,CUSTOMER,,2026-01-01,2026-01-01
3dc25cb7-2819-49fe-bf45-fd774d1cf17a,user6@gmail.com,placeholder,User6,Test6,CUSTOMER,,2026-01-01,2026-01-01
10edcf06-9e9f-45a1-beca-14f3a243a89e,user7@gmail.com,placeholder,User7,Test7,CUSTOMER,,2026-01-01,2026-01-01
e34e5ff0-3c3e-4487-9d42-5336bdf3b3db,user8@gmail.com,placeholder,User8,Test8,CUSTOMER,,2026-01-01,2026-01-01
a054731a-138b-48e1-b269-d4279fc32bfd,user9@gmail.com,placeholder,User9,Test9,CUSTOMER,,2026-01-01,2026-01-01
9fa6b33b-83d8-49b9-8764-5dd0033d2b6a,user10@gmail.com,placeholder,User10,Test10,CUSTOMER,,2026-01-01,2026-01-01
e6a65a85-da04-4be4-8ec9-1dc12cbc8eff,user11@gmail.com,placeholder,User11,Test11,CUSTOMER,,2026-01-01,2026-01-01
669f7ec3-2a0a-4d69-85dd-122fc1f244a6,user12@gmail.com,placeholder,User12,Test12,CUSTOMER,,2026-01-01,2026-01-01
c18c9bb0-ba5d-460c-b3ca-d5603ec27447,user13@gmail.com,placeholder,User13,Test13,CUSTOMER,,2026-01-01,2026-01-01
80a817a2-0f7d-414b-8c05-ec8b628f8c90,user14@gmail.com,placeholder,User14,Test14,CUSTOMER,,2026-01-01,2026-01-01
4112ed5c-2cb9-4c48-9b8a-d5d24de38611,user15@gmail.com,placeholder,User15,Test15,CUSTOMER,,2026-01-01,2026-01-01
af7d0406-89fb-42f8-b27b-e5d7845446f8,user16@gmail.com,placeholder,User16,Test16,CUSTOMER,,2026-01-01,2026-01-01
d23b48d2-6fc6-40d2-b125-95b128db2257,user17@gmail.com,placeholder,User17,Test17,CUSTOMER,,2026-01-01,2026-01-01
079fc7cd-808f-4892-97fe-505dd2c1769c,user18@gmail.com,placeholder,User18,Test18,CUSTOMER,,2026-01-01,2026-01-01
9670f0f8-ae58-468b-9942-2a8f17e148c4,user19@gmail.com,placeholder,User19,Test19,CUSTOMER,,2026-01-01,2026-01-01
3ea1ed0a-a62c-453e-aab2-114cb00a1e9c,user20@gmail.com,placeholder,User20,Test20,CUSTOMER,,2026-01-01,2026-01-01
645b14f4-d8d9-45e8-9413-73f46565bcbc,user21@gmail.com,placeholder,User21,Test21,CUSTOMER,,2026-01-01,2026-01-01
0b87ea13-500c-4d05-95b7-23a7c1c356c3,user22@gmail.com,placeholder,User22,Test22,CUSTOMER,,2026-01-01,2026-01-01
517539f8-1570-4e66-a34b-030aac5ec51e,user23@gmail.com,placeholder,User23,Test23,CUSTOMER,,2026-01-01,2026-01-01
e8b805a4-6ccc-40fa-9ba3-1a680bc5c28b,user24@gmail.com,placeholder,User24,Test24,CUSTOMER,,2026-01-01,2026-01-01
0f04fc76-c528-4085-a542-9310567def74,user25@gmail.com,placeholder,User25,Test25,CUSTOMER,,2026-01-01,2026-01-01
be1dcfb0-e2e2-4232-a911-e8460bc58b8e,user26@gmail.com,placeholder,User26,Test26,CUSTOMER,,2026-01-01,2026-01-01
88d2b702-790d-4a4d-ab03-8f7965d467d9,user27@gmail.com,placeholder,User27,Test27,CUSTOMER,,2026-01-01,2026-01-01
8c296604-4e97-4ea8-8cb2-6959b333e854,user28@gmail.com,placeholder,User28,Test28,CUSTOMER,,2026-01-01,2026-01-01
7c25679c-2472-46c5-9a68-0dbbb92991db,user29@gmail.com,placeholder,User29,Test29,CUSTOMER,,2026-01-01,2026-01-01
ade03a29-4817-4d09-9f9e-c0b3badfa465,user30@gmail.com,placeholder,User30,Test30,CUSTOMER,,2026-01-01,2026-01-01
222f04aa-d4f6-4627-9455-296d17cd52b8,user31@gmail.com,placeholder,User31,Test31,CUSTOMER,,2026-01-01,2026-01-01
314b0eaf-3182-47c5-85ca-94407eb86990,user32@gmail.com,placeholder,User32,Test32,CUSTOMER,,2026-01-01,2026-01-01
8d542d3e-4cb7-4ef0-9e40-ce0d17dba2d3,user33@gmail.com,placeholder,User33,Test33,CUSTOMER,,2026-01-01,2026-01-01
8cfb9666-a330-4b54-8585-36ffaab84e0a,user34@gmail.com,placeholder,User34,Test34,CUSTOMER,,2026-01-01,2026-01-01
126a2091-8c1b-4bdc-8b5b-8c3f069f95bf,user35@gmail.com,placeholder,User35,Test35,CUSTOMER,,2026-01-01,2026-01-01
9fc40333-e561-4547-8fc9-aea63f54ea62,user36@gmail.com,placeholder,User36,Test36,CUSTOMER,,2026-01-01,2026-01-01
5ad251d9-62ad-41a5-bd4d-d0a4b1da520c,user37@gmail.com,placeholder,User37,Test37,CUSTOMER,,2026-01-01,2026-01-01
c945984c-963c-4363-ae11-2d24b35161f9,user38@gmail.com,placeholder,User38,Test38,CUSTOMER,,2026-01-01,2026-01-01
d713c08e-ee16-4c7f-8647-62458bb54f4a,user39@gmail.com,placeholder,User39,Test39,CUSTOMER,,2026-01-01,2026-01-01
7c2d3a87-bf79-4a68-afd4-d7badbd583a6,user40@gmail.com,placeholder,User40,Test40,CUSTOMER,,2026-01-01,2026-01-01
2bb43664-a84f-4a02-a365-65dd11f02b7a,user41@gmail.com,placeholder,User41,Test41,CUSTOMER,,2026-01-01,2026-01-01
af486767-a78b-42cd-98a2-b20212d163d5,user42@gmail.com,placeholder,User42,Test42,CUSTOMER,,2026-01-01,2026-01-01
ff25a402-54c2-4a5d-a2a1-7f759bafd7b1,user43@gmail.com,placeholder,User43,Test43,CUSTOMER,,2026-01-01,2026-01-01
eca7306d-9b01-4490-b41a-608a37d3b593,user44@gmail.com,placeholder,User44,Test44,CUSTOMER,,2026-01-01,2026-01-01
fe283c8e-8965-428f-b832-f83a8f336592,user45@gmail.com,placeholder,User45,Test45,CUSTOMER,,2026-01-01,2026-01-01
89641c2b-7b12-4b26-896f-d62bad88ce8d,user46@gmail.com,placeholder,User46,Test46,CUSTOMER,,2026-01-01,2026-01-01
d1526c05-0452-4897-a0de-2ce262a1bc40,user47@gmail.com,placeholder,User47,Test47,CUSTOMER,,2026-01-01,2026-01-01
70c1dbec-743b-4227-9768-b60fd9739ef9,user48@gmail.com,placeholder,User48,Test48,CUSTOMER,,2026-01-01,2026-01-01
3b8818ec-8c56-41ac-867b-b27d90c237a1,user49@gmail.com,placeholder,User49,Test49,CUSTOMER,,2026-01-01,2026-01-01
41f41930-670f-4ad2-8206-cea0243cd5ec,user50@gmail.com,placeholder,User50,Test50,CUSTOMER,,2026-01-01,2026-01-01
22fdc35f-06e0-4af3-9418-4eb2ff9a0c04,user51@gmail.com,placeholder,User51,Test51,CUSTOMER,,2026-01-01,2026-01-01
cb195a98-b207-4727-876b-61a016864164,user52@gmail.com,placeholder,User52,Test52,CUSTOMER,,2026-01-01,2026-01-01
ccf995db-1ae6-488e-8fad-8e8d4286ebcc,user53@gmail.com,placeholder,User53,Test53,CUSTOMER,,2026-01-01,2026-01-01
589846f5-dd30-4758-b650-240e2f33dbe2,user54@gmail.com,placeholder,User54,Test54,CUSTOMER,,2026-01-01,2026-01-01
274f8556-c5bc-4bce-a836-452ef463f6eb,user55@gmail.com,placeholder,User55,Test55,CUSTOMER,,2026-01-01,2026-01-01
a76eca80-7c61-4b24-8a79-4c7869c2231d,user56@gmail.com,placeholder,User56,Test56,CUSTOMER,,2026-01-01,2026-01-01
3bfdfad7-37da-40d3-92ae-dc191bd48971,user57@gmail.com,placeholder,User57,Test57,CUSTOMER,,2026-01-01,2026-01-01
41036cc7-b656-488f-b942-0ab7c1c685e7,user58@gmail.com,placeholder,User58,Test58,CUSTOMER,,2026-01-01,2026-01-01
8b836ee6-ea73-44ef-a78c-84b71e862d3f,user59@gmail.com,placeholder,User59,Test59,CUSTOMER,,2026-01-01,2026-01-01
3d7e0621-3166-4a41-8122-d293f1f87e19,user60@gmail.com,placeholder,User60,Test60,CUSTOMER,,2026-01-01,2026-01-01
5195de99-9b96-4328-98ee-0b77871ed2ea,user61@gmail.com,placeholder,User61,Test61,CUSTOMER,,2026-01-01,2026-01-01
0429ae39-3883-4ab9-9c99-b2da714f37da,user62@gmail.com,placeholder,User62,Test62,CUSTOMER,,2026-01-01,2026-01-01
bc37edcd-77f1-4b61-9447-e07a7dacb001,user63@gmail.com,placeholder,User63,Test63,CUSTOMER,,2026-01-01,2026-01-01
504d8f3d-8940-4dcd-a1d6-dfa6c2c98933,user64@gmail.com,placeholder,User64,Test64,CUSTOMER,,2026-01-01,2026-01-01
c07a8aa2-8b22-4f41-bf91-0d272b6cd5d4,user65@gmail.com,placeholder,User65,Test65,CUSTOMER,,2026-01-01,2026-01-01
7a448c39-6abc-413a-b368-9768f97c9e02,user66@gmail.com,placeholder,User66,Test66,CUSTOMER,,2026-01-01,2026-01-01
467577b3-40b6-4927-8a09-64a6dff89cc2,user67@gmail.com,placeholder,User67,Test67,CUSTOMER,,2026-01-01,2026-01-01
507f37ab-c645-42eb-95ba-b8b04a0abda4,user68@gmail.com,placeholder,User68,Test68,CUSTOMER,,2026-01-01,2026-01-01
ecebd113-46ff-48e9-bbfd-dae6d897e6d8,user69@gmail.com,placeholder,User69,Test69,CUSTOMER,,2026-01-01,2026-01-01
311415b8-9623-47da-844e-7d28914922b6,user70@gmail.com,placeholder,User70,Test70,CUSTOMER,,2026-01-01,2026-01-01
9c9b507a-e71b-43c0-9ca9-67f904eace77,user71@gmail.com,placeholder,User71,Test71,CUSTOMER,,2026-01-01,2026-01-01
2853895e-8a8c-4571-bf97-22d0f124b6e9,user72@gmail.com,placeholder,User72,Test72,CUSTOMER,,2026-01-01,2026-01-01
bcac0d27-9804-4df1-8c68-711afea38e52,user73@gmail.com,placeholder,User73,Test73,CUSTOMER,,2026-01-01,2026-01-01
42f9005f-8cad-417a-8fe2-5d883b8e526c,user74@gmail.com,placeholder,User74,Test74,CUSTOMER,,2026-01-01,2026-01-01
c7b7b27e-353b-4a5c-976d-d71b267da672,user75@gmail.com,placeholder,User75,Test75,CUSTOMER,,2026-01-01,2026-01-01
71482bfd-a894-49b0-bfa2-cd0e8075a617,user76@gmail.com,placeholder,User76,Test76,CUSTOMER,,2026-01-01,2026-01-01
aa8ee69c-ca9f-4bda-86cc-8f5b91581d15,user77@gmail.com,placeholder,User77,Test77,CUSTOMER,,2026-01-01,2026-01-01
5a1fdfd5-1e38-4fac-bded-5ea01b61a37c,user78@gmail.com,placeholder,User78,Test78,CUSTOMER,,2026-01-01,2026-01-01
d54c3e6d-fa05-4dfc-bcc5-80a6504a159a,user79@gmail.com,placeholder,User79,Test79,CUSTOMER,,2026-01-01,2026-01-01
1687e2b4-2d68-4014-a9b1-e5e6f8248a2f,user80@gmail.com,placeholder,User80,Test80,CUSTOMER,,2026-01-01,2026-01-01
5fa69591-9309-43da-b4c6-d7ec5b11ce45,user81@gmail.com,placeholder,User81,Test81,CUSTOMER,,2026-01-01,2026-01-01
b49841e2-65a6-4827-abe6-0bf4071e04e0,user82@gmail.com,placeholder,User82,Test82,CUSTOMER,,2026-01-01,2026-01-01
dbd54054-8e0b-42e2-b7e0-3bb25e1f229f,user83@gmail.com,placeholder,User83,Test83,CUSTOMER,,2026-01-01,2026-01-01
902b1d1d-bacf-40c2-ba1f-7bed63a6acd1,user84@gmail.com,placeholder,User84,Test84,CUSTOMER,,2026-01-01,2026-01-01
5852329f-1f83-4039-90d1-8beb50d126ce,user85@gmail.com,placeholder,User85,Test85,CUSTOMER,,2026-01-01,2026-01-01
6b0030e2-de9d-46a5-8c78-bb753cfe7597,user86@gmail.com,placeholder,User86,Test86,CUSTOMER,,2026-01-01,2026-01-01
dded73c0-800f-4583-accd-af5f624ea23e,user87@gmail.com,placeholder,User87,Test87,CUSTOMER,,2026-01-01,2026-01-01
4d585e51-59e8-46ac-bc20-3db140c784b7,user88@gmail.com,placeholder,User88,Test88,CUSTOMER,,2026-01-01,2026-01-01
28a0e5e7-6caa-4a6c-ba47-79c1bc7df46e,user89@gmail.com,placeholder,User89,Test89,CUSTOMER,,2026-01-01,2026-01-01
2a4a3f1b-9eb2-4520-ac11-6f3517a2f263,user90@gmail.com,placeholder,User90,Test90,CUSTOMER,,2026-01-01,2026-01-01
572df6a7-6961-4d40-8342-cdd0466c775f,user91@gmail.com,placeholder,User91,Test91,CUSTOMER,,2026-01-01,2026-01-01
86b8636c-86da-4895-a4d1-069cf15ced1d,user92@gmail.com,placeholder,User92,Test92,CUSTOMER,,2026-01-01,2026-01-01
3f407166-0ecc-4312-b464-aa5db65fa288,user93@gmail.com,placeholder,User93,Test93,CUSTOMER,,2026-01-01,2026-01-01
f35c12e4-bb05-4276-9491-44c65b401db4,user94@gmail.com,placeholder,User94,Test94,CUSTOMER,,2026-01-01,2026-01-01
a5114e62-4c4d-4d84-b6f4-f8d6772e9acd,user95@gmail.com,placeholder,User95,Test95,CUSTOMER,,2026-01-01,2026-01-01
0aa00af1-2cd4-4e90-8962-311fab031062,user96@gmail.com,placeholder,User96,Test96,CUSTOMER,,2026-01-01,2026-01-01
7efc621b-4a4e-4f4a-99bb-4baadb9e62a3,user97@gmail.com,placeholder,User97,Test97,CUSTOMER,,2026-01-01,2026-01-01
1543c3d8-7b4d-4422-a7cc-8bb3e5eaf9ca,user98@gmail.com,placeholder,User98,Test98,CUSTOMER,,2026-01-01,2026-01-01
10ac0577-a2ce-4fd6-9480-379a73c15b18,user99@gmail.com,placeholder,User99,Test99,CUSTOMER,,2026-01-01,2026-01-01
65c4bd4e-4f2e-46c7-aade-cf48a3022250,user100@gmail.com,placeholder,User100,Test100,CUSTOMER,,2026-01-01,2026-01-01
45aa1ed9-b5c2-422a-bb71-972a3b7ee942,user101@gmail.com,placeholder,User101,Test101,CUSTOMER,,2026-01-01,2026-01-01
7143c263-7d45-4c74-9e2d-0d0517961b79,user102@gmail.com,placeholder,User102,Test102,CUSTOMER,,2026-01-01,2026-01-01
ca65b285-bf9e-45b8-92cd-25b096d4f344,user103@gmail.com,placeholder,User103,Test103,CUSTOMER,,2026-01-01,2026-01-01
50d0f2f6-2849-42c5-be3f-50da24a932c7,user104@gmail.com,placeholder,User104,Test104,CUSTOMER,,2026-01-01,2026-01-01
ae675393-d96a-45d5-a764-b039951a5a9b,user105@gmail.com,placeholder,User105,Test105,CUSTOMER,,2026-01-01,2026-01-01
15d7d92c-bdea-44cd-b513-41f85b8acb5a,user106@gmail.com,placeholder,User106,Test106,CUSTOMER,,2026-01-01,2026-01-01
1c3d1c21-6f92-49f4-80ce-ebd854be587a,user107@gmail.com,placeholder,User107,Test107,CUSTOMER,,2026-01-01,2026-01-01
406bfbf8-bd8e-4c76-96e1-1aaed9fc5d1e,user108@gmail.com,placeholder,User108,Test108,CUSTOMER,,2026-01-01,2026-01-01
e9d0effb-f4fc-4413-8c91-f3a2075669f9,user109@gmail.com,placeholder,User109,Test109,CUSTOMER,,2026-01-01,2026-01-01
54b5a011-4e97-496a-912a-3699cdc9b88d,user110@gmail.com,placeholder,User110,Test110,CUSTOMER,,2026-01-01,2026-01-01
feb40398-f20f-4d51-9835-221e7f84f0d8,user111@gmail.com,placeholder,User111,Test111,CUSTOMER,,2026-01-01,2026-01-01
8bd823f8-c6da-4fdf-ba8f-d067b1481e01,user112@gmail.com,placeholder,User112,Test112,CUSTOMER,,2026-01-01,2026-01-01
2261658c-f963-4b48-8367-43effc0fabf6,user113@gmail.com,placeholder,User113,Test113,CUSTOMER,,2026-01-01,2026-01-01
3335096e-10e4-4791-9772-9566e4c7f710,user114@gmail.com,placeholder,User114,Test114,CUSTOMER,,2026-01-01,2026-01-01
4ab5beee-6ef7-45d7-9e0c-9e5522ba6732,user115@gmail.com,placeholder,User115,Test115,CUSTOMER,,2026-01-01,2026-01-01
7db2978c-2d29-456c-a03d-3f0265be9484,user116@gmail.com,placeholder,User116,Test116,CUSTOMER,,2026-01-01,2026-01-01
fb8a001a-1960-4026-965a-076eeed382f5,user117@gmail.com,placeholder,User117,Test117,CUSTOMER,,2026-01-01,2026-01-01
e3e1486b-8c81-467d-b2c4-4bc92bf00112,user118@gmail.com,placeholder,User118,Test118,CUSTOMER,,2026-01-01,2026-01-01
a5f0fa75-b1c3-4578-aaf6-4b828f97b2da,user119@gmail.com,placeholder,User119,Test119,CUSTOMER,,2026-01-01,2026-01-01
41dcdc0e-714d-4480-b50d-b2683d2dacac,user120@gmail.com,placeholder,User120,Test120,CUSTOMER,,2026-01-01,2026-01-01
97d463ba-884b-42c3-a59d-d2d0f3d5ee40,user121@gmail.com,placeholder,User121,Test121,CUSTOMER,,2026-01-01,2026-01-01
e494581b-3da4-4dd7-8dcc-d55baec6a818,user122@gmail.com,placeholder,User122,Test122,CUSTOMER,,2026-01-01,2026-01-01
63d95ef4-2c1e-4bbd-ae0b-3172dddcf6b2,user123@gmail.com,placeholder,User123,Test123,CUSTOMER,,2026-01-01,2026-01-01
a36a4063-e730-4f94-924d-6de19ff74158,user124@gmail.com,placeholder,User124,Test124,CUSTOMER,,2026-01-01,2026-01-01
38327010-d029-4135-90a0-dc699d7cfc65,user125@gmail.com,placeholder,User125,Test125,CUSTOMER,,2026-01-01,2026-01-01
0c241243-47aa-4bad-99e0-67283b93b811,user126@gmail.com,placeholder,User126,Test126,CUSTOMER,,2026-01-01,2026-01-01
866d993a-19ac-4a5f-ac9b-94c3c82bf3b4,user127@gmail.com,placeholder,User127,Test127,CUSTOMER,,2026-01-01,2026-01-01
7dd5a30d-204c-494d-824f-37c1a7ff4bf3,user128@gmail.com,placeholder,User128,Test128,CUSTOMER,,2026-01-01,2026-01-01
b5505b54-988c-4b38-bde6-f576f8367295,user129@gmail.com,placeholder,User129,Test129,CUSTOMER,,2026-01-01,2026-01-01
0bedc784-9202-4dab-a5f2-11bc9fa2e42f,user130@gmail.com,placeholder,User130,Test130,CUSTOMER,,2026-01-01,2026-01-01
d79847d0-e09d-4ac4-a4d9-c9c8fd10ef70,user131@gmail.com,placeholder,User131,Test131,CUSTOMER,,2026-01-01,2026-01-01
fbf093b7-02e1-44ef-8109-93e797eabf65,user132@gmail.com,placeholder,User132,Test132,CUSTOMER,,2026-01-01,2026-01-01
b2d256b1-c423-43af-a75f-c607018cfdb6,user133@gmail.com,placeholder,User133,Test133,CUSTOMER,,2026-01-01,2026-01-01
393335dd-5926-4ade-a286-5996fe8e9b2f,user134@gmail.com,placeholder,User134,Test134,CUSTOMER,,2026-01-01,2026-01-01
8fa67be4-6521-4d98-90bf-05f329beddad,user135@gmail.com,placeholder,User135,Test135,CUSTOMER,,2026-01-01,2026-01-01
5c699bf3-f32c-489d-8963-89cfa660bf26,user136@gmail.com,placeholder,User136,Test136,CUSTOMER,,2026-01-01,2026-01-01
b631c050-ffc9-4c3c-8e30-f6e949c814ba,user137@gmail.com,placeholder,User137,Test137,CUSTOMER,,2026-01-01,2026-01-01
527f3473-72a5-45bb-a6b8-c70b256c7423,user138@gmail.com,placeholder,User138,Test138,CUSTOMER,,2026-01-01,2026-01-01
7563ae68-d8dd-455e-8554-850ded6807e4,user139@gmail.com,placeholder,User139,Test139,CUSTOMER,,2026-01-01,2026-01-01
19d74eee-191f-41ba-b614-64c11e8247f7,user140@gmail.com,placeholder,User140,Test140,CUSTOMER,,2026-01-01,2026-01-01
6de8d145-000b-47bc-8405-0f84f6a68b62,user141@gmail.com,placeholder,User141,Test141,CUSTOMER,,2026-01-01,2026-01-01
66d298ab-9415-432f-b590-90991dcfe600,user142@gmail.com,placeholder,User142,Test142,CUSTOMER,,2026-01-01,2026-01-01
60c1f263-9de2-4789-b78d-667fb888d5f7,user143@gmail.com,placeholder,User143,Test143,CUSTOMER,,2026-01-01,2026-01-01
8f3f1b54-28a0-47e7-a6fb-5d2763ecfa6a,user144@gmail.com,placeholder,User144,Test144,CUSTOMER,,2026-01-01,2026-01-01
96d927c3-c51e-4265-89a7-1b06ddd562a1,user145@gmail.com,placeholder,User145,Test145,CUSTOMER,,2026-01-01,2026-01-01
cd72f92f-b45e-4e1b-bdc7-b2c562081e90,user146@gmail.com,placeholder,User146,Test146,CUSTOMER,,2026-01-01,2026-01-01
8342d151-2a30-4448-bff9-74f922ea1250,user147@gmail.com,placeholder,User147,Test147,CUSTOMER,,2026-01-01,2026-01-01
fd77954c-58ca-4a18-99d3-0768e793a9ee,user148@gmail.com,placeholder,User148,Test148,CUSTOMER,,2026-01-01,2026-01-01
07b13c2f-e3f2-492a-b891-173c7fac66b1,user149@gmail.com,placeholder,User149,Test149,CUSTOMER,,2026-01-01,2026-01-01
f5bf3504-6b52-41a3-977e-c8f1e512b650,user150@gmail.com,placeholder,User150,Test150,CUSTOMER,,2026-01-01,2026-01-01
be9a0e29-8a86-431a-bb8f-e8260dbf2ea3,user151@gmail.com,placeholder,User151,Test151,CUSTOMER,,2026-01-01,2026-01-01
01b76915-379f-4e62-a836-9b131f34c7ce,user152@gmail.com,placeholder,User152,Test152,CUSTOMER,,2026-01-01,2026-01-01
e4bc169f-0045-4de0-9b2d-d95171fadc5b,user153@gmail.com,placeholder,User153,Test153,CUSTOMER,,2026-01-01,2026-01-01
1bd5d7da-b73b-40cc-bb8b-5f147400b39a,user154@gmail.com,placeholder,User154,Test154,CUSTOMER,,2026-01-01,2026-01-01
94167b8d-7c09-40eb-b4b8-ad70881ee6c5,user155@gmail.com,placeholder,User155,Test155,CUSTOMER,,2026-01-01,2026-01-01
c7d7dcea-60a6-48d1-b01b-ca5e50f780ca,user156@gmail.com,placeholder,User156,Test156,CUSTOMER,,2026-01-01,2026-01-01
54073176-92a9-4962-9054-10587d11b0a1,user157@gmail.com,placeholder,User157,Test157,CUSTOMER,,2026-01-01,2026-01-01
524fc2ed-20b6-478e-a1aa-03c59304ab9c,user158@gmail.com,placeholder,User158,Test158,CUSTOMER,,2026-01-01,2026-01-01
60ec90cb-3a34-40d7-8950-7223f5ef8a5b,user159@gmail.com,placeholder,User159,Test159,CUSTOMER,,2026-01-01,2026-01-01
dff8fad4-3c2f-46fe-bf0f-7a1d05417c13,user160@gmail.com,placeholder,User160,Test160,CUSTOMER,,2026-01-01,2026-01-01
2caf5375-b040-4f02-a6a9-8bdf0a2e2580,user161@gmail.com,placeholder,User161,Test161,CUSTOMER,,2026-01-01,2026-01-01
d1b8103a-81f7-4ec0-9ffc-82e9ded550bc,user162@gmail.com,placeholder,User162,Test162,CUSTOMER,,2026-01-01,2026-01-01
b2c1b067-310d-4eba-811b-8fe24e04f343,user163@gmail.com,placeholder,User163,Test163,CUSTOMER,,2026-01-01,2026-01-01
abab94b2-5bd7-4967-9ef0-811ddbdb1047,user164@gmail.com,placeholder,User164,Test164,CUSTOMER,,2026-01-01,2026-01-01
d50fe1ff-379b-4864-8181-4a7b82c9038b,user165@gmail.com,placeholder,User165,Test165,CUSTOMER,,2026-01-01,2026-01-01
3be37ba4-e638-498e-b199-194683f0d37e,user166@gmail.com,placeholder,User166,Test166,CUSTOMER,,2026-01-01,2026-01-01
30eb69fa-9ec7-43d5-bfa9-66571dd0c112,user167@gmail.com,placeholder,User167,Test167,CUSTOMER,,2026-01-01,2026-01-01
c7ebbc6b-0787-459a-93ed-926c48328b6f,user168@gmail.com,placeholder,User168,Test168,CUSTOMER,,2026-01-01,2026-01-01
da486418-5aeb-4773-8648-832f6de66eba,user169@gmail.com,placeholder,User169,Test169,CUSTOMER,,2026-01-01,2026-01-01
21ed2313-aacd-40e2-b143-8e64ed5edfaa,user170@gmail.com,placeholder,User170,Test170,CUSTOMER,,2026-01-01,2026-01-01
43a8f5e3-0d15-4a88-a872-9ca83a60449f,user171@gmail.com,placeholder,User171,Test171,CUSTOMER,,2026-01-01,2026-01-01
5d0e94d7-b215-43ed-bcc7-1aebd9854853,user172@gmail.com,placeholder,User172,Test172,CUSTOMER,,2026-01-01,2026-01-01
e49ff879-3a49-4060-b5b5-fcb4c2f4e761,user173@gmail.com,placeholder,User173,Test173,CUSTOMER,,2026-01-01,2026-01-01
40fe3f48-da21-4d00-83be-9aeaf8bb676e,user174@gmail.com,placeholder,User174,Test174,CUSTOMER,,2026-01-01,2026-01-01
b1809300-2286-434b-9098-804b661132ed,user175@gmail.com,placeholder,User175,Test175,CUSTOMER,,2026-01-01,2026-01-01
6ec784ea-77b1-4574-8f6a-ecc46c646578,user176@gmail.com,placeholder,User176,Test176,CUSTOMER,,2026-01-01,2026-01-01
60493c1a-32be-4faf-bbd1-0387d1fbd223,user177@gmail.com,placeholder,User177,Test177,CUSTOMER,,2026-01-01,2026-01-01
b5719a9d-c2a8-4aa8-8f63-5712051457ed,user178@gmail.com,placeholder,User178,Test178,CUSTOMER,,2026-01-01,2026-01-01
51d85f18-2fc0-4f92-af28-d1ff3a18d58c,user179@gmail.com,placeholder,User179,Test179,CUSTOMER,,2026-01-01,2026-01-01
28c6a979-a5ba-4a78-b2d5-3eeae0cf6cc8,user180@gmail.com,placeholder,User180,Test180,CUSTOMER,,2026-01-01,2026-01-01
336c08b6-dcc8-4ecb-97fb-1f25e4c12842,user181@gmail.com,placeholder,User181,Test181,CUSTOMER,,2026-01-01,2026-01-01
9a2e0fcc-6993-4fd6-a05a-b49b33a1a0b5,user182@gmail.com,placeholder,User182,Test182,CUSTOMER,,2026-01-01,2026-01-01
a7bda8c7-400c-4140-a7e3-5a9a90be4a07,user183@gmail.com,placeholder,User183,Test183,CUSTOMER,,2026-01-01,2026-01-01
72658159-422c-4d5d-9ea3-f27f71074cc2,user184@gmail.com,placeholder,User184,Test184,CUSTOMER,,2026-01-01,2026-01-01
543c611f-cf49-40cc-a64a-a2d65a3912d3,user185@gmail.com,placeholder,User185,Test185,CUSTOMER,,2026-01-01,2026-01-01
8ace022b-19d9-4633-9c5a-cfbab6435f57,user186@gmail.com,placeholder,User186,Test186,CUSTOMER,,2026-01-01,2026-01-01
8ca5aedd-e1a0-463d-80b9-236f88fb567c,user187@gmail.com,placeholder,User187,Test187,CUSTOMER,,2026-01-01,2026-01-01
692c2924-000b-4d1c-a977-7b27f32c339d,user188@gmail.com,placeholder,User188,Test188,CUSTOMER,,2026-01-01,2026-01-01
dae726c9-308e-4ae3-8ad1-6553ac2a458b,user189@gmail.com,placeholder,User189,Test189,CUSTOMER,,2026-01-01,2026-01-01
aa1c9f59-9036-438d-b094-0827e01502ec,user190@gmail.com,placeholder,User190,Test190,CUSTOMER,,2026-01-01,2026-01-01
343f8056-cb91-414e-a4a1-236228eeff16,user191@gmail.com,placeholder,User191,Test191,CUSTOMER,,2026-01-01,2026-01-01
0cda0d51-1860-4c22-8a01-c88142fa3778,user192@gmail.com,placeholder,User192,Test192,CUSTOMER,,2026-01-01,2026-01-01
70c8b926-8d0f-45a4-bfd0-24fd28905116,user193@gmail.com,placeholder,User193,Test193,CUSTOMER,,2026-01-01,2026-01-01
0f528831-61d2-47cf-8fc6-0499c7ad6cf7,user194@gmail.com,placeholder,User194,Test194,CUSTOMER,,2026-01-01,2026-01-01
31bb2624-6b03-4d93-8fac-402814e6b377,user195@gmail.com,placeholder,User195,Test195,CUSTOMER,,2026-01-01,2026-01-01
25defa20-2aa4-4068-908c-cc8daa232b5e,user196@gmail.com,placeholder,User196,Test196,CUSTOMER,,2026-01-01,2026-01-01
05370d5e-5dd0-4eb7-98b3-3b79dde8777a,user197@gmail.com,placeholder,User197,Test197,CUSTOMER,,2026-01-01,2026-01-01
d2da65de-b21c-4bf0-a713-e152c48a4068,user198@gmail.com,placeholder,User198,Test198,CUSTOMER,,2026-01-01,2026-01-01
9b79cdfe-9d84-448c-bee6-a08ea0b23e0a,user199@gmail.com,placeholder,User199,Test199,CUSTOMER,,2026-01-01,2026-01-01
734a2b65-2252-4c7d-b11b-11ba69470a25,user200@gmail.com,placeholder,User200,Test200,CUSTOMER,,2026-01-01,2026-01-01
90fff8fb-85f2-4083-8691-9d2f1f980f74,user201@gmail.com,placeholder,User201,Test201,CUSTOMER,,2026-01-01,2026-01-01
6b433d22-5aff-409b-8820-e58117461753,user202@gmail.com,placeholder,User202,Test202,CUSTOMER,,2026-01-01,2026-01-01
ea70c55c-4c0e-4986-91e0-425c37e06966,user203@gmail.com,placeholder,User203,Test203,CUSTOMER,,2026-01-01,2026-01-01
46e3f029-ea5c-4b5e-87dd-1bb5db36501a,user204@gmail.com,placeholder,User204,Test204,CUSTOMER,,2026-01-01,2026-01-01
2bb686fa-35af-470a-9954-0dd5f2f3628e,user205@gmail.com,placeholder,User205,Test205,CUSTOMER,,2026-01-01,2026-01-01
34d6e13c-bc5e-47ba-880c-97681256b1ec,user206@gmail.com,placeholder,User206,Test206,CUSTOMER,,2026-01-01,2026-01-01
bb4a8d31-25f9-4866-9d5a-f6b67bdc92ad,user207@gmail.com,placeholder,User207,Test207,CUSTOMER,,2026-01-01,2026-01-01
de978e9d-b895-440e-9a01-0bd175f3159d,user208@gmail.com,placeholder,User208,Test208,CUSTOMER,,2026-01-01,2026-01-01
5cb7a4d6-d883-48b7-b647-e2428b2fa7bf,user209@gmail.com,placeholder,User209,Test209,CUSTOMER,,2026-01-01,2026-01-01
543f4dcd-4e10-4a2d-ba91-88253ecae0a7,user210@gmail.com,placeholder,User210,Test210,CUSTOMER,,2026-01-01,2026-01-01
4ef297ec-6546-469d-8f4a-a4865df38ccb,user211@gmail.com,placeholder,User211,Test211,CUSTOMER,,2026-01-01,2026-01-01
ed61ed93-c217-4ae2-a3f3-2fab3e94452b,user212@gmail.com,placeholder,User212,Test212,CUSTOMER,,2026-01-01,2026-01-01
6a791019-87db-4a38-8e4e-e3948c62c62e,user213@gmail.com,placeholder,User213,Test213,CUSTOMER,,2026-01-01,2026-01-01
dbbc3a8c-5a15-41c7-a4aa-9e5031c818ca,user214@gmail.com,placeholder,User214,Test214,CUSTOMER,,2026-01-01,2026-01-01
4c1e2a35-4590-4f01-a01d-0027ac5fcce1,user215@gmail.com,placeholder,User215,Test215,CUSTOMER,,2026-01-01,2026-01-01
3f233ee4-c171-4c35-96d2-09f2715214a6,user216@gmail.com,placeholder,User216,Test216,CUSTOMER,,2026-01-01,2026-01-01
7c7e5841-9a07-470c-a497-6eb75b27077d,user217@gmail.com,placeholder,User217,Test217,CUSTOMER,,2026-01-01,2026-01-01
648d3f6d-27d9-48aa-b061-97dd5a1437af,user218@gmail.com,placeholder,User218,Test218,CUSTOMER,,2026-01-01,2026-01-01
681b510d-06fc-4ab7-a541-5bc916d8802f,user219@gmail.com,placeholder,User219,Test219,CUSTOMER,,2026-01-01,2026-01-01
d445b332-dee0-4fdf-8c74-7d6183f5ebe9,user220@gmail.com,placeholder,User220,Test220,CUSTOMER,,2026-01-01,2026-01-01
fba855bd-c763-4718-b4f8-86ec603fe972,user221@gmail.com,placeholder,User221,Test221,CUSTOMER,,2026-01-01,2026-01-01
fb234b97-cbef-4ba9-b8ad-fc7695fc3aa8,user222@gmail.com,placeholder,User222,Test222,CUSTOMER,,2026-01-01,2026-01-01
0a581fda-6a77-4830-a4c9-89a369941d91,user223@gmail.com,placeholder,User223,Test223,CUSTOMER,,2026-01-01,2026-01-01
1f61ac9c-685f-4bdc-a0fe-a73bb3cd0d5b,user224@gmail.com,placeholder,User224,Test224,CUSTOMER,,2026-01-01,2026-01-01
bb013b2e-0abf-41a4-b2b5-5555c5fd7abe,user225@gmail.com,placeholder,User225,Test225,CUSTOMER,,2026-01-01,2026-01-01
9b6f9a69-9929-46ed-a515-b5dd49fde6ed,user226@gmail.com,placeholder,User226,Test226,CUSTOMER,,2026-01-01,2026-01-01
9ef42227-de9c-400b-88dc-b151d75ee347,user227@gmail.com,placeholder,User227,Test227,CUSTOMER,,2026-01-01,2026-01-01
949bc4e8-2d1b-4597-8029-d3a799a51246,user228@gmail.com,placeholder,User228,Test228,CUSTOMER,,2026-01-01,2026-01-01
05c39c4b-d121-4904-8800-88a1ba3f81ee,user229@gmail.com,placeholder,User229,Test229,CUSTOMER,,2026-01-01,2026-01-01
2b3995f1-771d-44fc-bbe7-feff7319df18,user230@gmail.com,placeholder,User230,Test230,CUSTOMER,,2026-01-01,2026-01-01
b4d4d51e-0225-4008-a2ec-c4fb9a46a02f,user231@gmail.com,placeholder,User231,Test231,CUSTOMER,,2026-01-01,2026-01-01
f8dd04d1-2457-49f4-9aec-01adde84af42,user232@gmail.com,placeholder,User232,Test232,CUSTOMER,,2026-01-01,2026-01-01
bafa9520-dbbf-43c3-bfa3-36cfcba11a53,user233@gmail.com,placeholder,User233,Test233,CUSTOMER,,2026-01-01,2026-01-01
64e5c1be-6888-44a9-b5db-0fe1e45d1baa,user234@gmail.com,placeholder,User234,Test234,CUSTOMER,,2026-01-01,2026-01-01
42695032-3cfc-4383-a02b-85f24f298d03,user235@gmail.com,placeholder,User235,Test235,CUSTOMER,,2026-01-01,2026-01-01
bb612ba8-bb9c-423c-ba10-3ddeae42ebf1,user236@gmail.com,placeholder,User236,Test236,CUSTOMER,,2026-01-01,2026-01-01
6e74c074-11fe-4085-9041-7477c72e6db6,user237@gmail.com,placeholder,User237,Test237,CUSTOMER,,2026-01-01,2026-01-01
ddfe0bd3-b7ad-4aa7-adf7-689fc2fdc3ef,user238@gmail.com,placeholder,User238,Test238,CUSTOMER,,2026-01-01,2026-01-01
e8a5fa55-f866-4d71-b845-bd2dd4ca8832,user239@gmail.com,placeholder,User239,Test239,CUSTOMER,,2026-01-01,2026-01-01
a650df8e-ec04-4b69-bf52-d3628d33bb79,user240@gmail.com,placeholder,User240,Test240,CUSTOMER,,2026-01-01,2026-01-01
a552e076-cc96-4810-94f4-2d4ee66b0c0c,user241@gmail.com,placeholder,User241,Test241,CUSTOMER,,2026-01-01,2026-01-01
d08cc9d3-52dc-4f27-a979-f386de21809d,user242@gmail.com,placeholder,User242,Test242,CUSTOMER,,2026-01-01,2026-01-01
e629f99f-4a9b-40c6-872d-654b7cb7eb95,user243@gmail.com,placeholder,User243,Test243,CUSTOMER,,2026-01-01,2026-01-01
0d40e872-8343-442d-baac-b14d812f4b2f,user244@gmail.com,placeholder,User244,Test244,CUSTOMER,,2026-01-01,2026-01-01
c990b645-a93d-4e83-b850-24ed0115890b,user245@gmail.com,placeholder,User245,Test245,CUSTOMER,,2026-01-01,2026-01-01
4f3b669b-0920-491e-a833-8d7792a9d0f7,user246@gmail.com,placeholder,User246,Test246,CUSTOMER,,2026-01-01,2026-01-01
7d55a9e6-faa0-4809-b1a7-0e2fcb1e4072,user247@gmail.com,placeholder,User247,Test247,CUSTOMER,,2026-01-01,2026-01-01
e5719df1-129f-4901-b89e-f9bb728e7633,user248@gmail.com,placeholder,User248,Test248,CUSTOMER,,2026-01-01,2026-01-01
09fb6d69-50bb-44c1-a29d-6c3ca1b3599a,user249@gmail.com,placeholder,User249,Test249,CUSTOMER,,2026-01-01,2026-01-01
0e46b819-ef61-4b96-ade1-e8dc02c57a03,user250@gmail.com,placeholder,User250,Test250,CUSTOMER,,2026-01-01,2026-01-01
dcace879-e5bf-4085-9ab3-145bf7c7ef03,user251@gmail.com,placeholder,User251,Test251,CUSTOMER,,2026-01-01,2026-01-01
da11349d-834a-44c1-9665-a58e79e97bca,user252@gmail.com,placeholder,User252,Test252,CUSTOMER,,2026-01-01,2026-01-01
6ed9f03f-9b1b-4f43-884d-f9797d6b6b6d,user253@gmail.com,placeholder,User253,Test253,CUSTOMER,,2026-01-01,2026-01-01
8a872af0-bac9-478a-9dc5-e2758530f3fb,user254@gmail.com,placeholder,User254,Test254,CUSTOMER,,2026-01-01,2026-01-01
6983fb3f-8aab-4fa3-abc0-dc39c883593c,user255@gmail.com,placeholder,User255,Test255,CUSTOMER,,2026-01-01,2026-01-01
45c74222-4105-47ab-8464-07a0ce0dead8,user256@gmail.com,placeholder,User256,Test256,CUSTOMER,,2026-01-01,2026-01-01
a6d12207-98a0-4e96-9a5f-31c3b2fe1e90,user257@gmail.com,placeholder,User257,Test257,CUSTOMER,,2026-01-01,2026-01-01
22959139-28db-4849-830a-2732337d91f7,user258@gmail.com,placeholder,User258,Test258,CUSTOMER,,2026-01-01,2026-01-01
bb8732c9-02f9-4c3a-b2b7-f3dd0dfe3449,user259@gmail.com,placeholder,User259,Test259,CUSTOMER,,2026-01-01,2026-01-01
c5b3a0f4-824e-443f-939e-f58e964c2a29,user260@gmail.com,placeholder,User260,Test260,CUSTOMER,,2026-01-01,2026-01-01
eef8a17e-1290-4ff2-ba0f-a5e45d1e5ca8,user261@gmail.com,placeholder,User261,Test261,CUSTOMER,,2026-01-01,2026-01-01
35962951-8e30-41a2-a549-c59d2161ac22,user262@gmail.com,placeholder,User262,Test262,CUSTOMER,,2026-01-01,2026-01-01
414a864c-742f-4f74-809f-61e44f566c6f,user263@gmail.com,placeholder,User263,Test263,CUSTOMER,,2026-01-01,2026-01-01
c0bda57a-e91a-4523-b46e-eb3bfa542123,user264@gmail.com,placeholder,User264,Test264,CUSTOMER,,2026-01-01,2026-01-01
36d03bfb-ec6f-4cf0-a691-e62783ae3802,user265@gmail.com,placeholder,User265,Test265,CUSTOMER,,2026-01-01,2026-01-01
61b07ac3-3959-40c2-a10f-0856c40a09c6,user266@gmail.com,placeholder,User266,Test266,CUSTOMER,,2026-01-01,2026-01-01
b1c08272-1047-445f-b93b-a33c1ccaee6c,user267@gmail.com,placeholder,User267,Test267,CUSTOMER,,2026-01-01,2026-01-01
18a7fe85-3063-4a10-959f-a3f87e577535,user268@gmail.com,placeholder,User268,Test268,CUSTOMER,,2026-01-01,2026-01-01
3f6fb77c-a356-4cae-8935-9d3d3c92cbd1,user269@gmail.com,placeholder,User269,Test269,CUSTOMER,,2026-01-01,2026-01-01
337e3fc3-16c2-47f2-abbf-f515d9744caf,user270@gmail.com,placeholder,User270,Test270,CUSTOMER,,2026-01-01,2026-01-01
cf97c13a-7e51-41f9-a865-1137e6c830ce,user271@gmail.com,placeholder,User271,Test271,CUSTOMER,,2026-01-01,2026-01-01
40f327b0-f381-41e0-abcd-54861bf4b46e,user272@gmail.com,placeholder,User272,Test272,CUSTOMER,,2026-01-01,2026-01-01
a8e467f3-398b-4444-b902-1981d487c9bd,user273@gmail.com,placeholder,User273,Test273,CUSTOMER,,2026-01-01,2026-01-01
0e22ca5e-0464-4c87-9698-b130caac6fcb,user274@gmail.com,placeholder,User274,Test274,CUSTOMER,,2026-01-01,2026-01-01
5443a75c-c5f5-4185-bac2-d10ccabfbf86,user275@gmail.com,placeholder,User275,Test275,CUSTOMER,,2026-01-01,2026-01-01
3ddb917a-ce82-46b2-af2d-4b8500026319,user276@gmail.com,placeholder,User276,Test276,CUSTOMER,,2026-01-01,2026-01-01
e4ef84f2-b2cf-4cb2-a0fd-d26d3a01fb12,user277@gmail.com,placeholder,User277,Test277,CUSTOMER,,2026-01-01,2026-01-01
65fcc2d0-0dcd-4dc2-af3e-34a67a81b225,user278@gmail.com,placeholder,User278,Test278,CUSTOMER,,2026-01-01,2026-01-01
26e1c055-69d2-4a96-bace-44707676837c,user279@gmail.com,placeholder,User279,Test279,CUSTOMER,,2026-01-01,2026-01-01
e0b88d1a-750b-47b8-bc33-8f47f7fefbd2,user280@gmail.com,placeholder,User280,Test280,CUSTOMER,,2026-01-01,2026-01-01
7daa9a9f-cb88-4f4c-b3df-0a471806323d,user281@gmail.com,placeholder,User281,Test281,CUSTOMER,,2026-01-01,2026-01-01
7d0f414b-f1f1-484f-a9cb-254bdc2aebfc,user282@gmail.com,placeholder,User282,Test282,CUSTOMER,,2026-01-01,2026-01-01
115ca887-8cea-4b8b-8553-bf5a6b2db349,user283@gmail.com,placeholder,User283,Test283,CUSTOMER,,2026-01-01,2026-01-01
814e7427-8f09-4409-a515-e79cd8bb5e4e,user284@gmail.com,placeholder,User284,Test284,CUSTOMER,,2026-01-01,2026-01-01
50048b1b-eb2c-41b6-86cb-fbf1df061a6e,user285@gmail.com,placeholder,User285,Test285,CUSTOMER,,2026-01-01,2026-01-01
48791b08-3f4b-4efd-b7f7-0c817bd12719,user286@gmail.com,placeholder,User286,Test286,CUSTOMER,,2026-01-01,2026-01-01
5d6c3bb6-e246-4c21-81ae-280011df1e9d,user287@gmail.com,placeholder,User287,Test287,CUSTOMER,,2026-01-01,2026-01-01
0d40d4c6-c958-4936-bbcb-5c58c981f139,user288@gmail.com,placeholder,User288,Test288,CUSTOMER,,2026-01-01,2026-01-01
7f0c616a-276a-44c6-9e9e-dde24f6560d1,user289@gmail.com,placeholder,User289,Test289,CUSTOMER,,2026-01-01,2026-01-01
0e795c1e-3b90-4239-a9d9-bc89e5066f17,user290@gmail.com,placeholder,User290,Test290,CUSTOMER,,2026-01-01,2026-01-01
7f7327d6-a67f-432a-8a4d-4788ec5e0e7d,user291@gmail.com,placeholder,User291,Test291,CUSTOMER,,2026-01-01,2026-01-01
c33d3f88-3920-49f1-af7e-d62733c91212,user292@gmail.com,placeholder,User292,Test292,CUSTOMER,,2026-01-01,2026-01-01
f3c3bdc0-02c9-45fd-8dc7-009339ba8a4f,user293@gmail.com,placeholder,User293,Test293,CUSTOMER,,2026-01-01,2026-01-01
719a1219-8dc1-4a06-aa74-b57afc8e838f,user294@gmail.com,placeholder,User294,Test294,CUSTOMER,,2026-01-01,2026-01-01
6ecfe97e-2b17-48c0-ba12-f724e6269f95,user295@gmail.com,placeholder,User295,Test295,CUSTOMER,,2026-01-01,2026-01-01
2c8eab44-2bbc-4475-88bc-346b451cd23a,user296@gmail.com,placeholder,User296,Test296,CUSTOMER,,2026-01-01,2026-01-01
cdb823fb-8d23-4880-ac6a-da20ec1d3e52,user297@gmail.com,placeholder,User297,Test297,CUSTOMER,,2026-01-01,2026-01-01
55065fae-5355-44a4-a5d5-d96d5f1ef1d0,user298@gmail.com,placeholder,User298,Test298,CUSTOMER,,2026-01-01,2026-01-01
421977aa-3e15-455d-828e-2df281594db3,user299@gmail.com,placeholder,User299,Test299,CUSTOMER,,2026-01-01,2026-01-01
077a9b5a-242f-4726-a9b4-8d3b62a1a568,user300@gmail.com,placeholder,User300,Test300,CUSTOMER,,2026-01-01,2026-01-01
620d10e2-59f5-45a6-9a87-b2422e47015e,user301@gmail.com,placeholder,User301,Test301,CUSTOMER,,2026-01-01,2026-01-01
a72a9a4e-24a8-4654-9c2f-8dc382f0279b,user302@gmail.com,placeholder,User302,Test302,CUSTOMER,,2026-01-01,2026-01-01
4a6d7b99-205e-4de4-9a9a-3c72684a0272,user303@gmail.com,placeholder,User303,Test303,CUSTOMER,,2026-01-01,2026-01-01
a8f3f7f5-3f50-4c44-82db-13c92fa4575b,user304@gmail.com,placeholder,User304,Test304,CUSTOMER,,2026-01-01,2026-01-01
b3dc9e9e-506b-46dc-a9bd-c7dfb9e5684c,user305@gmail.com,placeholder,User305,Test305,CUSTOMER,,2026-01-01,2026-01-01
411d9efd-b841-4398-840d-945b4e576993,user306@gmail.com,placeholder,User306,Test306,CUSTOMER,,2026-01-01,2026-01-01
4babbe9f-b20b-4dec-8505-8393030a102a,user307@gmail.com,placeholder,User307,Test307,CUSTOMER,,2026-01-01,2026-01-01
8511c9b8-8670-49ea-bb06-d2177dea3e8c,user308@gmail.com,placeholder,User308,Test308,CUSTOMER,,2026-01-01,2026-01-01
92ba2085-8c90-4b70-b2ee-ef5bbfda50f7,user309@gmail.com,placeholder,User309,Test309,CUSTOMER,,2026-01-01,2026-01-01
371702ef-c41f-4e37-9152-d7884b401e5f,user310@gmail.com,placeholder,User310,Test310,CUSTOMER,,2026-01-01,2026-01-01
c8dae6f1-1438-477e-9862-3453c9bdb0dd,user311@gmail.com,placeholder,User311,Test311,CUSTOMER,,2026-01-01,2026-01-01
3f963910-ea85-43b8-b6d5-348eb2b6ba07,user312@gmail.com,placeholder,User312,Test312,CUSTOMER,,2026-01-01,2026-01-01
23f48a5c-2ab4-45b6-ba7f-88363d0756f8,user313@gmail.com,placeholder,User313,Test313,CUSTOMER,,2026-01-01,2026-01-01
cbebac45-6214-4db2-84fd-1679ec64ede5,user314@gmail.com,placeholder,User314,Test314,CUSTOMER,,2026-01-01,2026-01-01
f7c90637-8602-4081-a5ae-3a12d305e153,user315@gmail.com,placeholder,User315,Test315,CUSTOMER,,2026-01-01,2026-01-01
32966f2f-1fc5-4f67-b04d-c8822d7acb2b,user316@gmail.com,placeholder,User316,Test316,CUSTOMER,,2026-01-01,2026-01-01
c4167434-5800-454a-be61-35e883705eb2,user317@gmail.com,placeholder,User317,Test317,CUSTOMER,,2026-01-01,2026-01-01
ac023ebd-1b2f-4c10-a685-4bad51334c90,user318@gmail.com,placeholder,User318,Test318,CUSTOMER,,2026-01-01,2026-01-01
cef99b32-c8cf-439c-8846-0d8d3babdc60,user319@gmail.com,placeholder,User319,Test319,CUSTOMER,,2026-01-01,2026-01-01
883e8f2e-b438-43a6-a75f-0518742db420,user320@gmail.com,placeholder,User320,Test320,CUSTOMER,,2026-01-01,2026-01-01
ef73d981-7987-4f9f-a07b-a80c1f2d5ace,user321@gmail.com,placeholder,User321,Test321,CUSTOMER,,2026-01-01,2026-01-01
5dc3daf3-a29e-4586-a35d-a82d98da8ccd,user322@gmail.com,placeholder,User322,Test322,CUSTOMER,,2026-01-01,2026-01-01
ff8c4fa4-88b5-46fe-806f-549734e0c94a,user323@gmail.com,placeholder,User323,Test323,CUSTOMER,,2026-01-01,2026-01-01
4777e8fe-ab17-4581-b4ed-5f8ee25dc36a,user324@gmail.com,placeholder,User324,Test324,CUSTOMER,,2026-01-01,2026-01-01
d5688026-c784-4b68-8ae3-e93f6e9f80ab,user325@gmail.com,placeholder,User325,Test325,CUSTOMER,,2026-01-01,2026-01-01
6766469a-9422-45c5-8de1-c996a7006b1b,user326@gmail.com,placeholder,User326,Test326,CUSTOMER,,2026-01-01,2026-01-01
665233b3-1bdb-44a0-834b-85b37013a0e3,user327@gmail.com,placeholder,User327,Test327,CUSTOMER,,2026-01-01,2026-01-01
4a65978a-decf-4293-9c5e-4943809ec1de,user328@gmail.com,placeholder,User328,Test328,CUSTOMER,,2026-01-01,2026-01-01
ef3a5388-664b-4af1-bbaa-dd2a88dc6db9,user329@gmail.com,placeholder,User329,Test329,CUSTOMER,,2026-01-01,2026-01-01
1d187cad-6ace-4147-8130-d5a340bb8f11,user330@gmail.com,placeholder,User330,Test330,CUSTOMER,,2026-01-01,2026-01-01
2c1b1dc2-2912-4edb-8715-4703d03cfef8,user331@gmail.com,placeholder,User331,Test331,CUSTOMER,,2026-01-01,2026-01-01
01ecfd17-8110-4250-ada1-a9465ef3d66d,user332@gmail.com,placeholder,User332,Test332,CUSTOMER,,2026-01-01,2026-01-01
5f831f18-59a8-436e-806a-9cad77e7dd3a,user333@gmail.com,placeholder,User333,Test333,CUSTOMER,,2026-01-01,2026-01-01
16687c20-e037-4c17-b346-f569d4fd31b7,user334@gmail.com,placeholder,User334,Test334,CUSTOMER,,2026-01-01,2026-01-01
b68826d1-d190-48b0-b213-6842a28a2784,user335@gmail.com,placeholder,User335,Test335,CUSTOMER,,2026-01-01,2026-01-01
076fea68-7249-4a1a-a156-678666e7667d,user336@gmail.com,placeholder,User336,Test336,CUSTOMER,,2026-01-01,2026-01-01
c6a94759-6913-4a7b-a511-f0a03fdf7255,user337@gmail.com,placeholder,User337,Test337,CUSTOMER,,2026-01-01,2026-01-01
03502802-123e-4b81-9660-f74c6082aaaa,user338@gmail.com,placeholder,User338,Test338,CUSTOMER,,2026-01-01,2026-01-01
4a17db53-cc6b-471d-815d-6713ddfd5004,user339@gmail.com,placeholder,User339,Test339,CUSTOMER,,2026-01-01,2026-01-01
39fddd3b-b10e-4dac-960e-86f4e537c48d,user340@gmail.com,placeholder,User340,Test340,CUSTOMER,,2026-01-01,2026-01-01
35cdf4f2-5509-4bed-909e-b672f6de66e7,user341@gmail.com,placeholder,User341,Test341,CUSTOMER,,2026-01-01,2026-01-01
2260fb0d-6750-4638-93d2-eb1805b6eb24,user342@gmail.com,placeholder,User342,Test342,CUSTOMER,,2026-01-01,2026-01-01
29cba3fd-f390-4ef9-9ad8-1d7327c6dcbc,user343@gmail.com,placeholder,User343,Test343,CUSTOMER,,2026-01-01,2026-01-01
1b564df5-237d-4d2a-9613-8a8fd2d612b8,user344@gmail.com,placeholder,User344,Test344,CUSTOMER,,2026-01-01,2026-01-01
a8a38e24-4860-4d64-94ce-0f0347eec701,user345@gmail.com,placeholder,User345,Test345,CUSTOMER,,2026-01-01,2026-01-01
6a19e576-6a9e-4980-b678-b9b7ffb45fc7,user346@gmail.com,placeholder,User346,Test346,CUSTOMER,,2026-01-01,2026-01-01
bebfe356-4321-40a5-ad0c-4d340134a567,user347@gmail.com,placeholder,User347,Test347,CUSTOMER,,2026-01-01,2026-01-01
cf31135e-93b7-44ce-b2a9-4d693e61ab9d,user348@gmail.com,placeholder,User348,Test348,CUSTOMER,,2026-01-01,2026-01-01
8ad10562-2cf3-4063-9aec-31d03b4f816d,user349@gmail.com,placeholder,User349,Test349,CUSTOMER,,2026-01-01,2026-01-01
d9691072-ec02-4a62-802f-7d18077ce55c,user350@gmail.com,placeholder,User350,Test350,CUSTOMER,,2026-01-01,2026-01-01
84c719a3-037a-40b7-9569-6ca4d1805ed9,user351@gmail.com,placeholder,User351,Test351,CUSTOMER,,2026-01-01,2026-01-01
b1b7bce6-ddea-4823-b001-db364ef8eafd,user352@gmail.com,placeholder,User352,Test352,CUSTOMER,,2026-01-01,2026-01-01
5a098b94-6f58-46b8-bb36-89a1069e3bcf,user353@gmail.com,placeholder,User353,Test353,CUSTOMER,,2026-01-01,2026-01-01
63b96149-bb0b-46a7-a81d-08c0331dcca6,user354@gmail.com,placeholder,User354,Test354,CUSTOMER,,2026-01-01,2026-01-01
7b365ced-94e4-40a2-b4b2-a1db6a7e5fe1,user355@gmail.com,placeholder,User355,Test355,CUSTOMER,,2026-01-01,2026-01-01
6092262d-c892-4238-8da3-72a378ea8e8c,user356@gmail.com,placeholder,User356,Test356,CUSTOMER,,2026-01-01,2026-01-01
d06b54fe-1b0c-4dbb-80ce-c7bb43618d2f,user357@gmail.com,placeholder,User357,Test357,CUSTOMER,,2026-01-01,2026-01-01
6f1de1eb-102e-470f-bb92-9cc8464b7c05,user358@gmail.com,placeholder,User358,Test358,CUSTOMER,,2026-01-01,2026-01-01
b6ee2eba-06fe-43c9-b1c0-5ac1ff3e4ffc,user359@gmail.com,placeholder,User359,Test359,CUSTOMER,,2026-01-01,2026-01-01
6931c381-d4b9-434d-a048-6e586224d189,user360@gmail.com,placeholder,User360,Test360,CUSTOMER,,2026-01-01,2026-01-01
4f6b3d5c-9010-4bc0-92a1-c3b551d21ba4,user361@gmail.com,placeholder,User361,Test361,CUSTOMER,,2026-01-01,2026-01-01
4e76b44e-3c1b-448f-81dd-5bf98ef23a0e,user362@gmail.com,placeholder,User362,Test362,CUSTOMER,,2026-01-01,2026-01-01
695e3b66-29b3-4903-aa98-312ff8fe479b,user363@gmail.com,placeholder,User363,Test363,CUSTOMER,,2026-01-01,2026-01-01
92853745-ff0b-4611-8763-d74535510344,user364@gmail.com,placeholder,User364,Test364,CUSTOMER,,2026-01-01,2026-01-01
b4a9fad1-73aa-4bf4-8b07-4045af9902f2,user365@gmail.com,placeholder,User365,Test365,CUSTOMER,,2026-01-01,2026-01-01
43db19d2-af62-4e70-98b8-4cd831fc5fee,user366@gmail.com,placeholder,User366,Test366,CUSTOMER,,2026-01-01,2026-01-01
9ab810b4-96df-4d1a-8123-df05cb67dbc5,user367@gmail.com,placeholder,User367,Test367,CUSTOMER,,2026-01-01,2026-01-01
4afa44e8-c438-4925-a597-0eb6e5719687,user368@gmail.com,placeholder,User368,Test368,CUSTOMER,,2026-01-01,2026-01-01
2b5b9da4-1e6c-454d-b17d-9dd46e3c2ca3,user369@gmail.com,placeholder,User369,Test369,CUSTOMER,,2026-01-01,2026-01-01
31cb3b6a-0762-4e0a-9d83-5935c9b38795,user370@gmail.com,placeholder,User370,Test370,CUSTOMER,,2026-01-01,2026-01-01
ac04f443-aba9-4ce9-9ef6-5449dd6624b8,user371@gmail.com,placeholder,User371,Test371,CUSTOMER,,2026-01-01,2026-01-01
61d6e662-4da1-47bd-a94a-9ac2700a6051,user372@gmail.com,placeholder,User372,Test372,CUSTOMER,,2026-01-01,2026-01-01
f92f07d0-d5b4-4ff1-bf57-4fa7c3ac5eb9,user373@gmail.com,placeholder,User373,Test373,CUSTOMER,,2026-01-01,2026-01-01
9197d37f-515e-459c-a937-e8bbeca15a9e,user374@gmail.com,placeholder,User374,Test374,CUSTOMER,,2026-01-01,2026-01-01
dd203812-c6ea-435d-b67f-ff19779ccbc9,user375@gmail.com,placeholder,User375,Test375,CUSTOMER,,2026-01-01,2026-01-01
1cb19353-fec7-4028-a66b-bc69297b5e70,user376@gmail.com,placeholder,User376,Test376,CUSTOMER,,2026-01-01,2026-01-01
28c7fe29-77e3-4ce2-8c36-a0d7c72f59a0,user377@gmail.com,placeholder,User377,Test377,CUSTOMER,,2026-01-01,2026-01-01
2003f2a3-1e04-4263-a157-674c99b1513d,user378@gmail.com,placeholder,User378,Test378,CUSTOMER,,2026-01-01,2026-01-01
3ee3b35b-6f8f-4913-9759-218f5c78bc33,user379@gmail.com,placeholder,User379,Test379,CUSTOMER,,2026-01-01,2026-01-01
4d8dddd7-c384-496b-819b-c123f047dfc0,user380@gmail.com,placeholder,User380,Test380,CUSTOMER,,2026-01-01,2026-01-01
8122f4da-916e-4fbd-9678-69c380bff228,user381@gmail.com,placeholder,User381,Test381,CUSTOMER,,2026-01-01,2026-01-01
ea98118a-6065-486b-a785-d72332941dda,user382@gmail.com,placeholder,User382,Test382,CUSTOMER,,2026-01-01,2026-01-01
73c62414-e498-4c31-9c13-9d576f1befe3,user383@gmail.com,placeholder,User383,Test383,CUSTOMER,,2026-01-01,2026-01-01
e1b979d7-68a1-4fed-b293-efa80c9b92ed,user384@gmail.com,placeholder,User384,Test384,CUSTOMER,,2026-01-01,2026-01-01
bec6be57-4b64-4242-99fd-583d49622061,user385@gmail.com,placeholder,User385,Test385,CUSTOMER,,2026-01-01,2026-01-01
6a4fb9f7-30e7-4bf5-8c40-039a0b2643c5,user386@gmail.com,placeholder,User386,Test386,CUSTOMER,,2026-01-01,2026-01-01
bc5332b3-c968-459c-bccf-c079713cc4f4,user387@gmail.com,placeholder,User387,Test387,CUSTOMER,,2026-01-01,2026-01-01
62078b80-b636-4f46-bbbc-42430aee190f,user388@gmail.com,placeholder,User388,Test388,CUSTOMER,,2026-01-01,2026-01-01
950ae98b-da8f-4f06-9064-9459027770f9,user389@gmail.com,placeholder,User389,Test389,CUSTOMER,,2026-01-01,2026-01-01
e0f52295-3fd6-42c7-9041-d8de54c49b9c,user390@gmail.com,placeholder,User390,Test390,CUSTOMER,,2026-01-01,2026-01-01
51af7526-6729-4461-aaa7-c7d540e3ba5c,user391@gmail.com,placeholder,User391,Test391,CUSTOMER,,2026-01-01,2026-01-01
bc52e2d0-ef40-4ebc-baab-66ebc772bc87,user392@gmail.com,placeholder,User392,Test392,CUSTOMER,,2026-01-01,2026-01-01
786cb0ee-6998-4fb7-8ffa-9291028f5c69,user393@gmail.com,placeholder,User393,Test393,CUSTOMER,,2026-01-01,2026-01-01
b075d676-dc30-4db5-a320-eac29bed1249,user394@gmail.com,placeholder,User394,Test394,CUSTOMER,,2026-01-01,2026-01-01
49533238-4748-41c9-8c49-124ad8d73fb9,user395@gmail.com,placeholder,User395,Test395,CUSTOMER,,2026-01-01,2026-01-01
8f03dad3-aa81-472f-b548-d6386f460d3c,user396@gmail.com,placeholder,User396,Test396,CUSTOMER,,2026-01-01,2026-01-01
ab880afa-63e9-4619-bd2b-61d8027e7bff,user397@gmail.com,placeholder,User397,Test397,CUSTOMER,,2026-01-01,2026-01-01
a6b76713-a8eb-45d7-8458-283da362be6a,user398@gmail.com,placeholder,User398,Test398,CUSTOMER,,2026-01-01,2026-01-01
fdb7c8db-6f30-4841-8483-851b12aab9d4,user399@gmail.com,placeholder,User399,Test399,CUSTOMER,,2026-01-01,2026-01-01
0924c208-348d-4c4a-8e8c-c456e696eeb1,user400@gmail.com,placeholder,User400,Test400,CUSTOMER,,2026-01-01,2026-01-01
2dbeeb8f-dfd4-4e8f-9805-2fca5af4048e,user401@gmail.com,placeholder,User401,Test401,CUSTOMER,,2026-01-01,2026-01-01
21e44d6e-7683-4391-b895-4c896c929d93,user402@gmail.com,placeholder,User402,Test402,CUSTOMER,,2026-01-01,2026-01-01
fb2e310a-1570-45c8-b305-9dc61cc2cac6,user403@gmail.com,placeholder,User403,Test403,CUSTOMER,,2026-01-01,2026-01-01
87751cc1-90db-4966-863e-6827aaa76a81,user404@gmail.com,placeholder,User404,Test404,CUSTOMER,,2026-01-01,2026-01-01
f1256b12-4f81-40ab-a3a1-c927b59970af,user405@gmail.com,placeholder,User405,Test405,CUSTOMER,,2026-01-01,2026-01-01
77546a81-988a-495b-92c1-8e188cb423bf,user406@gmail.com,placeholder,User406,Test406,CUSTOMER,,2026-01-01,2026-01-01
88448d58-2424-4026-8c92-9bb306d91e2f,user407@gmail.com,placeholder,User407,Test407,CUSTOMER,,2026-01-01,2026-01-01
5b3c0b01-0830-4ab3-a209-e0f4f5238da4,user408@gmail.com,placeholder,User408,Test408,CUSTOMER,,2026-01-01,2026-01-01
26708a8c-62b3-43dc-91f4-e5ed2b7abea0,user409@gmail.com,placeholder,User409,Test409,CUSTOMER,,2026-01-01,2026-01-01
0c738cdc-7f97-4307-a5fb-b877293fabf6,user410@gmail.com,placeholder,User410,Test410,CUSTOMER,,2026-01-01,2026-01-01
69ca4d58-3c7c-4b43-b969-74fddcc77a72,user411@gmail.com,placeholder,User411,Test411,CUSTOMER,,2026-01-01,2026-01-01
dab9a68f-229a-4e28-8955-4d73d2227e45,user412@gmail.com,placeholder,User412,Test412,CUSTOMER,,2026-01-01,2026-01-01
edfcf3e0-ce09-4b84-94e5-864af398f64e,user413@gmail.com,placeholder,User413,Test413,CUSTOMER,,2026-01-01,2026-01-01
614d056c-dce3-4d77-ba3c-6c0e4720bb48,user414@gmail.com,placeholder,User414,Test414,CUSTOMER,,2026-01-01,2026-01-01
32ef04b4-e286-42da-b823-f72ae5282e9b,user415@gmail.com,placeholder,User415,Test415,CUSTOMER,,2026-01-01,2026-01-01
b76f1b68-77b9-4f77-9d7c-3812c48f7026,user416@gmail.com,placeholder,User416,Test416,CUSTOMER,,2026-01-01,2026-01-01
7740e26e-177d-4c4e-89ef-6c126adb5d22,user417@gmail.com,placeholder,User417,Test417,CUSTOMER,,2026-01-01,2026-01-01
df11c087-eb27-4bd1-962e-1adb35f266c2,user418@gmail.com,placeholder,User418,Test418,CUSTOMER,,2026-01-01,2026-01-01
6d2cfe50-7927-4aac-a1bb-4e94bf75d400,user419@gmail.com,placeholder,User419,Test419,CUSTOMER,,2026-01-01,2026-01-01
f59b8731-f6cc-4848-89c2-a76fee59459f,user420@gmail.com,placeholder,User420,Test420,CUSTOMER,,2026-01-01,2026-01-01
02d938fb-bb32-4d45-bc4c-e6231957e957,user421@gmail.com,placeholder,User421,Test421,CUSTOMER,,2026-01-01,2026-01-01
b3cf8a6f-e2fa-4244-a204-442e974ad52d,user422@gmail.com,placeholder,User422,Test422,CUSTOMER,,2026-01-01,2026-01-01
2568a223-3b8d-4bd9-be4d-73eb7faa6188,user423@gmail.com,placeholder,User423,Test423,CUSTOMER,,2026-01-01,2026-01-01
cc93fd01-6c43-4985-ae32-9b8fd3378fa6,user424@gmail.com,placeholder,User424,Test424,CUSTOMER,,2026-01-01,2026-01-01
3197f341-ad9f-4779-80ac-f8f5fbfc9847,user425@gmail.com,placeholder,User425,Test425,CUSTOMER,,2026-01-01,2026-01-01
d9e8b874-ca0b-4e2f-ac9b-6fbc9c89c3f1,user426@gmail.com,placeholder,User426,Test426,CUSTOMER,,2026-01-01,2026-01-01
4767fc1f-6f0b-479f-9309-342480fad9a4,user427@gmail.com,placeholder,User427,Test427,CUSTOMER,,2026-01-01,2026-01-01
8ed85172-eb45-4e06-96ae-92af07e4ad5d,user428@gmail.com,placeholder,User428,Test428,CUSTOMER,,2026-01-01,2026-01-01
70e97319-45ea-471b-bfe4-625e0bbde88e,user429@gmail.com,placeholder,User429,Test429,CUSTOMER,,2026-01-01,2026-01-01
379fb547-cb24-45fa-947e-0aef4214cfeb,user430@gmail.com,placeholder,User430,Test430,CUSTOMER,,2026-01-01,2026-01-01
ba578b26-f8ab-4199-aa08-910deb54415b,user431@gmail.com,placeholder,User431,Test431,CUSTOMER,,2026-01-01,2026-01-01
d239f8a3-c501-40a3-9f16-228a2da44238,user432@gmail.com,placeholder,User432,Test432,CUSTOMER,,2026-01-01,2026-01-01
a500926f-6791-4897-8436-79f1eff78842,user433@gmail.com,placeholder,User433,Test433,CUSTOMER,,2026-01-01,2026-01-01
ac471707-5694-43ea-866e-8c3cc3ca5ef1,user434@gmail.com,placeholder,User434,Test434,CUSTOMER,,2026-01-01,2026-01-01
b6d46221-d317-46da-9a31-df28e60568df,user435@gmail.com,placeholder,User435,Test435,CUSTOMER,,2026-01-01,2026-01-01
770b7e4d-9986-47a1-988c-803aff64e584,user436@gmail.com,placeholder,User436,Test436,CUSTOMER,,2026-01-01,2026-01-01
031eaec1-2d5b-4189-800a-357eb87baf33,user437@gmail.com,placeholder,User437,Test437,CUSTOMER,,2026-01-01,2026-01-01
1cca5dee-69d3-43ba-aaa5-531b5688de10,user438@gmail.com,placeholder,User438,Test438,CUSTOMER,,2026-01-01,2026-01-01
83b7ffc3-308a-4de9-86f9-12ecc06d6807,user439@gmail.com,placeholder,User439,Test439,CUSTOMER,,2026-01-01,2026-01-01
79b7fb06-4143-4fcd-99e3-86c6758928ad,user440@gmail.com,placeholder,User440,Test440,CUSTOMER,,2026-01-01,2026-01-01
dd353cbf-647c-495b-b96f-6d75283470aa,user441@gmail.com,placeholder,User441,Test441,CUSTOMER,,2026-01-01,2026-01-01
7567bf0e-a728-4141-b6d9-063387813d33,user442@gmail.com,placeholder,User442,Test442,CUSTOMER,,2026-01-01,2026-01-01
c99a0a0b-be9d-4cfd-b3fe-9a871227ba45,user443@gmail.com,placeholder,User443,Test443,CUSTOMER,,2026-01-01,2026-01-01
7a8e3bbd-03bb-4479-8ee5-27305a964b5f,user444@gmail.com,placeholder,User444,Test444,CUSTOMER,,2026-01-01,2026-01-01
16c052c1-738b-4a4a-88aa-4a63d2784f13,user445@gmail.com,placeholder,User445,Test445,CUSTOMER,,2026-01-01,2026-01-01
79552123-2c73-45d5-a8fb-3f41c7813091,user446@gmail.com,placeholder,User446,Test446,CUSTOMER,,2026-01-01,2026-01-01
b6ff41d2-0590-423b-95af-42c90f1fe2a9,user447@gmail.com,placeholder,User447,Test447,CUSTOMER,,2026-01-01,2026-01-01
18c5166b-a764-4c18-98a5-7133fa8e5540,user448@gmail.com,placeholder,User448,Test448,CUSTOMER,,2026-01-01,2026-01-01
aa072f9f-a9f8-4bd1-b4c0-25f727368b02,user449@gmail.com,placeholder,User449,Test449,CUSTOMER,,2026-01-01,2026-01-01
1739710e-662a-4d4e-a700-db1f03e22139,user450@gmail.com,placeholder,User450,Test450,CUSTOMER,,2026-01-01,2026-01-01
c6418469-0fb7-49a3-8041-14495720ef30,user451@gmail.com,placeholder,User451,Test451,CUSTOMER,,2026-01-01,2026-01-01
b0285307-0deb-4030-b422-b9801a14caa0,user452@gmail.com,placeholder,User452,Test452,CUSTOMER,,2026-01-01,2026-01-01
0e415896-9ed9-4796-b831-aebbf6492b55,user453@gmail.com,placeholder,User453,Test453,CUSTOMER,,2026-01-01,2026-01-01
990ae864-f42a-432f-9416-eb4a5e75d65a,user454@gmail.com,placeholder,User454,Test454,CUSTOMER,,2026-01-01,2026-01-01
66cfaf99-c32a-445f-b379-0927a7d194af,user455@gmail.com,placeholder,User455,Test455,CUSTOMER,,2026-01-01,2026-01-01
0df2947f-cfdf-4dbc-be1e-cac27bff4106,user456@gmail.com,placeholder,User456,Test456,CUSTOMER,,2026-01-01,2026-01-01
125e0e41-291f-404b-8876-27b84ff97456,user457@gmail.com,placeholder,User457,Test457,CUSTOMER,,2026-01-01,2026-01-01
6fd3afca-3f53-448f-a54a-6003e50e1559,user458@gmail.com,placeholder,User458,Test458,CUSTOMER,,2026-01-01,2026-01-01
d172a476-8763-461b-af57-cef65cec361d,user459@gmail.com,placeholder,User459,Test459,CUSTOMER,,2026-01-01,2026-01-01
09ceb402-ff0e-465d-9c66-bce76a87efcb,user460@gmail.com,placeholder,User460,Test460,CUSTOMER,,2026-01-01,2026-01-01
498f4889-abfb-4e37-aa6c-bbf678c58746,user461@gmail.com,placeholder,User461,Test461,CUSTOMER,,2026-01-01,2026-01-01
1dc72da5-a277-4a00-9e0b-043cd26541c8,user462@gmail.com,placeholder,User462,Test462,CUSTOMER,,2026-01-01,2026-01-01
9760b626-e421-43b0-a368-860bcdfdb10f,user463@gmail.com,placeholder,User463,Test463,CUSTOMER,,2026-01-01,2026-01-01
cc96eb18-6152-4367-866b-2bf9862147b1,user464@gmail.com,placeholder,User464,Test464,CUSTOMER,,2026-01-01,2026-01-01
d73cd3ac-8a41-4223-8b14-22f8025c93bc,user465@gmail.com,placeholder,User465,Test465,CUSTOMER,,2026-01-01,2026-01-01
3bb29a55-78bb-4be6-adf8-c8f1a2ca0715,user466@gmail.com,placeholder,User466,Test466,CUSTOMER,,2026-01-01,2026-01-01
98d3f1d3-5d6a-4175-80dd-7ca3102fe034,user467@gmail.com,placeholder,User467,Test467,CUSTOMER,,2026-01-01,2026-01-01
b2a0025c-996a-4f9c-865d-33fea818e027,user468@gmail.com,placeholder,User468,Test468,CUSTOMER,,2026-01-01,2026-01-01
f6b1451f-c614-4d01-ae4f-5a8050eae502,user469@gmail.com,placeholder,User469,Test469,CUSTOMER,,2026-01-01,2026-01-01
363eabc7-7896-4bc9-8451-7811fe3c91c5,user470@gmail.com,placeholder,User470,Test470,CUSTOMER,,2026-01-01,2026-01-01
4e6a1bfe-266c-4367-a3a5-2b00e11f8921,user471@gmail.com,placeholder,User471,Test471,CUSTOMER,,2026-01-01,2026-01-01
fad267e0-0942-4a1f-a748-c8dbcaae718d,user472@gmail.com,placeholder,User472,Test472,CUSTOMER,,2026-01-01,2026-01-01
ea633800-0121-4b38-87c7-d261b2fffb3e,user473@gmail.com,placeholder,User473,Test473,CUSTOMER,,2026-01-01,2026-01-01
56f63997-5dd1-4191-a55d-55f5082afe7c,user474@gmail.com,placeholder,User474,Test474,CUSTOMER,,2026-01-01,2026-01-01
aa68cc29-924d-49ce-a1c5-3bc5abd031a1,user475@gmail.com,placeholder,User475,Test475,CUSTOMER,,2026-01-01,2026-01-01
0356a530-1c4a-405f-886e-726f3d101553,user476@gmail.com,placeholder,User476,Test476,CUSTOMER,,2026-01-01,2026-01-01
5f58b1cf-aff5-4217-86c6-c89a0de60069,user477@gmail.com,placeholder,User477,Test477,CUSTOMER,,2026-01-01,2026-01-01
e7f4c177-01b1-49f1-ad35-5f304e237751,user478@gmail.com,placeholder,User478,Test478,CUSTOMER,,2026-01-01,2026-01-01
e84bd644-0ddb-41ce-b598-ee5dff3b1896,user479@gmail.com,placeholder,User479,Test479,CUSTOMER,,2026-01-01,2026-01-01
4a493799-998e-4320-b1fc-860191048410,user480@gmail.com,placeholder,User480,Test480,CUSTOMER,,2026-01-01,2026-01-01
886bdfb6-8749-45a0-9d02-112b408fdf57,user481@gmail.com,placeholder,User481,Test481,CUSTOMER,,2026-01-01,2026-01-01
a7c15fce-f28d-4a81-8392-6813cbcb8209,user482@gmail.com,placeholder,User482,Test482,CUSTOMER,,2026-01-01,2026-01-01
935e6462-3fd9-4279-8a29-924704bc810c,user483@gmail.com,placeholder,User483,Test483,CUSTOMER,,2026-01-01,2026-01-01
fbe15e85-7a50-4f0f-a64d-e18919737526,user484@gmail.com,placeholder,User484,Test484,CUSTOMER,,2026-01-01,2026-01-01
c49d9d3f-a8f3-41bf-8d94-7092d77527ad,user485@gmail.com,placeholder,User485,Test485,CUSTOMER,,2026-01-01,2026-01-01
9ac7dce5-4c5c-41ff-8c38-e0216eeab689,user486@gmail.com,placeholder,User486,Test486,CUSTOMER,,2026-01-01,2026-01-01
18e68bba-61fc-40a9-8900-b1401d257d9c,user487@gmail.com,placeholder,User487,Test487,CUSTOMER,,2026-01-01,2026-01-01
f122c8e2-88a5-410d-bedb-efdcb99690c2,user488@gmail.com,placeholder,User488,Test488,CUSTOMER,,2026-01-01,2026-01-01
9df18120-4dd3-4298-a294-dba450b80bdb,user489@gmail.com,placeholder,User489,Test489,CUSTOMER,,2026-01-01,2026-01-01
3a9b77df-e4be-434b-b7bb-8e2e14ae42d5,user490@gmail.com,placeholder,User490,Test490,CUSTOMER,,2026-01-01,2026-01-01
cf90ee13-435c-42b2-9916-13174411246e,user491@gmail.com,placeholder,User491,Test491,CUSTOMER,,2026-01-01,2026-01-01
daca11c3-55da-4fb4-9730-fdf18dbd42d9,user492@gmail.com,placeholder,User492,Test492,CUSTOMER,,2026-01-01,2026-01-01
5e3f3ab6-4f98-440f-93d9-41ac099b1955,user493@gmail.com,placeholder,User493,Test493,CUSTOMER,,2026-01-01,2026-01-01
f3489dd5-bd8d-4e9a-baea-66bd865c5478,user494@gmail.com,placeholder,User494,Test494,CUSTOMER,,2026-01-01,2026-01-01
a480bdb2-f2e9-4bcf-a0cd-3c1dacba567f,user495@gmail.com,placeholder,User495,Test495,CUSTOMER,,2026-01-01,2026-01-01
002a37df-3d2e-4c85-ac9d-8fef0a1cc666,user496@gmail.com,placeholder,User496,Test496,CUSTOMER,,2026-01-01,2026-01-01
7138626e-fd50-4a22-b97b-1d137b19596f,user497@gmail.com,placeholder,User497,Test497,CUSTOMER,,2026-01-01,2026-01-01
c7349334-957d-4215-a5a2-13033e7bcd89,user498@gmail.com,placeholder,User498,Test498,CUSTOMER,,2026-01-01,2026-01-01
dd4849dc-734f-4ea1-9f34-5457c2e92f82,user499@gmail.com,placeholder,User499,Test499,CUSTOMER,,2026-01-01,2026-01-01
915e17da-9725-4146-8510-4d50ba571fb7,user500@gmail.com,placeholder,User500,Test500,CUSTOMER,,2026-01-01,2026-01-01
24ccaffc-216e-430d-be68-298046da306b,user501@gmail.com,placeholder,User501,Test501,CUSTOMER,,2026-01-01,2026-01-01
0d179aa8-01fd-44fd-b497-f952e6e59179,user502@gmail.com,placeholder,User502,Test502,CUSTOMER,,2026-01-01,2026-01-01
50aa884d-1a5f-450e-99f6-300a5e817d80,user503@gmail.com,placeholder,User503,Test503,CUSTOMER,,2026-01-01,2026-01-01
f61bf4a8-e2a9-40f2-96a9-c6dd8555c6d0,user504@gmail.com,placeholder,User504,Test504,CUSTOMER,,2026-01-01,2026-01-01
7140887f-bdc0-43d2-b9c8-56abce63f228,user505@gmail.com,placeholder,User505,Test505,CUSTOMER,,2026-01-01,2026-01-01
ad9ec479-8ab8-4f12-85c9-133bff8e1112,user506@gmail.com,placeholder,User506,Test506,CUSTOMER,,2026-01-01,2026-01-01
d9bc6c9c-a986-45f9-bfe9-4890c544f58c,user507@gmail.com,placeholder,User507,Test507,CUSTOMER,,2026-01-01,2026-01-01
8ccf2d8b-073e-45e9-83ce-ed1417f63fd0,user508@gmail.com,placeholder,User508,Test508,CUSTOMER,,2026-01-01,2026-01-01
de39ff28-7909-4ead-bec7-b38fae05a928,user509@gmail.com,placeholder,User509,Test509,CUSTOMER,,2026-01-01,2026-01-01
f573993b-83ff-4f21-b157-b054473b14d8,user510@gmail.com,placeholder,User510,Test510,CUSTOMER,,2026-01-01,2026-01-01
1218b727-47b7-4787-b926-b66f763de652,user511@gmail.com,placeholder,User511,Test511,CUSTOMER,,2026-01-01,2026-01-01
248dd1f2-0d25-4218-90d3-7c82ab8b6a17,user512@gmail.com,placeholder,User512,Test512,CUSTOMER,,2026-01-01,2026-01-01
158d9d35-e6ba-4e04-bef1-5651b21090e1,user513@gmail.com,placeholder,User513,Test513,CUSTOMER,,2026-01-01,2026-01-01
7fccaf1c-8ae1-4a33-aaff-96c9a4a222b4,user514@gmail.com,placeholder,User514,Test514,CUSTOMER,,2026-01-01,2026-01-01
94cc57a9-2163-46e0-986d-25d00b52f160,user515@gmail.com,placeholder,User515,Test515,CUSTOMER,,2026-01-01,2026-01-01
72f5bb39-0401-4d37-8fef-923a1f77eb9a,user516@gmail.com,placeholder,User516,Test516,CUSTOMER,,2026-01-01,2026-01-01
d0355456-a002-4b77-a512-c81e48309128,user517@gmail.com,placeholder,User517,Test517,CUSTOMER,,2026-01-01,2026-01-01
51727f71-55ce-4e25-9e32-71163b9cebfd,user518@gmail.com,placeholder,User518,Test518,CUSTOMER,,2026-01-01,2026-01-01
e1c48eab-610d-41c4-b148-1f26fdc9ca90,user519@gmail.com,placeholder,User519,Test519,CUSTOMER,,2026-01-01,2026-01-01
c510c6ec-4ad6-45b5-9eb2-ce6623d8e0ec,user520@gmail.com,placeholder,User520,Test520,CUSTOMER,,2026-01-01,2026-01-01
aeeb79fc-85e8-4888-9b5c-951b2cca5030,user521@gmail.com,placeholder,User521,Test521,CUSTOMER,,2026-01-01,2026-01-01
15ba85ce-9075-4040-a2af-a60ad01b6aa6,user522@gmail.com,placeholder,User522,Test522,CUSTOMER,,2026-01-01,2026-01-01
30b7b03e-bb78-4b92-8b19-a63f9b96065d,user523@gmail.com,placeholder,User523,Test523,CUSTOMER,,2026-01-01,2026-01-01
3fa249b2-de83-4180-aa78-b32ceda7c2a1,user524@gmail.com,placeholder,User524,Test524,CUSTOMER,,2026-01-01,2026-01-01
0f8d765e-de91-4c00-a8db-cf55310b4e0d,user525@gmail.com,placeholder,User525,Test525,CUSTOMER,,2026-01-01,2026-01-01
dfa423de-cb32-4b7d-9351-82bf2f10073c,user526@gmail.com,placeholder,User526,Test526,CUSTOMER,,2026-01-01,2026-01-01
9c5132b1-f837-4cfd-9953-e33acadb068a,user527@gmail.com,placeholder,User527,Test527,CUSTOMER,,2026-01-01,2026-01-01
9413de68-a3c0-4815-a934-cf2e36fc3446,user528@gmail.com,placeholder,User528,Test528,CUSTOMER,,2026-01-01,2026-01-01
3680e415-a483-4bbf-b0fb-56df59b1b26a,user529@gmail.com,placeholder,User529,Test529,CUSTOMER,,2026-01-01,2026-01-01
efc6c184-ca38-4b13-99a8-b521015ffa89,user530@gmail.com,placeholder,User530,Test530,CUSTOMER,,2026-01-01,2026-01-01
034be281-66e6-4dae-9f92-cbe915a1fc73,user531@gmail.com,placeholder,User531,Test531,CUSTOMER,,2026-01-01,2026-01-01
507a2020-8d84-4856-ba62-3331e717f4ac,user532@gmail.com,placeholder,User532,Test532,CUSTOMER,,2026-01-01,2026-01-01
ab2d7bdc-cd12-4558-a169-234449a5b5e6,user533@gmail.com,placeholder,User533,Test533,CUSTOMER,,2026-01-01,2026-01-01
9c66d693-de89-44ab-ae55-cc38da0d360a,user534@gmail.com,placeholder,User534,Test534,CUSTOMER,,2026-01-01,2026-01-01
72218653-da5f-46cc-b3f0-4ec592ea8fd9,user535@gmail.com,placeholder,User535,Test535,CUSTOMER,,2026-01-01,2026-01-01
ae6489a3-eafe-4a14-9d8f-ac195c6ab423,user536@gmail.com,placeholder,User536,Test536,CUSTOMER,,2026-01-01,2026-01-01
3695068b-d085-4211-b2db-caa9f779f4b2,user537@gmail.com,placeholder,User537,Test537,CUSTOMER,,2026-01-01,2026-01-01
e3c599cb-09d3-4972-89a6-f286a150cb78,user538@gmail.com,placeholder,User538,Test538,CUSTOMER,,2026-01-01,2026-01-01
e5eeec87-3e90-4351-9d00-edb5beed6c38,user539@gmail.com,placeholder,User539,Test539,CUSTOMER,,2026-01-01,2026-01-01
5e3b2737-517e-4380-a81d-41c3cd590e71,user540@gmail.com,placeholder,User540,Test540,CUSTOMER,,2026-01-01,2026-01-01
4a103c41-d232-4995-abe6-88c70db8aa98,user541@gmail.com,placeholder,User541,Test541,CUSTOMER,,2026-01-01,2026-01-01
171340a1-c0c4-4839-9df9-f962def99de2,user542@gmail.com,placeholder,User542,Test542,CUSTOMER,,2026-01-01,2026-01-01
fb8d945b-6b1d-4b1a-a42f-8aa880d692f6,user543@gmail.com,placeholder,User543,Test543,CUSTOMER,,2026-01-01,2026-01-01
72bfcfce-3b51-41e3-8a35-fb8f72bbda3c,user544@gmail.com,placeholder,User544,Test544,CUSTOMER,,2026-01-01,2026-01-01
197329e2-377a-4f8f-98e1-3fca75ff4427,user545@gmail.com,placeholder,User545,Test545,CUSTOMER,,2026-01-01,2026-01-01
d38dc97f-3bf1-424e-bd5d-fea8516abfde,user546@gmail.com,placeholder,User546,Test546,CUSTOMER,,2026-01-01,2026-01-01
3c6c9471-48aa-4548-bb3a-2e17b4729625,user547@gmail.com,placeholder,User547,Test547,CUSTOMER,,2026-01-01,2026-01-01
750c5cd6-739d-475a-b7e2-e57cd737a28f,user548@gmail.com,placeholder,User548,Test548,CUSTOMER,,2026-01-01,2026-01-01
cf9386f8-1d18-4c91-940d-691262c1396c,user549@gmail.com,placeholder,User549,Test549,CUSTOMER,,2026-01-01,2026-01-01
f63218df-05a9-4f54-b441-03ac07fe9ff8,user550@gmail.com,placeholder,User550,Test550,CUSTOMER,,2026-01-01,2026-01-01
1efde221-90f9-4be6-8863-fb72e8a43c1d,user551@gmail.com,placeholder,User551,Test551,CUSTOMER,,2026-01-01,2026-01-01
7993792f-f786-43f9-a803-5c4babf86b06,user552@gmail.com,placeholder,User552,Test552,CUSTOMER,,2026-01-01,2026-01-01
fa9d325c-6f15-4991-8196-512fe71ddf8f,user553@gmail.com,placeholder,User553,Test553,CUSTOMER,,2026-01-01,2026-01-01
048f78e4-3d9a-433e-9cf9-edbe186bfae8,user554@gmail.com,placeholder,User554,Test554,CUSTOMER,,2026-01-01,2026-01-01
f6abd444-ed5e-42a6-8da6-7f1763078f18,user555@gmail.com,placeholder,User555,Test555,CUSTOMER,,2026-01-01,2026-01-01
b45d167c-ba48-468b-82e3-c851973038b4,user556@gmail.com,placeholder,User556,Test556,CUSTOMER,,2026-01-01,2026-01-01
c6550478-51ab-42f1-b5ae-c1ffcff2d1c3,user557@gmail.com,placeholder,User557,Test557,CUSTOMER,,2026-01-01,2026-01-01
ca8ba8be-8527-4278-8eb8-0c2ff7d182fb,user558@gmail.com,placeholder,User558,Test558,CUSTOMER,,2026-01-01,2026-01-01
17b83215-b63b-4e2e-bfab-eefb6e0866de,user559@gmail.com,placeholder,User559,Test559,CUSTOMER,,2026-01-01,2026-01-01
8cbac20e-168f-43e9-bee0-72d885b19728,user560@gmail.com,placeholder,User560,Test560,CUSTOMER,,2026-01-01,2026-01-01
1f8a8195-5145-4d01-afd4-d2059c5c1c88,user561@gmail.com,placeholder,User561,Test561,CUSTOMER,,2026-01-01,2026-01-01
45e67dec-a666-4acb-968d-76e2ab1ab1c8,user562@gmail.com,placeholder,User562,Test562,CUSTOMER,,2026-01-01,2026-01-01
26fef01b-aef5-4346-becf-02628cfd056a,user563@gmail.com,placeholder,User563,Test563,CUSTOMER,,2026-01-01,2026-01-01
b42f253e-0dd8-46bc-b22c-27870e29d249,user564@gmail.com,placeholder,User564,Test564,CUSTOMER,,2026-01-01,2026-01-01
cac405e8-c6d3-4a61-a824-6cf638c1d44f,user565@gmail.com,placeholder,User565,Test565,CUSTOMER,,2026-01-01,2026-01-01
fb2a160a-fa8b-49a2-b784-bf52ebf89f3d,user566@gmail.com,placeholder,User566,Test566,CUSTOMER,,2026-01-01,2026-01-01
217a8d6b-ae88-4a79-a8f9-2d904ae168db,user567@gmail.com,placeholder,User567,Test567,CUSTOMER,,2026-01-01,2026-01-01
19fbcf46-e7ea-441a-b7dc-d8c0224c663e,user568@gmail.com,placeholder,User568,Test568,CUSTOMER,,2026-01-01,2026-01-01
12405024-5419-4cda-99a6-b8d7f16e36c1,user569@gmail.com,placeholder,User569,Test569,CUSTOMER,,2026-01-01,2026-01-01
41084849-2e79-4d33-99e9-14f88ed2acbf,user570@gmail.com,placeholder,User570,Test570,CUSTOMER,,2026-01-01,2026-01-01
d87e2663-d38b-4539-80b3-a6c15fab038b,user571@gmail.com,placeholder,User571,Test571,CUSTOMER,,2026-01-01,2026-01-01
701fc372-da93-4f71-b6e2-852bc5807f79,user572@gmail.com,placeholder,User572,Test572,CUSTOMER,,2026-01-01,2026-01-01
361457e9-3e3f-4b2a-9990-d0e02fc6568e,user573@gmail.com,placeholder,User573,Test573,CUSTOMER,,2026-01-01,2026-01-01
efb909ec-9b80-48e0-9b1a-0b8aa419eda9,user574@gmail.com,placeholder,User574,Test574,CUSTOMER,,2026-01-01,2026-01-01
b91ec1fb-6baf-4051-ad8d-93e6a2feaa18,user575@gmail.com,placeholder,User575,Test575,CUSTOMER,,2026-01-01,2026-01-01
ef1bb5aa-2d22-48ce-ac1e-46594bea0e4f,user576@gmail.com,placeholder,User576,Test576,CUSTOMER,,2026-01-01,2026-01-01
d816a107-7dba-444b-994b-9c8de8d6fa60,user577@gmail.com,placeholder,User577,Test577,CUSTOMER,,2026-01-01,2026-01-01
51fff593-1323-4210-846a-a324e750385c,user578@gmail.com,placeholder,User578,Test578,CUSTOMER,,2026-01-01,2026-01-01
6031e08a-3ef0-4ac8-9f59-d7f108068271,user579@gmail.com,placeholder,User579,Test579,CUSTOMER,,2026-01-01,2026-01-01
00cc8380-4dbb-4dd9-a1f3-6ea79c38e386,user580@gmail.com,placeholder,User580,Test580,CUSTOMER,,2026-01-01,2026-01-01
06893eae-71d4-42e0-ac46-17497254ed72,user581@gmail.com,placeholder,User581,Test581,CUSTOMER,,2026-01-01,2026-01-01
be698dd5-c034-4383-8d16-29e9d5cedb53,user582@gmail.com,placeholder,User582,Test582,CUSTOMER,,2026-01-01,2026-01-01
a2895f71-f1d8-472c-a7c0-2d7eaae080b5,user583@gmail.com,placeholder,User583,Test583,CUSTOMER,,2026-01-01,2026-01-01
8ada12e5-2198-4743-b1af-bfc4ffab26b8,user584@gmail.com,placeholder,User584,Test584,CUSTOMER,,2026-01-01,2026-01-01
c546d37d-b504-406c-ac26-d0f10fa383ac,user585@gmail.com,placeholder,User585,Test585,CUSTOMER,,2026-01-01,2026-01-01
74137805-fadd-4af5-b474-82388204bc13,user586@gmail.com,placeholder,User586,Test586,CUSTOMER,,2026-01-01,2026-01-01
7cf07f95-2113-4b9f-b283-9681accbe462,user587@gmail.com,placeholder,User587,Test587,CUSTOMER,,2026-01-01,2026-01-01
1180ef7b-6a00-4357-bc1d-9771468cc496,user588@gmail.com,placeholder,User588,Test588,CUSTOMER,,2026-01-01,2026-01-01
7642edf8-8890-4248-a9f8-2e5fbfabe77e,user589@gmail.com,placeholder,User589,Test589,CUSTOMER,,2026-01-01,2026-01-01
6120b3a9-1e15-434a-99e8-de8b9690331a,user590@gmail.com,placeholder,User590,Test590,CUSTOMER,,2026-01-01,2026-01-01
5a230394-834e-4fcf-8b5e-8665a4b8f142,user591@gmail.com,placeholder,User591,Test591,CUSTOMER,,2026-01-01,2026-01-01
5ef84fc7-2f82-4f47-8770-01ad846881a7,user592@gmail.com,placeholder,User592,Test592,CUSTOMER,,2026-01-01,2026-01-01
c7a662d8-070f-4681-bae3-adbb5f85ee51,user593@gmail.com,placeholder,User593,Test593,CUSTOMER,,2026-01-01,2026-01-01
47859f0e-cdf8-4fb2-bd2e-add74d3a3a32,user594@gmail.com,placeholder,User594,Test594,CUSTOMER,,2026-01-01,2026-01-01
76834c58-bbc2-4c33-bb69-31a7de851f7f,user595@gmail.com,placeholder,User595,Test595,CUSTOMER,,2026-01-01,2026-01-01
4c4c1c65-ef75-4709-b7bc-a0181faf3354,user596@gmail.com,placeholder,User596,Test596,CUSTOMER,,2026-01-01,2026-01-01
0168cdf4-40dc-48a2-822d-0fa142e626d3,user597@gmail.com,placeholder,User597,Test597,CUSTOMER,,2026-01-01,2026-01-01
165e0381-ee52-45f5-8c32-c78b4998c1bd,user598@gmail.com,placeholder,User598,Test598,CUSTOMER,,2026-01-01,2026-01-01
2f69ca54-d18b-4b3d-8378-7745a7e0a08c,user599@gmail.com,placeholder,User599,Test599,CUSTOMER,,2026-01-01,2026-01-01
1b69bd60-f123-49c5-a4cb-19034256b638,user600@gmail.com,placeholder,User600,Test600,CUSTOMER,,2026-01-01,2026-01-01
67302d5f-3adf-4b31-ad56-953ee03ed2b9,user601@gmail.com,placeholder,User601,Test601,CUSTOMER,,2026-01-01,2026-01-01
0907b6bb-134f-416e-b7b2-d9e88be4118e,user602@gmail.com,placeholder,User602,Test602,CUSTOMER,,2026-01-01,2026-01-01
1246d79f-e15e-4949-ab4f-d4904b3c04c3,user603@gmail.com,placeholder,User603,Test603,CUSTOMER,,2026-01-01,2026-01-01
a9973a48-4f9e-47ce-b1b5-83a7108f8264,user604@gmail.com,placeholder,User604,Test604,CUSTOMER,,2026-01-01,2026-01-01
038059d1-7b6a-4d24-8f71-21e7b30c5037,user605@gmail.com,placeholder,User605,Test605,CUSTOMER,,2026-01-01,2026-01-01
7d675d3c-c773-4d13-9178-ef0aa7958aec,user606@gmail.com,placeholder,User606,Test606,CUSTOMER,,2026-01-01,2026-01-01
5568e9bc-3db6-4872-8902-e6b5edf551d5,user607@gmail.com,placeholder,User607,Test607,CUSTOMER,,2026-01-01,2026-01-01
f4d56ebd-4f1f-4933-bc31-db8b7fead500,user608@gmail.com,placeholder,User608,Test608,CUSTOMER,,2026-01-01,2026-01-01
ed028ea9-d9f4-48e9-a5e8-a2da9bed4c60,user609@gmail.com,placeholder,User609,Test609,CUSTOMER,,2026-01-01,2026-01-01
668d48c0-24cf-4aa6-a428-f78b33b0a26d,user610@gmail.com,placeholder,User610,Test610,CUSTOMER,,2026-01-01,2026-01-01
dea38866-7565-4e4f-ac89-6dea4ab9e24a,user611@gmail.com,placeholder,User611,Test611,CUSTOMER,,2026-01-01,2026-01-01
82690683-9370-45c5-86e9-b92885cc812f,user612@gmail.com,placeholder,User612,Test612,CUSTOMER,,2026-01-01,2026-01-01
64bb70b5-eee2-4784-9d3a-539bc5b9eec4,user613@gmail.com,placeholder,User613,Test613,CUSTOMER,,2026-01-01,2026-01-01
0b661dad-f243-499d-9557-54b4b22b377a,user614@gmail.com,placeholder,User614,Test614,CUSTOMER,,2026-01-01,2026-01-01
8b782e8e-3147-45e3-9aac-cdea41aff686,user615@gmail.com,placeholder,User615,Test615,CUSTOMER,,2026-01-01,2026-01-01
6edf61c2-f28d-481f-8762-b6c84a189b2b,user616@gmail.com,placeholder,User616,Test616,CUSTOMER,,2026-01-01,2026-01-01
bc212d5e-4309-48b3-b93b-86a3005017ee,user617@gmail.com,placeholder,User617,Test617,CUSTOMER,,2026-01-01,2026-01-01
9d976939-2faf-4f9c-b768-81e31763df73,user618@gmail.com,placeholder,User618,Test618,CUSTOMER,,2026-01-01,2026-01-01
b09f225d-0910-4f35-844a-9532eab2191a,user619@gmail.com,placeholder,User619,Test619,CUSTOMER,,2026-01-01,2026-01-01
7749c050-3e00-4e50-9c2a-d1b9837022f9,user620@gmail.com,placeholder,User620,Test620,CUSTOMER,,2026-01-01,2026-01-01
51867f1c-6f4b-4f64-927b-8442bb9a0a6b,user621@gmail.com,placeholder,User621,Test621,CUSTOMER,,2026-01-01,2026-01-01
9f5b9218-129a-4ed9-8cd6-30a89324c32f,user622@gmail.com,placeholder,User622,Test622,CUSTOMER,,2026-01-01,2026-01-01
c0c095e8-c19b-4f9b-91e8-b550e8a8f220,user623@gmail.com,placeholder,User623,Test623,CUSTOMER,,2026-01-01,2026-01-01
36d1f755-5921-4e9c-a367-719c8f56cb67,user624@gmail.com,placeholder,User624,Test624,CUSTOMER,,2026-01-01,2026-01-01
dd6547cc-8dc4-41bc-9a3a-1053aef1f21c,user625@gmail.com,placeholder,User625,Test625,CUSTOMER,,2026-01-01,2026-01-01
b1b80ebc-ee9f-4150-85a8-8e9e2d54dcd1,user626@gmail.com,placeholder,User626,Test626,CUSTOMER,,2026-01-01,2026-01-01
cc4fb08c-4996-401b-a1f3-6053e7a24a50,user627@gmail.com,placeholder,User627,Test627,CUSTOMER,,2026-01-01,2026-01-01
249ea764-a45a-413e-87d1-6961e77595a3,user628@gmail.com,placeholder,User628,Test628,CUSTOMER,,2026-01-01,2026-01-01
5684ce81-4653-45de-8d00-591fb7562e12,user629@gmail.com,placeholder,User629,Test629,CUSTOMER,,2026-01-01,2026-01-01
d9cba5be-7fc2-42b9-ab43-1e4714c580b1,user630@gmail.com,placeholder,User630,Test630,CUSTOMER,,2026-01-01,2026-01-01
bf42c0d7-465d-4230-9b5b-3e23957ff21c,user631@gmail.com,placeholder,User631,Test631,CUSTOMER,,2026-01-01,2026-01-01
9f3af1fb-6b3e-447d-8cc9-62cab5592cfb,user632@gmail.com,placeholder,User632,Test632,CUSTOMER,,2026-01-01,2026-01-01
8dd94586-73b2-417a-8aa3-e3804252caf2,user633@gmail.com,placeholder,User633,Test633,CUSTOMER,,2026-01-01,2026-01-01
2e424b65-a2de-4614-a7eb-b8a40df50f05,user634@gmail.com,placeholder,User634,Test634,CUSTOMER,,2026-01-01,2026-01-01
299878cb-ff7e-40dd-93fc-123883c8a352,user635@gmail.com,placeholder,User635,Test635,CUSTOMER,,2026-01-01,2026-01-01
c65c31a4-3f41-4dbb-b5fc-ffa81b3346c1,user636@gmail.com,placeholder,User636,Test636,CUSTOMER,,2026-01-01,2026-01-01
a5cd0e47-0640-450f-9c44-f704723c0478,user637@gmail.com,placeholder,User637,Test637,CUSTOMER,,2026-01-01,2026-01-01
ad0b6261-258e-44de-83de-eb5791bf0ed5,user638@gmail.com,placeholder,User638,Test638,CUSTOMER,,2026-01-01,2026-01-01
8ee64cb8-8756-4a5f-8b1a-2e8b2f6bb3c5,user639@gmail.com,placeholder,User639,Test639,CUSTOMER,,2026-01-01,2026-01-01
8ce0d605-60de-4aa9-bbd5-9d0b42255751,user640@gmail.com,placeholder,User640,Test640,CUSTOMER,,2026-01-01,2026-01-01
de41544b-2b3b-4734-a3f6-7c892b7af1fb,user641@gmail.com,placeholder,User641,Test641,CUSTOMER,,2026-01-01,2026-01-01
45e32a60-85dc-4eff-bd67-540e16b2e1e1,user642@gmail.com,placeholder,User642,Test642,CUSTOMER,,2026-01-01,2026-01-01
bc1a084a-a6b0-47a4-af2a-09983f16e837,user643@gmail.com,placeholder,User643,Test643,CUSTOMER,,2026-01-01,2026-01-01
d3505544-4c3f-483f-8ba9-7df904dd08ad,user644@gmail.com,placeholder,User644,Test644,CUSTOMER,,2026-01-01,2026-01-01
a59ed048-8464-465a-ab01-31f316f14acc,user645@gmail.com,placeholder,User645,Test645,CUSTOMER,,2026-01-01,2026-01-01
ae406a40-36dd-4722-8c48-1dd7d1aa1440,user646@gmail.com,placeholder,User646,Test646,CUSTOMER,,2026-01-01,2026-01-01
1ff993b2-10d3-4131-a0e4-3457f7c36580,user647@gmail.com,placeholder,User647,Test647,CUSTOMER,,2026-01-01,2026-01-01
5ea15f71-0500-4512-a8c4-e991664a02e7,user648@gmail.com,placeholder,User648,Test648,CUSTOMER,,2026-01-01,2026-01-01
94e92b2e-69fc-4158-b19f-576eb1064ec2,user649@gmail.com,placeholder,User649,Test649,CUSTOMER,,2026-01-01,2026-01-01
dbfcc43f-1ea3-4920-bc00-e1273b833f3d,user650@gmail.com,placeholder,User650,Test650,CUSTOMER,,2026-01-01,2026-01-01
71ebbe6f-ee03-4495-bde3-36d7e1d31d6f,user651@gmail.com,placeholder,User651,Test651,CUSTOMER,,2026-01-01,2026-01-01
881ba2d7-ec9b-4d17-a9bc-34affda20869,user652@gmail.com,placeholder,User652,Test652,CUSTOMER,,2026-01-01,2026-01-01
e9070913-5ab8-4e13-a23b-63921b3e04d9,user653@gmail.com,placeholder,User653,Test653,CUSTOMER,,2026-01-01,2026-01-01
ec036ff7-6d2e-4e8e-ac4f-70720b9f68a9,user654@gmail.com,placeholder,User654,Test654,CUSTOMER,,2026-01-01,2026-01-01
f9847e28-dfb0-478d-bccb-fa7e65b5b849,user655@gmail.com,placeholder,User655,Test655,CUSTOMER,,2026-01-01,2026-01-01
d0d3addd-07e7-4c1c-a6ac-00f7faeee379,user656@gmail.com,placeholder,User656,Test656,CUSTOMER,,2026-01-01,2026-01-01
3d5802e6-8cc5-4bb1-b574-967b43316cf3,user657@gmail.com,placeholder,User657,Test657,CUSTOMER,,2026-01-01,2026-01-01
a061d6db-cb86-4298-a2de-94cf8d56642d,user658@gmail.com,placeholder,User658,Test658,CUSTOMER,,2026-01-01,2026-01-01
1fcdd6bc-a82f-4939-b3ed-9ab032f39169,user659@gmail.com,placeholder,User659,Test659,CUSTOMER,,2026-01-01,2026-01-01
480f2b1f-fd6a-4496-bb96-5faa682a6af1,user660@gmail.com,placeholder,User660,Test660,CUSTOMER,,2026-01-01,2026-01-01
6c160d83-3e6b-4550-a027-2555fd2042c2,user661@gmail.com,placeholder,User661,Test661,CUSTOMER,,2026-01-01,2026-01-01
d4b296a1-8c36-4c90-8d03-28f9259287f1,user662@gmail.com,placeholder,User662,Test662,CUSTOMER,,2026-01-01,2026-01-01
83f94554-3b6b-4fb9-821e-187d95715731,user663@gmail.com,placeholder,User663,Test663,CUSTOMER,,2026-01-01,2026-01-01
c685fbfc-504a-450f-80e1-be6237e063d5,user664@gmail.com,placeholder,User664,Test664,CUSTOMER,,2026-01-01,2026-01-01
a102c652-7c53-454c-9f05-307475d5daf2,user665@gmail.com,placeholder,User665,Test665,CUSTOMER,,2026-01-01,2026-01-01
db27a4c2-6bf3-45aa-879a-969640831e05,user666@gmail.com,placeholder,User666,Test666,CUSTOMER,,2026-01-01,2026-01-01
edad6e12-6dc4-4a26-8f80-456e8acd7905,user667@gmail.com,placeholder,User667,Test667,CUSTOMER,,2026-01-01,2026-01-01
874418f1-9edc-4b7a-88ce-6cc1705205b0,user668@gmail.com,placeholder,User668,Test668,CUSTOMER,,2026-01-01,2026-01-01
b5dc82cc-673c-42a2-ba26-939087a3ddd3,user669@gmail.com,placeholder,User669,Test669,CUSTOMER,,2026-01-01,2026-01-01
5c20f6e8-7bd6-497e-bae7-a66021369a16,user670@gmail.com,placeholder,User670,Test670,CUSTOMER,,2026-01-01,2026-01-01
0681271e-c5d6-43af-9323-ec71aeece3ce,user671@gmail.com,placeholder,User671,Test671,CUSTOMER,,2026-01-01,2026-01-01
80f46c58-2a26-427c-885f-c07f8744fc8f,user672@gmail.com,placeholder,User672,Test672,CUSTOMER,,2026-01-01,2026-01-01
00fc5ca1-ab14-4482-983e-8d2cf1eb74bd,user673@gmail.com,placeholder,User673,Test673,CUSTOMER,,2026-01-01,2026-01-01
a2e13b19-6146-43b7-9c7e-9e278de7437b,user674@gmail.com,placeholder,User674,Test674,CUSTOMER,,2026-01-01,2026-01-01
cc4ff494-4eb6-4295-96f4-ddc7cc0cf818,user675@gmail.com,placeholder,User675,Test675,CUSTOMER,,2026-01-01,2026-01-01
3d89d646-d9b8-4408-a0b9-571742903c5e,user676@gmail.com,placeholder,User676,Test676,CUSTOMER,,2026-01-01,2026-01-01
f7bccb73-4b8b-4b1c-a581-8dce5815aea1,user677@gmail.com,placeholder,User677,Test677,CUSTOMER,,2026-01-01,2026-01-01
d0083d0f-8471-48d3-9f1d-5c6e4b7511d9,user678@gmail.com,placeholder,User678,Test678,CUSTOMER,,2026-01-01,2026-01-01
ce339173-7849-4f0f-af7d-69aba8a08813,user679@gmail.com,placeholder,User679,Test679,CUSTOMER,,2026-01-01,2026-01-01
28647580-fa2d-4e17-8ee5-bd558709f9d8,user680@gmail.com,placeholder,User680,Test680,CUSTOMER,,2026-01-01,2026-01-01
33eda796-09fb-478f-9c40-b66ad6e79dde,user681@gmail.com,placeholder,User681,Test681,CUSTOMER,,2026-01-01,2026-01-01
abdb61bd-bbaa-4b33-b9e9-da8e338a61cc,user682@gmail.com,placeholder,User682,Test682,CUSTOMER,,2026-01-01,2026-01-01
5f36349e-c39d-40ad-87e5-777553681365,user683@gmail.com,placeholder,User683,Test683,CUSTOMER,,2026-01-01,2026-01-01
5b416c93-64e8-4ff5-941c-aad10e329851,user684@gmail.com,placeholder,User684,Test684,CUSTOMER,,2026-01-01,2026-01-01
cc2fd835-9efb-4dae-b084-4a557cc0b724,user685@gmail.com,placeholder,User685,Test685,CUSTOMER,,2026-01-01,2026-01-01
d498ad26-884e-40af-973c-a99cf1cd1828,user686@gmail.com,placeholder,User686,Test686,CUSTOMER,,2026-01-01,2026-01-01
7f9842e4-58bc-4f59-bddd-bb1b563e03c8,user687@gmail.com,placeholder,User687,Test687,CUSTOMER,,2026-01-01,2026-01-01
9b8dee13-fe4b-461c-8b4b-c473c1c6c831,user688@gmail.com,placeholder,User688,Test688,CUSTOMER,,2026-01-01,2026-01-01
321a448f-58b3-47ac-b6e1-cfc688885b3c,user689@gmail.com,placeholder,User689,Test689,CUSTOMER,,2026-01-01,2026-01-01
be9c624c-c749-4a50-a611-1dcd91086d1a,user690@gmail.com,placeholder,User690,Test690,CUSTOMER,,2026-01-01,2026-01-01
59c987fe-c71d-4776-bd9e-1febc0586472,user691@gmail.com,placeholder,User691,Test691,CUSTOMER,,2026-01-01,2026-01-01
9cc4111c-1240-422c-bb17-0d90b197302c,user692@gmail.com,placeholder,User692,Test692,CUSTOMER,,2026-01-01,2026-01-01
46252157-77cb-4b9d-a097-e88eaaacf955,user693@gmail.com,placeholder,User693,Test693,CUSTOMER,,2026-01-01,2026-01-01
5881f953-cca9-46e6-9141-612dfca17b32,user694@gmail.com,placeholder,User694,Test694,CUSTOMER,,2026-01-01,2026-01-01
4af849a0-923f-4847-84ae-aebf42fd000c,user695@gmail.com,placeholder,User695,Test695,CUSTOMER,,2026-01-01,2026-01-01
d8efca4a-cc5f-45b2-be2e-251ce721c059,user696@gmail.com,placeholder,User696,Test696,CUSTOMER,,2026-01-01,2026-01-01
140e6f68-fe1d-4e7f-835c-e4df20676847,user697@gmail.com,placeholder,User697,Test697,CUSTOMER,,2026-01-01,2026-01-01
49947452-4253-412e-bd7e-92e97f45cfdb,user698@gmail.com,placeholder,User698,Test698,CUSTOMER,,2026-01-01,2026-01-01
685a95b9-eb73-4924-a09c-3bda3a34ff6a,user699@gmail.com,placeholder,User699,Test699,CUSTOMER,,2026-01-01,2026-01-01
b32ab3db-1a20-46e9-a125-452b03698ef0,user700@gmail.com,placeholder,User700,Test700,CUSTOMER,,2026-01-01,2026-01-01
69bde723-c8ed-43cc-bb39-2d1a897b721b,user701@gmail.com,placeholder,User701,Test701,CUSTOMER,,2026-01-01,2026-01-01
34038a5e-8923-4e04-95a0-08e2bf092ea5,user702@gmail.com,placeholder,User702,Test702,CUSTOMER,,2026-01-01,2026-01-01
9572039c-2946-4c38-9793-03ed4c88f7cb,user703@gmail.com,placeholder,User703,Test703,CUSTOMER,,2026-01-01,2026-01-01
7a5a6a95-d4c5-43fc-a364-53ab92c3b912,user704@gmail.com,placeholder,User704,Test704,CUSTOMER,,2026-01-01,2026-01-01
b90ee577-70a2-4e96-8b2e-c444407931de,user705@gmail.com,placeholder,User705,Test705,CUSTOMER,,2026-01-01,2026-01-01
9ffbfd23-b0bc-4ee5-80d2-b20dc0e9170e,user706@gmail.com,placeholder,User706,Test706,CUSTOMER,,2026-01-01,2026-01-01
a2c89eff-a44b-4471-8694-6d9cb8102c69,user707@gmail.com,placeholder,User707,Test707,CUSTOMER,,2026-01-01,2026-01-01
5f1dec16-c799-4657-9305-25f6a40e29c8,user708@gmail.com,placeholder,User708,Test708,CUSTOMER,,2026-01-01,2026-01-01
0095543f-0138-4742-b067-f941ce5c2b1b,user709@gmail.com,placeholder,User709,Test709,CUSTOMER,,2026-01-01,2026-01-01
c6b84e65-2fbb-49cd-8ea7-5bd9a2fb823f,user710@gmail.com,placeholder,User710,Test710,CUSTOMER,,2026-01-01,2026-01-01
7a35ae8a-66eb-4bb0-a0bd-ffab4f0e47c8,user711@gmail.com,placeholder,User711,Test711,CUSTOMER,,2026-01-01,2026-01-01
847616dd-158a-41ca-ad1d-1741a2a54d2b,user712@gmail.com,placeholder,User712,Test712,CUSTOMER,,2026-01-01,2026-01-01
a53c52ce-c548-4180-894c-e946018b0b8c,user713@gmail.com,placeholder,User713,Test713,CUSTOMER,,2026-01-01,2026-01-01
93201acb-9d35-4c6f-ab5f-97bfa2111773,user714@gmail.com,placeholder,User714,Test714,CUSTOMER,,2026-01-01,2026-01-01
59f9c907-16df-42b7-8097-7a457255f6b0,user715@gmail.com,placeholder,User715,Test715,CUSTOMER,,2026-01-01,2026-01-01
7d553fed-34a4-442e-bc22-e389b41e5410,user716@gmail.com,placeholder,User716,Test716,CUSTOMER,,2026-01-01,2026-01-01
66a5dc51-ce79-4135-a56e-c0780de009b8,user717@gmail.com,placeholder,User717,Test717,CUSTOMER,,2026-01-01,2026-01-01
6b3040ca-694d-4b0b-8034-b8a35aa15719,user718@gmail.com,placeholder,User718,Test718,CUSTOMER,,2026-01-01,2026-01-01
9bca96f5-ba2f-4207-8a36-cd868ad1620e,user719@gmail.com,placeholder,User719,Test719,CUSTOMER,,2026-01-01,2026-01-01
cc9a3985-2dd0-4d43-892f-7732fff5f99f,user720@gmail.com,placeholder,User720,Test720,CUSTOMER,,2026-01-01,2026-01-01
901c00ce-ba29-47bf-a9c7-72a67358eb6c,user721@gmail.com,placeholder,User721,Test721,CUSTOMER,,2026-01-01,2026-01-01
bd9ab733-6f03-45a0-b8cb-82394c845275,user722@gmail.com,placeholder,User722,Test722,CUSTOMER,,2026-01-01,2026-01-01
a7923d39-7071-44dd-9672-266c013ccf87,user723@gmail.com,placeholder,User723,Test723,CUSTOMER,,2026-01-01,2026-01-01
35672502-a9f9-4008-a283-f30311fa75fb,user724@gmail.com,placeholder,User724,Test724,CUSTOMER,,2026-01-01,2026-01-01
a15fbc60-fc9c-4466-98f3-80090bef4caf,user725@gmail.com,placeholder,User725,Test725,CUSTOMER,,2026-01-01,2026-01-01
ec83741d-dcb9-4009-bfcf-ce44c7270f79,user726@gmail.com,placeholder,User726,Test726,CUSTOMER,,2026-01-01,2026-01-01
470cbbc9-6d7f-4a2a-8745-853232113810,user727@gmail.com,placeholder,User727,Test727,CUSTOMER,,2026-01-01,2026-01-01
9d03af8c-350e-49e3-9963-8adae39a1de4,user728@gmail.com,placeholder,User728,Test728,CUSTOMER,,2026-01-01,2026-01-01
a7964a13-e930-49c9-b1ae-3a83d77a23d3,user729@gmail.com,placeholder,User729,Test729,CUSTOMER,,2026-01-01,2026-01-01
234df7fc-7f86-4fd2-8962-a09fb0cd1484,user730@gmail.com,placeholder,User730,Test730,CUSTOMER,,2026-01-01,2026-01-01
eb92a71e-e96c-42b4-87cd-8fecd378a130,user731@gmail.com,placeholder,User731,Test731,CUSTOMER,,2026-01-01,2026-01-01
27224b91-d017-4921-83c5-04ce4b3bb426,user732@gmail.com,placeholder,User732,Test732,CUSTOMER,,2026-01-01,2026-01-01
1e072cdb-a4fe-4667-a0c1-7f200d9cc663,user733@gmail.com,placeholder,User733,Test733,CUSTOMER,,2026-01-01,2026-01-01
2d14739d-027a-4b25-968f-d0a8b1131fb4,user734@gmail.com,placeholder,User734,Test734,CUSTOMER,,2026-01-01,2026-01-01
318958e3-8ef0-4302-9ec6-9fb0970bd938,user735@gmail.com,placeholder,User735,Test735,CUSTOMER,,2026-01-01,2026-01-01
9ea6d154-fe80-4dc0-9d97-e1648a4c7900,user736@gmail.com,placeholder,User736,Test736,CUSTOMER,,2026-01-01,2026-01-01
4a56db7b-c674-4543-b66d-3f501beba40d,user737@gmail.com,placeholder,User737,Test737,CUSTOMER,,2026-01-01,2026-01-01
32d7e56f-dd4c-44af-b739-176054678b1c,user738@gmail.com,placeholder,User738,Test738,CUSTOMER,,2026-01-01,2026-01-01
ebfb317a-5e8b-41e5-8bdf-02f7b0e34713,user739@gmail.com,placeholder,User739,Test739,CUSTOMER,,2026-01-01,2026-01-01
6b132356-733c-463f-ab88-455c0113ac00,user740@gmail.com,placeholder,User740,Test740,CUSTOMER,,2026-01-01,2026-01-01
5019d6d7-1f69-495f-9411-0c9bfb441ae0,user741@gmail.com,placeholder,User741,Test741,CUSTOMER,,2026-01-01,2026-01-01
cbd0a10f-ca92-4649-b6ed-4c32f4a4c84a,user742@gmail.com,placeholder,User742,Test742,CUSTOMER,,2026-01-01,2026-01-01
ea968ebe-0de4-4056-8e82-8b67c4dfd734,user743@gmail.com,placeholder,User743,Test743,CUSTOMER,,2026-01-01,2026-01-01
e3ba5211-795e-45e4-b0bc-468cc5f5429e,user744@gmail.com,placeholder,User744,Test744,CUSTOMER,,2026-01-01,2026-01-01
eced060f-e91c-4ef7-94d1-b0ef0ae51a8c,user745@gmail.com,placeholder,User745,Test745,CUSTOMER,,2026-01-01,2026-01-01
4f5a80c4-2e12-42af-ad54-bac51bb762e2,user746@gmail.com,placeholder,User746,Test746,CUSTOMER,,2026-01-01,2026-01-01
1de9b483-4269-4500-a7c9-f1b3f1514fe1,user747@gmail.com,placeholder,User747,Test747,CUSTOMER,,2026-01-01,2026-01-01
d5d5e3cf-0169-418e-b1c0-298e23df8d89,user748@gmail.com,placeholder,User748,Test748,CUSTOMER,,2026-01-01,2026-01-01
d7f523d6-ea87-4ae7-b667-f44cdb812046,user749@gmail.com,placeholder,User749,Test749,CUSTOMER,,2026-01-01,2026-01-01
d614d71f-4c86-41fd-a846-dc5a2a2c4e11,user750@gmail.com,placeholder,User750,Test750,CUSTOMER,,2026-01-01,2026-01-01
b3995ccb-47c7-46bd-954d-f100b6acc144,user751@gmail.com,placeholder,User751,Test751,CUSTOMER,,2026-01-01,2026-01-01
d7c188cb-c5d3-4891-8908-530450dec376,user752@gmail.com,placeholder,User752,Test752,CUSTOMER,,2026-01-01,2026-01-01
56519a90-9732-40be-91a4-e4f18f320a5e,user753@gmail.com,placeholder,User753,Test753,CUSTOMER,,2026-01-01,2026-01-01
28dc3272-996e-49c7-bc2b-7a6eae2fb542,user754@gmail.com,placeholder,User754,Test754,CUSTOMER,,2026-01-01,2026-01-01
8a0bc39c-46a4-47a3-9162-3a4d6685100e,user755@gmail.com,placeholder,User755,Test755,CUSTOMER,,2026-01-01,2026-01-01
75ef7664-c7e2-45df-9c9d-b94a996b8793,user756@gmail.com,placeholder,User756,Test756,CUSTOMER,,2026-01-01,2026-01-01
8e9bc0e3-e305-4f53-af81-ffe95cafd8b1,user757@gmail.com,placeholder,User757,Test757,CUSTOMER,,2026-01-01,2026-01-01
cd3d4837-62b5-4cb6-99e3-8c01f568c1c4,user758@gmail.com,placeholder,User758,Test758,CUSTOMER,,2026-01-01,2026-01-01
29b274c1-6faa-40bb-a249-a05c47da8996,user759@gmail.com,placeholder,User759,Test759,CUSTOMER,,2026-01-01,2026-01-01
fec44314-e50f-4c2c-b2c2-4b54536dee64,user760@gmail.com,placeholder,User760,Test760,CUSTOMER,,2026-01-01,2026-01-01
16ee0d82-a9c5-43c0-8588-9ea4cb31b2b6,user761@gmail.com,placeholder,User761,Test761,CUSTOMER,,2026-01-01,2026-01-01
d47b917c-27cf-4e67-9b24-b65bede5fd46,user762@gmail.com,placeholder,User762,Test762,CUSTOMER,,2026-01-01,2026-01-01
6cf043b9-f3be-4327-a31d-b1dfe75bd9e9,user763@gmail.com,placeholder,User763,Test763,CUSTOMER,,2026-01-01,2026-01-01
785e738d-27b4-4e8d-a3f9-926b22757625,user764@gmail.com,placeholder,User764,Test764,CUSTOMER,,2026-01-01,2026-01-01
a553646d-9f3b-46cb-8917-f003b0416b9f,user765@gmail.com,placeholder,User765,Test765,CUSTOMER,,2026-01-01,2026-01-01
c4424581-809a-49ba-a25f-fbdeba4d1de8,user766@gmail.com,placeholder,User766,Test766,CUSTOMER,,2026-01-01,2026-01-01
26115631-b0d8-48a6-b3c2-603a86452488,user767@gmail.com,placeholder,User767,Test767,CUSTOMER,,2026-01-01,2026-01-01
769fb67e-08b5-483f-9838-a27c51b2e1cc,user768@gmail.com,placeholder,User768,Test768,CUSTOMER,,2026-01-01,2026-01-01
94e6372b-68a6-4c71-a753-02fe0772667c,user769@gmail.com,placeholder,User769,Test769,CUSTOMER,,2026-01-01,2026-01-01
2b2555fc-3596-4995-8190-d9b039ebd05a,user770@gmail.com,placeholder,User770,Test770,CUSTOMER,,2026-01-01,2026-01-01
c7c41d93-310f-4c10-9586-a737b552eb83,user771@gmail.com,placeholder,User771,Test771,CUSTOMER,,2026-01-01,2026-01-01
442eae28-5632-4ba7-95da-df1eb0d98f2e,user772@gmail.com,placeholder,User772,Test772,CUSTOMER,,2026-01-01,2026-01-01
63c59d70-b956-47ba-a9c6-ce8e109eb004,user773@gmail.com,placeholder,User773,Test773,CUSTOMER,,2026-01-01,2026-01-01
f961f182-2543-4ab9-bdf0-c512563bc5ad,user774@gmail.com,placeholder,User774,Test774,CUSTOMER,,2026-01-01,2026-01-01
5d7f6d9b-720f-49ac-be69-8bcc143d999c,user775@gmail.com,placeholder,User775,Test775,CUSTOMER,,2026-01-01,2026-01-01
3b53aa62-7035-48e8-bb3e-b3cc0f8e863b,user776@gmail.com,placeholder,User776,Test776,CUSTOMER,,2026-01-01,2026-01-01
2b48a20f-7bd8-4e3e-b7ac-45961a331e8c,user777@gmail.com,placeholder,User777,Test777,CUSTOMER,,2026-01-01,2026-01-01
b85a2424-8af2-4ba2-910e-9e85e1e5361a,user778@gmail.com,placeholder,User778,Test778,CUSTOMER,,2026-01-01,2026-01-01
0dba0fd5-a74c-4e24-8c33-b435ad1a3afc,user779@gmail.com,placeholder,User779,Test779,CUSTOMER,,2026-01-01,2026-01-01
6e71827e-d640-4a9a-8761-7874434f6cca,user780@gmail.com,placeholder,User780,Test780,CUSTOMER,,2026-01-01,2026-01-01
7815a1d1-ed5d-42d7-9616-daa7d60bb1e2,user781@gmail.com,placeholder,User781,Test781,CUSTOMER,,2026-01-01,2026-01-01
79ce00e8-658b-43ff-b8cc-173ac3c443de,user782@gmail.com,placeholder,User782,Test782,CUSTOMER,,2026-01-01,2026-01-01
0484228b-929b-45fb-aadc-7870f7fc9261,user783@gmail.com,placeholder,User783,Test783,CUSTOMER,,2026-01-01,2026-01-01
0b2e452b-6a85-4050-bb27-a521aa395bbd,user784@gmail.com,placeholder,User784,Test784,CUSTOMER,,2026-01-01,2026-01-01
05724f91-d0cf-4942-a0ea-c23dd8cd4f3c,user785@gmail.com,placeholder,User785,Test785,CUSTOMER,,2026-01-01,2026-01-01
21b6879a-6ffd-44b7-9a9a-18d441cbfae8,user786@gmail.com,placeholder,User786,Test786,CUSTOMER,,2026-01-01,2026-01-01
78b53bfc-1130-433e-9b9b-46e2aa40bf4a,user787@gmail.com,placeholder,User787,Test787,CUSTOMER,,2026-01-01,2026-01-01
da18c1eb-7382-4dcf-84a1-778a1ff43a8b,user788@gmail.com,placeholder,User788,Test788,CUSTOMER,,2026-01-01,2026-01-01
f9e5b224-c04f-41a3-9171-9aea49dfa199,user789@gmail.com,placeholder,User789,Test789,CUSTOMER,,2026-01-01,2026-01-01
417b8fad-3aad-4861-b2eb-aa817125e810,user790@gmail.com,placeholder,User790,Test790,CUSTOMER,,2026-01-01,2026-01-01
2e86f4a4-5efb-4cfe-a97b-c58a09036dc4,user791@gmail.com,placeholder,User791,Test791,CUSTOMER,,2026-01-01,2026-01-01
e34a4ef9-592c-4ea2-845f-efe6ea798e1d,user792@gmail.com,placeholder,User792,Test792,CUSTOMER,,2026-01-01,2026-01-01
6d84423f-5e58-4461-bd72-ff72b9c4f8e1,user793@gmail.com,placeholder,User793,Test793,CUSTOMER,,2026-01-01,2026-01-01
c57ab0e2-75ad-48d5-aaf6-ae856db15af4,user794@gmail.com,placeholder,User794,Test794,CUSTOMER,,2026-01-01,2026-01-01
539984fb-7d07-4933-8714-9ad068c5a194,user795@gmail.com,placeholder,User795,Test795,CUSTOMER,,2026-01-01,2026-01-01
9066d3a1-ef0f-46af-b020-2418f72de7fa,user796@gmail.com,placeholder,User796,Test796,CUSTOMER,,2026-01-01,2026-01-01
91da063c-a44c-4e61-9152-ea15da866aef,user797@gmail.com,placeholder,User797,Test797,CUSTOMER,,2026-01-01,2026-01-01
6e5ffedd-0a83-4acd-9aaa-965508d5e986,user798@gmail.com,placeholder,User798,Test798,CUSTOMER,,2026-01-01,2026-01-01
d28fd313-d481-45f1-800d-8683d2f3f8ff,user799@gmail.com,placeholder,User799,Test799,CUSTOMER,,2026-01-01,2026-01-01
0eb85341-a401-412f-9562-5e239fb3cffc,user800@gmail.com,placeholder,User800,Test800,CUSTOMER,,2026-01-01,2026-01-01
ffdba200-9589-408e-a805-b5c97d47ad52,user801@gmail.com,placeholder,User801,Test801,CUSTOMER,,2026-01-01,2026-01-01
b62d64c8-3375-4c7d-966c-6108a2e19659,user802@gmail.com,placeholder,User802,Test802,CUSTOMER,,2026-01-01,2026-01-01
641a89a5-4205-47f4-901e-d66fa7732ffc,user803@gmail.com,placeholder,User803,Test803,CUSTOMER,,2026-01-01,2026-01-01
a2a00a46-821e-4337-9edf-d020008ecd4c,user804@gmail.com,placeholder,User804,Test804,CUSTOMER,,2026-01-01,2026-01-01
64a187e8-4cc0-429b-b791-aadbe8a87aef,user805@gmail.com,placeholder,User805,Test805,CUSTOMER,,2026-01-01,2026-01-01
48d14e48-0541-482b-83c4-dc7d3c98d497,user806@gmail.com,placeholder,User806,Test806,CUSTOMER,,2026-01-01,2026-01-01
b5c6676c-7250-4873-aed9-014c47e628c4,user807@gmail.com,placeholder,User807,Test807,CUSTOMER,,2026-01-01,2026-01-01
9c53f6a2-02f8-4f01-bb0d-6343cb160da9,user808@gmail.com,placeholder,User808,Test808,CUSTOMER,,2026-01-01,2026-01-01
742f5695-bfce-4555-bb2b-4763951c8af1,user809@gmail.com,placeholder,User809,Test809,CUSTOMER,,2026-01-01,2026-01-01
fb0cc491-ea59-47fc-bb69-b283581a4414,user810@gmail.com,placeholder,User810,Test810,CUSTOMER,,2026-01-01,2026-01-01
e4580e89-c523-4839-bc29-6771fc472533,user811@gmail.com,placeholder,User811,Test811,CUSTOMER,,2026-01-01,2026-01-01
c5d83c7d-43bf-4860-8ab3-3fa0bf6b8e23,user812@gmail.com,placeholder,User812,Test812,CUSTOMER,,2026-01-01,2026-01-01
b794c1f0-ddf6-439f-8855-7a646ce8f4d0,user813@gmail.com,placeholder,User813,Test813,CUSTOMER,,2026-01-01,2026-01-01
e6d93a01-c557-4f00-b218-824d0bb96065,user814@gmail.com,placeholder,User814,Test814,CUSTOMER,,2026-01-01,2026-01-01
aafa45b5-b177-4049-9de2-f03e69908a95,user815@gmail.com,placeholder,User815,Test815,CUSTOMER,,2026-01-01,2026-01-01
903182e9-c79e-41c0-adf0-9008b23f791b,user816@gmail.com,placeholder,User816,Test816,CUSTOMER,,2026-01-01,2026-01-01
418df4f5-d2d0-442c-8317-0fb878ef4ff1,user817@gmail.com,placeholder,User817,Test817,CUSTOMER,,2026-01-01,2026-01-01
01e287cf-4b53-47b4-ab7a-412751ce3d6b,user818@gmail.com,placeholder,User818,Test818,CUSTOMER,,2026-01-01,2026-01-01
6a3b8977-f950-4d9a-b8d2-30671dcdd675,user819@gmail.com,placeholder,User819,Test819,CUSTOMER,,2026-01-01,2026-01-01
dcb7d88a-db9c-4354-80e9-12cc202878d9,user820@gmail.com,placeholder,User820,Test820,CUSTOMER,,2026-01-01,2026-01-01
a864c80e-e09f-481d-ad1b-7f330a848ff8,user821@gmail.com,placeholder,User821,Test821,CUSTOMER,,2026-01-01,2026-01-01
54792006-04f6-4963-b51f-6b2d096d2028,user822@gmail.com,placeholder,User822,Test822,CUSTOMER,,2026-01-01,2026-01-01
c450bf25-e015-44ad-8859-79cbb501017e,user823@gmail.com,placeholder,User823,Test823,CUSTOMER,,2026-01-01,2026-01-01
a72fe4ab-e9a5-4239-aacd-c9da4d6ae273,user824@gmail.com,placeholder,User824,Test824,CUSTOMER,,2026-01-01,2026-01-01
c1555cf6-8cdc-45f9-96db-45949e0bc557,user825@gmail.com,placeholder,User825,Test825,CUSTOMER,,2026-01-01,2026-01-01
787cab22-6b12-4fa3-8031-1cc66208bb53,user826@gmail.com,placeholder,User826,Test826,CUSTOMER,,2026-01-01,2026-01-01
166b67ac-ae2a-4af2-ab4f-658476dd1852,user827@gmail.com,placeholder,User827,Test827,CUSTOMER,,2026-01-01,2026-01-01
4050f672-a6cd-4ff4-ac52-cd5eb132ac8c,user828@gmail.com,placeholder,User828,Test828,CUSTOMER,,2026-01-01,2026-01-01
668cd205-cff1-413d-a586-971391b34bb4,user829@gmail.com,placeholder,User829,Test829,CUSTOMER,,2026-01-01,2026-01-01
c2cf281e-165e-40e2-ae01-a9c391b366a8,user830@gmail.com,placeholder,User830,Test830,CUSTOMER,,2026-01-01,2026-01-01
34850dd3-875b-45e1-b4d5-23b5d8ea7552,user831@gmail.com,placeholder,User831,Test831,CUSTOMER,,2026-01-01,2026-01-01
83036645-79e7-4584-a898-f15ac9a4bb0f,user832@gmail.com,placeholder,User832,Test832,CUSTOMER,,2026-01-01,2026-01-01
df6ca497-9c55-42bc-892b-446c42d68dc5,user833@gmail.com,placeholder,User833,Test833,CUSTOMER,,2026-01-01,2026-01-01
a1ff205e-5932-4b41-b56b-da1158d33f50,user834@gmail.com,placeholder,User834,Test834,CUSTOMER,,2026-01-01,2026-01-01
f6fd5164-d7f1-44f0-a9ae-5ea32a1f72e7,user835@gmail.com,placeholder,User835,Test835,CUSTOMER,,2026-01-01,2026-01-01
5f9ba99c-416c-4707-82ba-5c2ffc9dc95a,user836@gmail.com,placeholder,User836,Test836,CUSTOMER,,2026-01-01,2026-01-01
6dfeef70-6f18-41e5-a9e9-9c31cd301b19,user837@gmail.com,placeholder,User837,Test837,CUSTOMER,,2026-01-01,2026-01-01
fbb419a3-4b49-4225-99de-8ab4e5f37378,user838@gmail.com,placeholder,User838,Test838,CUSTOMER,,2026-01-01,2026-01-01
07cba8d8-cffe-4bc3-9038-fdb5a6dc7af6,user839@gmail.com,placeholder,User839,Test839,CUSTOMER,,2026-01-01,2026-01-01
63388b0a-e85e-46b1-ac05-adb03a9d0ff7,user840@gmail.com,placeholder,User840,Test840,CUSTOMER,,2026-01-01,2026-01-01
900b4fa9-5ccc-40ef-a45c-ffa74a6b0eff,user841@gmail.com,placeholder,User841,Test841,CUSTOMER,,2026-01-01,2026-01-01
bbd28885-a87e-49b1-b6a4-09fc572f7fe4,user842@gmail.com,placeholder,User842,Test842,CUSTOMER,,2026-01-01,2026-01-01
9d6ca2ca-e10a-4dd2-8f9a-362bf5452429,user843@gmail.com,placeholder,User843,Test843,CUSTOMER,,2026-01-01,2026-01-01
14424701-6df1-475b-b75e-d12bf30eb3dd,user844@gmail.com,placeholder,User844,Test844,CUSTOMER,,2026-01-01,2026-01-01
a0fc0563-317a-4083-a7c4-39b5ed21c94d,user845@gmail.com,placeholder,User845,Test845,CUSTOMER,,2026-01-01,2026-01-01
b6867c54-8b30-4176-bda4-dbe8c6860273,user846@gmail.com,placeholder,User846,Test846,CUSTOMER,,2026-01-01,2026-01-01
7517a419-c6c0-487d-889d-e6f43fdf42ad,user847@gmail.com,placeholder,User847,Test847,CUSTOMER,,2026-01-01,2026-01-01
185cbf22-1a7e-4a39-b1c1-e078ed505475,user848@gmail.com,placeholder,User848,Test848,CUSTOMER,,2026-01-01,2026-01-01
f4f48888-bb1d-45ba-8d8c-ec349792e3d3,user849@gmail.com,placeholder,User849,Test849,CUSTOMER,,2026-01-01,2026-01-01
e326553e-d49e-4708-b3f0-648ba9adaf4f,user850@gmail.com,placeholder,User850,Test850,CUSTOMER,,2026-01-01,2026-01-01
392cc06e-591d-40fb-932a-591102131b52,user851@gmail.com,placeholder,User851,Test851,CUSTOMER,,2026-01-01,2026-01-01
4733c043-16e4-4971-9929-89a69b39568d,user852@gmail.com,placeholder,User852,Test852,CUSTOMER,,2026-01-01,2026-01-01
f61d2d3a-95de-449c-9d70-289610f2c906,user853@gmail.com,placeholder,User853,Test853,CUSTOMER,,2026-01-01,2026-01-01
fd2274ac-15a7-4339-9196-7815fe37daa2,user854@gmail.com,placeholder,User854,Test854,CUSTOMER,,2026-01-01,2026-01-01
e0c55e01-6c59-40f5-9ccc-06ed37c46862,user855@gmail.com,placeholder,User855,Test855,CUSTOMER,,2026-01-01,2026-01-01
6ec27f8b-f07b-4591-a9fc-f56438c84e10,user856@gmail.com,placeholder,User856,Test856,CUSTOMER,,2026-01-01,2026-01-01
c1cfee6e-4b19-4428-bb06-b9dd5af3678e,user857@gmail.com,placeholder,User857,Test857,CUSTOMER,,2026-01-01,2026-01-01
a0c38b6f-ec8e-4b65-afcb-4cad14ea70f8,user858@gmail.com,placeholder,User858,Test858,CUSTOMER,,2026-01-01,2026-01-01
20906e6e-6276-4dc2-8178-6daa11250862,user859@gmail.com,placeholder,User859,Test859,CUSTOMER,,2026-01-01,2026-01-01
61a9a1e1-0075-4f42-a043-602e5ab1c083,user860@gmail.com,placeholder,User860,Test860,CUSTOMER,,2026-01-01,2026-01-01
091b1ed8-50cb-4531-a38c-0bfe80205727,user861@gmail.com,placeholder,User861,Test861,CUSTOMER,,2026-01-01,2026-01-01
de9cb3ad-d8f7-4378-bf4c-6613b8f28004,user862@gmail.com,placeholder,User862,Test862,CUSTOMER,,2026-01-01,2026-01-01
b14b95c1-5807-4a5c-bb51-54178aa84c0f,user863@gmail.com,placeholder,User863,Test863,CUSTOMER,,2026-01-01,2026-01-01
4b255896-1e03-4043-9f50-54225b09de14,user864@gmail.com,placeholder,User864,Test864,CUSTOMER,,2026-01-01,2026-01-01
4c59806b-c1ef-40d5-b5e9-5c998022e50e,user865@gmail.com,placeholder,User865,Test865,CUSTOMER,,2026-01-01,2026-01-01
401af745-fdba-45ca-92ff-b514843f0850,user866@gmail.com,placeholder,User866,Test866,CUSTOMER,,2026-01-01,2026-01-01
d893ee27-35be-445d-afc7-a3c2a344089a,user867@gmail.com,placeholder,User867,Test867,CUSTOMER,,2026-01-01,2026-01-01
15b9baa1-4199-457a-82e9-c3a542cd31b0,user868@gmail.com,placeholder,User868,Test868,CUSTOMER,,2026-01-01,2026-01-01
ed5b68ed-6a99-4f49-be1b-74f85c21b0b0,user869@gmail.com,placeholder,User869,Test869,CUSTOMER,,2026-01-01,2026-01-01
28daeb33-514f-41cc-be4a-564d2b97edf8,user870@gmail.com,placeholder,User870,Test870,CUSTOMER,,2026-01-01,2026-01-01
42f6bf33-22d1-4fbb-8c1d-58cea7602de5,user871@gmail.com,placeholder,User871,Test871,CUSTOMER,,2026-01-01,2026-01-01
2856c44d-bd50-41f7-84be-17eb469627ac,user872@gmail.com,placeholder,User872,Test872,CUSTOMER,,2026-01-01,2026-01-01
f02be99c-a25c-45ab-a141-0f6959fba8f4,user873@gmail.com,placeholder,User873,Test873,CUSTOMER,,2026-01-01,2026-01-01
54d18a19-10cb-4e96-b5f8-44079af19342,user874@gmail.com,placeholder,User874,Test874,CUSTOMER,,2026-01-01,2026-01-01
3359d0d1-0619-47a0-ab47-aea9d592493f,user875@gmail.com,placeholder,User875,Test875,CUSTOMER,,2026-01-01,2026-01-01
c88b46d2-e19c-4fbd-95fc-64f092f9cbab,user876@gmail.com,placeholder,User876,Test876,CUSTOMER,,2026-01-01,2026-01-01
36ada41a-97db-4614-81f5-2433373f8aa5,user877@gmail.com,placeholder,User877,Test877,CUSTOMER,,2026-01-01,2026-01-01
877c5261-e28e-496e-880a-3dc26cc3d719,user878@gmail.com,placeholder,User878,Test878,CUSTOMER,,2026-01-01,2026-01-01
d831313d-8c70-4f8a-a611-e539959626b0,user879@gmail.com,placeholder,User879,Test879,CUSTOMER,,2026-01-01,2026-01-01
919af4eb-6b45-4c59-abc2-1a7c60c4d372,user880@gmail.com,placeholder,User880,Test880,CUSTOMER,,2026-01-01,2026-01-01
d05c1836-bcd0-4c23-8978-07b9ed4690a7,user881@gmail.com,placeholder,User881,Test881,CUSTOMER,,2026-01-01,2026-01-01
f93194d9-771a-43d3-992b-1abfb88f7415,user882@gmail.com,placeholder,User882,Test882,CUSTOMER,,2026-01-01,2026-01-01
ffe983c3-3801-4137-866a-d89b16f90ccd,user883@gmail.com,placeholder,User883,Test883,CUSTOMER,,2026-01-01,2026-01-01
fd46acf8-cb0f-4334-8c6b-d4cf234d5b60,user884@gmail.com,placeholder,User884,Test884,CUSTOMER,,2026-01-01,2026-01-01
794fae55-2e03-41a5-b75f-8c6b725b298c,user885@gmail.com,placeholder,User885,Test885,CUSTOMER,,2026-01-01,2026-01-01
86d3f6c2-3380-4f58-9acb-113f5c24b6ac,user886@gmail.com,placeholder,User886,Test886,CUSTOMER,,2026-01-01,2026-01-01
17e1dece-0399-4162-b993-061860a24217,user887@gmail.com,placeholder,User887,Test887,CUSTOMER,,2026-01-01,2026-01-01
ec2ace91-8881-482a-9dea-1cd8d881ac09,user888@gmail.com,placeholder,User888,Test888,CUSTOMER,,2026-01-01,2026-01-01
faa23d6d-3f2b-4115-b09a-9ccb459c304d,user889@gmail.com,placeholder,User889,Test889,CUSTOMER,,2026-01-01,2026-01-01
824be6a6-f850-4450-b857-b0a2bcd2e473,user890@gmail.com,placeholder,User890,Test890,CUSTOMER,,2026-01-01,2026-01-01
9e0d0915-d19b-4cd7-83a7-ac9bf0c0a367,user891@gmail.com,placeholder,User891,Test891,CUSTOMER,,2026-01-01,2026-01-01
df4027b6-3425-44d3-b757-2f6d9c24565c,user892@gmail.com,placeholder,User892,Test892,CUSTOMER,,2026-01-01,2026-01-01
d96b84d4-5fa2-44f6-bb4f-ae9bd324a296,user893@gmail.com,placeholder,User893,Test893,CUSTOMER,,2026-01-01,2026-01-01
cd7d50f2-8c0c-46b9-9eea-42ffae74330c,user894@gmail.com,placeholder,User894,Test894,CUSTOMER,,2026-01-01,2026-01-01
b0ec5618-cef9-4118-93b8-037b6010a813,user895@gmail.com,placeholder,User895,Test895,CUSTOMER,,2026-01-01,2026-01-01
d17c1f38-321f-4c45-8ed3-b3aa0733272d,user896@gmail.com,placeholder,User896,Test896,CUSTOMER,,2026-01-01,2026-01-01
9cfa2c07-8ff7-406c-9c51-012b1e3846f9,user897@gmail.com,placeholder,User897,Test897,CUSTOMER,,2026-01-01,2026-01-01
08b19310-e441-42ce-b55f-d356318e6621,user898@gmail.com,placeholder,User898,Test898,CUSTOMER,,2026-01-01,2026-01-01
da6a4524-010b-4125-bdfd-162555678971,user899@gmail.com,placeholder,User899,Test899,CUSTOMER,,2026-01-01,2026-01-01
448b36f6-273f-491c-901f-d9991d435bd7,user900@gmail.com,placeholder,User900,Test900,CUSTOMER,,2026-01-01,2026-01-01
6de916bd-0ef6-4483-9557-8c28b588decf,user901@gmail.com,placeholder,User901,Test901,CUSTOMER,,2026-01-01,2026-01-01
dc8f037b-723e-4245-91e6-e4af364896af,user902@gmail.com,placeholder,User902,Test902,CUSTOMER,,2026-01-01,2026-01-01
d5f974e6-d80c-460e-921a-f3e5486c6faf,user903@gmail.com,placeholder,User903,Test903,CUSTOMER,,2026-01-01,2026-01-01
3b0a4be7-3195-4915-a29a-638c12a3c837,user904@gmail.com,placeholder,User904,Test904,CUSTOMER,,2026-01-01,2026-01-01
2cbeb1fd-2db4-48ac-a1f1-03f5edfea4cf,user905@gmail.com,placeholder,User905,Test905,CUSTOMER,,2026-01-01,2026-01-01
c98cbd21-4e3a-4c65-b6af-35c2266cee0f,user906@gmail.com,placeholder,User906,Test906,CUSTOMER,,2026-01-01,2026-01-01
db6a1ece-379d-4956-8858-5d0b85ab7337,user907@gmail.com,placeholder,User907,Test907,CUSTOMER,,2026-01-01,2026-01-01
b9b04712-a356-453b-8876-af4de97d6c82,user908@gmail.com,placeholder,User908,Test908,CUSTOMER,,2026-01-01,2026-01-01
6df1ab38-ec54-4983-9eff-556f3e4abcbb,user909@gmail.com,placeholder,User909,Test909,CUSTOMER,,2026-01-01,2026-01-01
fd555993-ab55-4a4e-b278-965931835a61,user910@gmail.com,placeholder,User910,Test910,CUSTOMER,,2026-01-01,2026-01-01
3b331fc6-76fd-42de-bf23-2ef6e0c8e60a,user911@gmail.com,placeholder,User911,Test911,CUSTOMER,,2026-01-01,2026-01-01
160fbb8a-0497-459b-8332-efd1d6cca039,user912@gmail.com,placeholder,User912,Test912,CUSTOMER,,2026-01-01,2026-01-01
f111bbeb-d220-4b8f-8cc4-4c4c3f34efcc,user913@gmail.com,placeholder,User913,Test913,CUSTOMER,,2026-01-01,2026-01-01
4fbb3244-79c3-4cd4-baa2-e30774251b01,user914@gmail.com,placeholder,User914,Test914,CUSTOMER,,2026-01-01,2026-01-01
39aefad7-3df1-46c8-a816-50a56422175e,user915@gmail.com,placeholder,User915,Test915,CUSTOMER,,2026-01-01,2026-01-01
1eedadf0-ca38-44a2-9d8a-41c6bd5b8a56,user916@gmail.com,placeholder,User916,Test916,CUSTOMER,,2026-01-01,2026-01-01
1b7a77eb-6d27-4bab-8821-0ae651a6f260,user917@gmail.com,placeholder,User917,Test917,CUSTOMER,,2026-01-01,2026-01-01
fe3f865e-4832-4b3b-a8ee-f0a3ea62ee2c,user918@gmail.com,placeholder,User918,Test918,CUSTOMER,,2026-01-01,2026-01-01
b8e5832e-83f7-41a1-a615-c7fcc563c410,user919@gmail.com,placeholder,User919,Test919,CUSTOMER,,2026-01-01,2026-01-01
cfe8be90-a3ef-46ef-baec-0619c3177026,user920@gmail.com,placeholder,User920,Test920,CUSTOMER,,2026-01-01,2026-01-01
4e600597-7ffe-49e8-aa50-53de12513f35,user921@gmail.com,placeholder,User921,Test921,CUSTOMER,,2026-01-01,2026-01-01
744cc4b6-90bf-4ae3-8c8e-a535fe354c1b,user922@gmail.com,placeholder,User922,Test922,CUSTOMER,,2026-01-01,2026-01-01
7c868d95-6375-45fd-b8ec-1f710771bf82,user923@gmail.com,placeholder,User923,Test923,CUSTOMER,,2026-01-01,2026-01-01
fe77ccf1-d240-4885-acb1-2be481b4aabe,user924@gmail.com,placeholder,User924,Test924,CUSTOMER,,2026-01-01,2026-01-01
07044e96-ae78-42f3-a88a-f9d8f48811bc,user925@gmail.com,placeholder,User925,Test925,CUSTOMER,,2026-01-01,2026-01-01
3c3019f7-0dbe-4c91-a47f-c120cb9cdca4,user926@gmail.com,placeholder,User926,Test926,CUSTOMER,,2026-01-01,2026-01-01
0ac69f72-bbb6-4c82-8ddc-c948fd54724a,user927@gmail.com,placeholder,User927,Test927,CUSTOMER,,2026-01-01,2026-01-01
ffbdae40-5182-4c34-bd60-afe00eee683e,user928@gmail.com,placeholder,User928,Test928,CUSTOMER,,2026-01-01,2026-01-01
38f3b316-f00b-4522-837a-c10a00794786,user929@gmail.com,placeholder,User929,Test929,CUSTOMER,,2026-01-01,2026-01-01
de991eb9-6bc2-4861-b761-81d9a32fe106,user930@gmail.com,placeholder,User930,Test930,CUSTOMER,,2026-01-01,2026-01-01
8fc30449-91d0-423e-9251-d8356da343a1,user931@gmail.com,placeholder,User931,Test931,CUSTOMER,,2026-01-01,2026-01-01
7388fd0d-e9d3-44fd-badf-3e2461671b78,user932@gmail.com,placeholder,User932,Test932,CUSTOMER,,2026-01-01,2026-01-01
1a9ba203-fa0b-4fd9-baec-4feee1ccf177,user933@gmail.com,placeholder,User933,Test933,CUSTOMER,,2026-01-01,2026-01-01
c54657f0-8457-4f51-8b74-09f5e6b84975,user934@gmail.com,placeholder,User934,Test934,CUSTOMER,,2026-01-01,2026-01-01
6ffa869a-0dd3-4c95-bfb1-b2b375e33755,user935@gmail.com,placeholder,User935,Test935,CUSTOMER,,2026-01-01,2026-01-01
0010267f-bd7d-4e95-ba00-12718e1342ad,user936@gmail.com,placeholder,User936,Test936,CUSTOMER,,2026-01-01,2026-01-01
5e6dc10b-53c2-42e0-9dc1-eda99e0d9b72,user937@gmail.com,placeholder,User937,Test937,CUSTOMER,,2026-01-01,2026-01-01
5bca32e7-415e-4f18-9c00-1c06dc4654de,user938@gmail.com,placeholder,User938,Test938,CUSTOMER,,2026-01-01,2026-01-01
dfcf0254-4d39-48a8-9eb0-10578c1c1218,user939@gmail.com,placeholder,User939,Test939,CUSTOMER,,2026-01-01,2026-01-01
df4dc6d8-ce81-4f59-ac4c-21cd0fd28311,user940@gmail.com,placeholder,User940,Test940,CUSTOMER,,2026-01-01,2026-01-01
63a100b3-aa3e-43e2-9c58-9248278dc15c,user941@gmail.com,placeholder,User941,Test941,CUSTOMER,,2026-01-01,2026-01-01
f1247583-4614-462a-91ca-90c487be29f7,user942@gmail.com,placeholder,User942,Test942,CUSTOMER,,2026-01-01,2026-01-01
99b28493-3318-4f48-8ba6-6e1e112a5173,user943@gmail.com,placeholder,User943,Test943,CUSTOMER,,2026-01-01,2026-01-01
006fab4d-4522-4ec3-b12b-416fd5417830,user944@gmail.com,placeholder,User944,Test944,CUSTOMER,,2026-01-01,2026-01-01
197fe880-7df9-48be-8568-74e302693a3a,user945@gmail.com,placeholder,User945,Test945,CUSTOMER,,2026-01-01,2026-01-01
7b6b9b69-b979-44d7-949e-e8a86b6002f2,user946@gmail.com,placeholder,User946,Test946,CUSTOMER,,2026-01-01,2026-01-01
c6c319f8-2a8a-48f3-85ff-0b0232cb0eeb,user947@gmail.com,placeholder,User947,Test947,CUSTOMER,,2026-01-01,2026-01-01
6b39a113-24c4-41f9-8d7e-7922601ac3c0,user948@gmail.com,placeholder,User948,Test948,CUSTOMER,,2026-01-01,2026-01-01
f8ec10b3-8697-4589-aced-01969d2a3d38,user949@gmail.com,placeholder,User949,Test949,CUSTOMER,,2026-01-01,2026-01-01
08553b5c-8190-4b70-a1ba-bda5e21fcb6a,user950@gmail.com,placeholder,User950,Test950,CUSTOMER,,2026-01-01,2026-01-01
5908638d-28ba-4c37-b34a-8a2736cab398,user951@gmail.com,placeholder,User951,Test951,CUSTOMER,,2026-01-01,2026-01-01
7159fb46-c572-41b2-bf15-011c15188227,user952@gmail.com,placeholder,User952,Test952,CUSTOMER,,2026-01-01,2026-01-01
682f6704-54ca-4fbf-911a-78c0a3eeaa65,user953@gmail.com,placeholder,User953,Test953,CUSTOMER,,2026-01-01,2026-01-01
6a734604-2310-4f22-8c73-21398caa4e39,user954@gmail.com,placeholder,User954,Test954,CUSTOMER,,2026-01-01,2026-01-01
75f483d1-a572-457a-b046-43d748ad5aad,user955@gmail.com,placeholder,User955,Test955,CUSTOMER,,2026-01-01,2026-01-01
2a02e509-0eec-4b70-9326-947abfaae429,user956@gmail.com,placeholder,User956,Test956,CUSTOMER,,2026-01-01,2026-01-01
be36eb2d-f594-4683-9e0a-338d112db4f4,user957@gmail.com,placeholder,User957,Test957,CUSTOMER,,2026-01-01,2026-01-01
7bf16702-a96e-4576-be06-de3267f9c27d,user958@gmail.com,placeholder,User958,Test958,CUSTOMER,,2026-01-01,2026-01-01
11b7dc40-9cde-4318-a9e0-237005cb11cc,user959@gmail.com,placeholder,User959,Test959,CUSTOMER,,2026-01-01,2026-01-01
1e326516-f79f-41f4-8bc6-963f85334963,user960@gmail.com,placeholder,User960,Test960,CUSTOMER,,2026-01-01,2026-01-01
c5fb83ce-166a-4205-96e3-f8fb6319e658,user961@gmail.com,placeholder,User961,Test961,CUSTOMER,,2026-01-01,2026-01-01
a3b3501c-a45d-4822-b706-e21e50bbe1e6,user962@gmail.com,placeholder,User962,Test962,CUSTOMER,,2026-01-01,2026-01-01
0dbc8b90-92fa-43c5-8fe2-61acc4e8c057,user963@gmail.com,placeholder,User963,Test963,CUSTOMER,,2026-01-01,2026-01-01
a68d206e-94d9-4209-8dfd-b2aed1392938,user964@gmail.com,placeholder,User964,Test964,CUSTOMER,,2026-01-01,2026-01-01
fdf11e69-fa1f-42fc-be24-40d15d707361,user965@gmail.com,placeholder,User965,Test965,CUSTOMER,,2026-01-01,2026-01-01
fdeabd7c-e37c-4967-bde6-67ebedfbd322,user966@gmail.com,placeholder,User966,Test966,CUSTOMER,,2026-01-01,2026-01-01
1f89b359-a194-415b-844c-865d1382fefa,user967@gmail.com,placeholder,User967,Test967,CUSTOMER,,2026-01-01,2026-01-01
a61ac25a-dbdc-49cb-ae32-891c6a541af7,user968@gmail.com,placeholder,User968,Test968,CUSTOMER,,2026-01-01,2026-01-01
cc0e8b78-b7aa-43e8-8765-7ec6c58c5aa1,user969@gmail.com,placeholder,User969,Test969,CUSTOMER,,2026-01-01,2026-01-01
06e36022-263f-4255-bf27-20b3d62fb747,user970@gmail.com,placeholder,User970,Test970,CUSTOMER,,2026-01-01,2026-01-01
8b07667a-d8d3-4949-9038-fe1fba5e7155,user971@gmail.com,placeholder,User971,Test971,CUSTOMER,,2026-01-01,2026-01-01
7e56913f-77f8-4005-8d4a-14a1600769e2,user972@gmail.com,placeholder,User972,Test972,CUSTOMER,,2026-01-01,2026-01-01
53c9df95-d7c8-4e75-a53c-7dad942ffc2d,user973@gmail.com,placeholder,User973,Test973,CUSTOMER,,2026-01-01,2026-01-01
ea65f796-5c82-4a73-9b29-bedbdf459532,user974@gmail.com,placeholder,User974,Test974,CUSTOMER,,2026-01-01,2026-01-01
db7483d7-a466-476c-b538-3f06783f3c21,user975@gmail.com,placeholder,User975,Test975,CUSTOMER,,2026-01-01,2026-01-01
270b9124-da2d-49eb-a0ad-39338bddbd46,user976@gmail.com,placeholder,User976,Test976,CUSTOMER,,2026-01-01,2026-01-01
326aa684-398d-43ac-9103-851109afb733,user977@gmail.com,placeholder,User977,Test977,CUSTOMER,,2026-01-01,2026-01-01
b2a0861d-ced0-45e3-91f9-51aab730b7b3,user978@gmail.com,placeholder,User978,Test978,CUSTOMER,,2026-01-01,2026-01-01
7ccd3b00-5536-43c0-a2a8-27ff14cbb402,user979@gmail.com,placeholder,User979,Test979,CUSTOMER,,2026-01-01,2026-01-01
744eb90a-9669-48e8-8512-94b6f95c2131,user980@gmail.com,placeholder,User980,Test980,CUSTOMER,,2026-01-01,2026-01-01
af4f686e-cc6e-475f-8f4d-6988e6430fba,user981@gmail.com,placeholder,User981,Test981,CUSTOMER,,2026-01-01,2026-01-01
40e8c2e3-bbdd-461f-8e26-8cadd9e4c1c7,user982@gmail.com,placeholder,User982,Test982,CUSTOMER,,2026-01-01,2026-01-01
d41e16d2-dedd-4934-8108-7b2e7c14d8c2,user983@gmail.com,placeholder,User983,Test983,CUSTOMER,,2026-01-01,2026-01-01
4ee28a21-6abc-4589-ba21-281c8b00cf48,user984@gmail.com,placeholder,User984,Test984,CUSTOMER,,2026-01-01,2026-01-01
38a7dac2-e63c-4357-8376-a4865e37017d,user985@gmail.com,placeholder,User985,Test985,CUSTOMER,,2026-01-01,2026-01-01
cbfc36a6-1110-4194-bd46-00ecb863a3b5,user986@gmail.com,placeholder,User986,Test986,CUSTOMER,,2026-01-01,2026-01-01
02bfe0eb-885e-457c-9e11-12ec2e36c30c,user987@gmail.com,placeholder,User987,Test987,CUSTOMER,,2026-01-01,2026-01-01
2a6806b0-461c-48b4-acff-1f1e0bb725a4,user988@gmail.com,placeholder,User988,Test988,CUSTOMER,,2026-01-01,2026-01-01
3042dd2c-3d2b-4790-af30-f987d4157e7f,user989@gmail.com,placeholder,User989,Test989,CUSTOMER,,2026-01-01,2026-01-01
540a8ff6-f950-430d-a964-953d959eb965,user990@gmail.com,placeholder,User990,Test990,CUSTOMER,,2026-01-01,2026-01-01
3ae1bb96-0f5c-4868-8c4d-a247487e127d,user991@gmail.com,placeholder,User991,Test991,CUSTOMER,,2026-01-01,2026-01-01
e5e9039e-c452-44b3-8ef2-5aaa0fc8ceee,user992@gmail.com,placeholder,User992,Test992,CUSTOMER,,2026-01-01,2026-01-01
4674e3ef-7eef-4a6a-a253-e6aba6379f73,user993@gmail.com,placeholder,User993,Test993,CUSTOMER,,2026-01-01,2026-01-01
2d102c06-6239-41fd-ac11-45ccd8261b99,user994@gmail.com,placeholder,User994,Test994,CUSTOMER,,2026-01-01,2026-01-01
2a0325bc-5b19-4091-a1bd-d62829d0b1a3,user995@gmail.com,placeholder,User995,Test995,CUSTOMER,,2026-01-01,2026-01-01
c6d8da8a-ba63-4f79-a5cf-5b5ab053deed,user996@gmail.com,placeholder,User996,Test996,CUSTOMER,,2026-01-01,2026-01-01
1268fe34-aa49-4caf-a448-cf1098bc3884,user997@gmail.com,placeholder,User997,Test997,CUSTOMER,,2026-01-01,2026-01-01
39cae517-f5b4-497b-904a-c4ea59eea626,user998@gmail.com,placeholder,User998,Test998,CUSTOMER,,2026-01-01,2026-01-01
27da9029-9ef9-4213-915d-facb9188862f,user999@gmail.com,placeholder,User999,Test999,CUSTOMER,,2026-01-01,2026-01-01
df11fa40-e0bf-488a-8d11-99f8ff909817,user1000@gmail.com,placeholder,User1000,Test1000,CUSTOMER,,2026-01-01,2026-01-01
4fac493b-e76b-4c59-af73-66f64b8d938c,user1001@gmail.com,placeholder,User1001,Test1001,CUSTOMER,,2026-01-01,2026-01-01
a4071058-674b-4de5-8024-c5748a79b6ec,user1002@gmail.com,placeholder,User1002,Test1002,CUSTOMER,,2026-01-01,2026-01-01
b23ae272-ef28-4625-8ac0-a473f91be950,user1003@gmail.com,placeholder,User1003,Test1003,CUSTOMER,,2026-01-01,2026-01-01
dee5f90e-de76-4709-a321-11a95d37708c,user1004@gmail.com,placeholder,User1004,Test1004,CUSTOMER,,2026-01-01,2026-01-01
3bd5b5ff-dc76-4270-b097-955105056b60,user1005@gmail.com,placeholder,User1005,Test1005,CUSTOMER,,2026-01-01,2026-01-01
6ca9f0b1-7ce0-4bc0-8eed-cf3566b9f5b3,user1006@gmail.com,placeholder,User1006,Test1006,CUSTOMER,,2026-01-01,2026-01-01
6ae0011f-ccba-4485-ac30-f351a1402cfb,user1007@gmail.com,placeholder,User1007,Test1007,CUSTOMER,,2026-01-01,2026-01-01
0493c971-a22f-4027-b82f-836c8e9b9844,user1008@gmail.com,placeholder,User1008,Test1008,CUSTOMER,,2026-01-01,2026-01-01
fd68c1c3-8f6d-486b-86c8-866f994d67d8,user1009@gmail.com,placeholder,User1009,Test1009,CUSTOMER,,2026-01-01,2026-01-01
2106ca93-21dd-45bb-a0ed-232c7cdf3ae3,user1010@gmail.com,placeholder,User1010,Test1010,CUSTOMER,,2026-01-01,2026-01-01
243b69d0-485e-4862-a448-809faee61932,user1011@gmail.com,placeholder,User1011,Test1011,CUSTOMER,,2026-01-01,2026-01-01
50476686-c420-4d8b-97cd-9e85ad7fd8fb,user1012@gmail.com,placeholder,User1012,Test1012,CUSTOMER,,2026-01-01,2026-01-01
6a5d92da-efee-4f50-9afa-2322c954b0fb,user1013@gmail.com,placeholder,User1013,Test1013,CUSTOMER,,2026-01-01,2026-01-01
0c1536c0-95f8-4591-bc7a-c2b5bf69cb9b,user1014@gmail.com,placeholder,User1014,Test1014,CUSTOMER,,2026-01-01,2026-01-01
3ef98cde-66ef-4405-a741-b036102a39b3,user1015@gmail.com,placeholder,User1015,Test1015,CUSTOMER,,2026-01-01,2026-01-01
d70af671-ec54-4bc0-906c-eb81d2194e64,user1016@gmail.com,placeholder,User1016,Test1016,CUSTOMER,,2026-01-01,2026-01-01
376c8dce-cac6-417a-ba8f-51f70ec45237,user1017@gmail.com,placeholder,User1017,Test1017,CUSTOMER,,2026-01-01,2026-01-01
5ae87188-b97e-4136-8589-f600615a8a7c,user1018@gmail.com,placeholder,User1018,Test1018,CUSTOMER,,2026-01-01,2026-01-01
5bb84c43-ac51-47c6-a803-2c5157842460,user1019@gmail.com,placeholder,User1019,Test1019,CUSTOMER,,2026-01-01,2026-01-01
8db8f883-2aa9-459b-adc1-cebdfc680528,user1020@gmail.com,placeholder,User1020,Test1020,CUSTOMER,,2026-01-01,2026-01-01
46f0c5da-27e3-4f86-88bd-a56ed79d1b76,user1021@gmail.com,placeholder,User1021,Test1021,CUSTOMER,,2026-01-01,2026-01-01
f1eb589e-f4ff-4584-88ed-c5c27cf67dd9,user1022@gmail.com,placeholder,User1022,Test1022,CUSTOMER,,2026-01-01,2026-01-01
fbd3c674-12a1-41ec-8992-23ae9df8a224,user1023@gmail.com,placeholder,User1023,Test1023,CUSTOMER,,2026-01-01,2026-01-01
e5d11b6d-ae82-4086-ae1f-9d3cc7804724,user1024@gmail.com,placeholder,User1024,Test1024,CUSTOMER,,2026-01-01,2026-01-01
d33caed9-af36-4efb-9fbd-e7364a964efa,user1025@gmail.com,placeholder,User1025,Test1025,CUSTOMER,,2026-01-01,2026-01-01
0c540a35-e2e5-4e42-8a6b-77fdc28d4b7b,user1026@gmail.com,placeholder,User1026,Test1026,CUSTOMER,,2026-01-01,2026-01-01
c626fd87-9915-497b-a0bb-ea8678007d34,user1027@gmail.com,placeholder,User1027,Test1027,CUSTOMER,,2026-01-01,2026-01-01
95db8c86-423b-42c8-a97a-e95aaa679947,user1028@gmail.com,placeholder,User1028,Test1028,CUSTOMER,,2026-01-01,2026-01-01
a58fb709-14e5-4a0a-9d7f-343db8713346,user1029@gmail.com,placeholder,User1029,Test1029,CUSTOMER,,2026-01-01,2026-01-01
25e47528-5a06-43bf-a05a-051c338ea084,user1030@gmail.com,placeholder,User1030,Test1030,CUSTOMER,,2026-01-01,2026-01-01
6ade9f79-fdbf-432c-93ef-876142566330,user1031@gmail.com,placeholder,User1031,Test1031,CUSTOMER,,2026-01-01,2026-01-01
bea86856-ed3f-4e96-9e23-4b936592acbc,user1032@gmail.com,placeholder,User1032,Test1032,CUSTOMER,,2026-01-01,2026-01-01
6f0011f4-e04e-4a1f-9cff-57d44f71c3a7,user1033@gmail.com,placeholder,User1033,Test1033,CUSTOMER,,2026-01-01,2026-01-01
bdd72723-123b-4636-a7b9-f5b32a0cc818,user1034@gmail.com,placeholder,User1034,Test1034,CUSTOMER,,2026-01-01,2026-01-01
0e2d7ee9-d1ec-46f7-86a4-85d3d549380a,user1035@gmail.com,placeholder,User1035,Test1035,CUSTOMER,,2026-01-01,2026-01-01
43b10d85-ef39-4cc8-ac3b-285f06890989,user1036@gmail.com,placeholder,User1036,Test1036,CUSTOMER,,2026-01-01,2026-01-01
9fcec5d7-6372-4165-bf38-0ae0f8839233,user1037@gmail.com,placeholder,User1037,Test1037,CUSTOMER,,2026-01-01,2026-01-01
61096de7-a8e4-49c0-ae43-aa22efc024e0,user1038@gmail.com,placeholder,User1038,Test1038,CUSTOMER,,2026-01-01,2026-01-01
3b0106a7-034d-4437-978e-23b318760dd2,user1039@gmail.com,placeholder,User1039,Test1039,CUSTOMER,,2026-01-01,2026-01-01
299a119b-b669-4032-91e1-e6bdba7fdc7d,user1040@gmail.com,placeholder,User1040,Test1040,CUSTOMER,,2026-01-01,2026-01-01
77e0ce86-1584-4fa1-87a9-e67dc870d558,user1041@gmail.com,placeholder,User1041,Test1041,CUSTOMER,,2026-01-01,2026-01-01
195adcb9-808e-450a-875b-52053d544cd2,user1042@gmail.com,placeholder,User1042,Test1042,CUSTOMER,,2026-01-01,2026-01-01
d99fa804-59fc-49eb-abdd-ed70ae1196bd,user1043@gmail.com,placeholder,User1043,Test1043,CUSTOMER,,2026-01-01,2026-01-01
9ffaadc1-775c-4077-8bc3-42533d1ec44b,user1044@gmail.com,placeholder,User1044,Test1044,CUSTOMER,,2026-01-01,2026-01-01
58b7288f-5d3d-40fe-9e70-0cb8eddd3cd2,user1045@gmail.com,placeholder,User1045,Test1045,CUSTOMER,,2026-01-01,2026-01-01
cb546fa6-53b6-4967-b3c8-31ca4578d118,user1046@gmail.com,placeholder,User1046,Test1046,CUSTOMER,,2026-01-01,2026-01-01
3d9e349f-8f81-48e8-a674-f7e048fe7127,user1047@gmail.com,placeholder,User1047,Test1047,CUSTOMER,,2026-01-01,2026-01-01
a7fa78d6-eab1-4b9c-b9bf-363578d67472,user1048@gmail.com,placeholder,User1048,Test1048,CUSTOMER,,2026-01-01,2026-01-01
3753af41-304e-4237-8272-164e008f7dbc,user1049@gmail.com,placeholder,User1049,Test1049,CUSTOMER,,2026-01-01,2026-01-01
9f3bd9aa-6527-466c-aefb-2a1b569377ed,user1050@gmail.com,placeholder,User1050,Test1050,CUSTOMER,,2026-01-01,2026-01-01
34b58cae-8340-4f76-b02c-cfe6391f9f53,user1051@gmail.com,placeholder,User1051,Test1051,CUSTOMER,,2026-01-01,2026-01-01
2cb808e3-1472-4d34-ac75-dd016d8077fa,user1052@gmail.com,placeholder,User1052,Test1052,CUSTOMER,,2026-01-01,2026-01-01
b3e49ac2-b520-4d3f-8c24-5f92ed3d9b7e,user1053@gmail.com,placeholder,User1053,Test1053,CUSTOMER,,2026-01-01,2026-01-01
6350debc-9b72-4666-a353-2db16536c44f,user1054@gmail.com,placeholder,User1054,Test1054,CUSTOMER,,2026-01-01,2026-01-01
b3ad7b45-17a3-4943-ac5e-dc708dee61d2,user1055@gmail.com,placeholder,User1055,Test1055,CUSTOMER,,2026-01-01,2026-01-01
c5dc4ddf-cde7-4a46-a41d-20f9a48aee26,user1056@gmail.com,placeholder,User1056,Test1056,CUSTOMER,,2026-01-01,2026-01-01
cc71ca65-58ca-477d-8fb5-e6d5bf5a7f43,user1057@gmail.com,placeholder,User1057,Test1057,CUSTOMER,,2026-01-01,2026-01-01
8af90d05-1919-4e45-b41a-9d6ea2676dbc,user1058@gmail.com,placeholder,User1058,Test1058,CUSTOMER,,2026-01-01,2026-01-01
bfa4c24c-22dc-4890-96c9-2ba0fe0a0c38,user1059@gmail.com,placeholder,User1059,Test1059,CUSTOMER,,2026-01-01,2026-01-01
23800034-452d-4d59-b734-bf5df8e98c07,user1060@gmail.com,placeholder,User1060,Test1060,CUSTOMER,,2026-01-01,2026-01-01
65747b8f-67e6-4ea1-b9c2-b0c757544993,user1061@gmail.com,placeholder,User1061,Test1061,CUSTOMER,,2026-01-01,2026-01-01
d94f717f-bb8a-448f-bde7-0163bceb4931,user1062@gmail.com,placeholder,User1062,Test1062,CUSTOMER,,2026-01-01,2026-01-01
57cfb695-29b7-461d-85a7-f7e71dcf99de,user1063@gmail.com,placeholder,User1063,Test1063,CUSTOMER,,2026-01-01,2026-01-01
0d86b8d6-439e-43ea-9d38-e9533bc78999,user1064@gmail.com,placeholder,User1064,Test1064,CUSTOMER,,2026-01-01,2026-01-01
e1e79dbd-7d90-42c1-bdc6-fbf2716bcd3e,user1065@gmail.com,placeholder,User1065,Test1065,CUSTOMER,,2026-01-01,2026-01-01
2e6abac8-7373-4969-8ada-4c3118b46003,user1066@gmail.com,placeholder,User1066,Test1066,CUSTOMER,,2026-01-01,2026-01-01
785323a4-76bd-4e78-b8ee-724035d16945,user1067@gmail.com,placeholder,User1067,Test1067,CUSTOMER,,2026-01-01,2026-01-01
f453db62-a450-4789-a08b-8c8be2a2b186,user1068@gmail.com,placeholder,User1068,Test1068,CUSTOMER,,2026-01-01,2026-01-01
74b29f12-1a6d-4ec4-9156-aa3de627f450,user1069@gmail.com,placeholder,User1069,Test1069,CUSTOMER,,2026-01-01,2026-01-01
1bac0ae8-4b0e-40ad-86f7-2bd2e66b8fe8,user1070@gmail.com,placeholder,User1070,Test1070,CUSTOMER,,2026-01-01,2026-01-01
1762a0de-6c9a-4db9-b8a9-390825fdbdbd,user1071@gmail.com,placeholder,User1071,Test1071,CUSTOMER,,2026-01-01,2026-01-01
a4b2bfcd-6fee-4bea-bd89-295067d61ecb,user1072@gmail.com,placeholder,User1072,Test1072,CUSTOMER,,2026-01-01,2026-01-01
0bd2c640-3ba1-408b-a49c-3e6e3fcd628f,user1073@gmail.com,placeholder,User1073,Test1073,CUSTOMER,,2026-01-01,2026-01-01
0bde85c9-d039-44ce-834d-3f61749ada61,user1074@gmail.com,placeholder,User1074,Test1074,CUSTOMER,,2026-01-01,2026-01-01
440d7f23-3b65-4187-aeae-2815cea1a302,user1075@gmail.com,placeholder,User1075,Test1075,CUSTOMER,,2026-01-01,2026-01-01
b37bb80a-0996-48ae-a7d7-5d5d7220f989,user1076@gmail.com,placeholder,User1076,Test1076,CUSTOMER,,2026-01-01,2026-01-01
34f746d5-bfdf-421a-989b-f521d816da0a,user1077@gmail.com,placeholder,User1077,Test1077,CUSTOMER,,2026-01-01,2026-01-01
a65dc726-396c-42e6-b627-753049c01535,user1078@gmail.com,placeholder,User1078,Test1078,CUSTOMER,,2026-01-01,2026-01-01
aa612723-3c3b-4e9c-b768-55f985842e51,user1079@gmail.com,placeholder,User1079,Test1079,CUSTOMER,,2026-01-01,2026-01-01
98a5e9b9-2d65-4d39-99b1-bd310154e151,user1080@gmail.com,placeholder,User1080,Test1080,CUSTOMER,,2026-01-01,2026-01-01
548dd1e9-fb6a-4be5-83b0-b358022b1906,user1081@gmail.com,placeholder,User1081,Test1081,CUSTOMER,,2026-01-01,2026-01-01
2798d494-3bfa-4ada-bad8-a5f20eb7c1b9,user1082@gmail.com,placeholder,User1082,Test1082,CUSTOMER,,2026-01-01,2026-01-01
78dc66fc-1046-4446-a72a-1adcd6945cc4,user1083@gmail.com,placeholder,User1083,Test1083,CUSTOMER,,2026-01-01,2026-01-01
e334b318-d9e6-4f43-add8-499503dd8ec4,user1084@gmail.com,placeholder,User1084,Test1084,CUSTOMER,,2026-01-01,2026-01-01
0b476866-f39d-4678-84d4-7f8c856dd1ad,user1085@gmail.com,placeholder,User1085,Test1085,CUSTOMER,,2026-01-01,2026-01-01
f8948ea0-2f37-4ee9-beed-046721eba9e4,user1086@gmail.com,placeholder,User1086,Test1086,CUSTOMER,,2026-01-01,2026-01-01
ec6f6452-aaf6-489b-956e-fffcc2142fd7,user1087@gmail.com,placeholder,User1087,Test1087,CUSTOMER,,2026-01-01,2026-01-01
15dbcce3-df98-43b3-a9db-9152d2a1661c,user1088@gmail.com,placeholder,User1088,Test1088,CUSTOMER,,2026-01-01,2026-01-01
cf66364c-e8fb-4426-a76d-561438a70b9c,user1089@gmail.com,placeholder,User1089,Test1089,CUSTOMER,,2026-01-01,2026-01-01
22714262-ad2b-4a5d-951d-d0f2760030fc,user1090@gmail.com,placeholder,User1090,Test1090,CUSTOMER,,2026-01-01,2026-01-01
8b0cc2fa-887a-45af-a45b-1fa5c1c3af67,user1091@gmail.com,placeholder,User1091,Test1091,CUSTOMER,,2026-01-01,2026-01-01
c038a5ee-0e86-4369-90be-ad4a0e448b3a,user1092@gmail.com,placeholder,User1092,Test1092,CUSTOMER,,2026-01-01,2026-01-01
475cddd1-fa70-4ac1-bd47-00d4654de5aa,user1093@gmail.com,placeholder,User1093,Test1093,CUSTOMER,,2026-01-01,2026-01-01
2ecb2839-845d-4116-9d3e-9206e4582517,user1094@gmail.com,placeholder,User1094,Test1094,CUSTOMER,,2026-01-01,2026-01-01
3e1c6e81-6b69-4413-a987-f6a6adc9e1ab,user1095@gmail.com,placeholder,User1095,Test1095,CUSTOMER,,2026-01-01,2026-01-01
706e425e-5057-4367-9b69-ae3903638a5a,user1096@gmail.com,placeholder,User1096,Test1096,CUSTOMER,,2026-01-01,2026-01-01
6436d597-e4e6-42b7-8041-16fb47d9f923,user1097@gmail.com,placeholder,User1097,Test1097,CUSTOMER,,2026-01-01,2026-01-01
98dcb382-1f69-44aa-8591-a4f58c854ba9,user1098@gmail.com,placeholder,User1098,Test1098,CUSTOMER,,2026-01-01,2026-01-01
1f19eb59-42f1-4ba3-94f1-228ade4632a9,user1099@gmail.com,placeholder,User1099,Test1099,CUSTOMER,,2026-01-01,2026-01-01
a510bc84-0a69-4df5-bd51-435012f0e690,user1100@gmail.com,placeholder,User1100,Test1100,CUSTOMER,,2026-01-01,2026-01-01
3fc1020a-c21b-43d6-937d-47a78abffcaf,user1101@gmail.com,placeholder,User1101,Test1101,CUSTOMER,,2026-01-01,2026-01-01
61338154-377d-489c-9dfc-a353dee32138,user1102@gmail.com,placeholder,User1102,Test1102,CUSTOMER,,2026-01-01,2026-01-01
9929bd66-f3e6-4ec6-b0dd-422c80886332,user1103@gmail.com,placeholder,User1103,Test1103,CUSTOMER,,2026-01-01,2026-01-01
339d26aa-4d7e-4427-b0a3-69b11a35aef4,user1104@gmail.com,placeholder,User1104,Test1104,CUSTOMER,,2026-01-01,2026-01-01
6a96f95b-5857-4f4f-b732-9d5b96ce3866,user1105@gmail.com,placeholder,User1105,Test1105,CUSTOMER,,2026-01-01,2026-01-01
0ae4c31d-005a-4024-81b5-c72f81fe57ad,user1106@gmail.com,placeholder,User1106,Test1106,CUSTOMER,,2026-01-01,2026-01-01
67c5d834-cdc1-4ff6-8f77-1947ec09977a,user1107@gmail.com,placeholder,User1107,Test1107,CUSTOMER,,2026-01-01,2026-01-01
727d67e2-7b83-453c-a77a-25ac43162902,user1108@gmail.com,placeholder,User1108,Test1108,CUSTOMER,,2026-01-01,2026-01-01
d59fa48e-b2f3-461c-93da-709d2b88b029,user1109@gmail.com,placeholder,User1109,Test1109,CUSTOMER,,2026-01-01,2026-01-01
b75e5cbd-b55b-4cf4-8d72-bfb6c462562e,user1110@gmail.com,placeholder,User1110,Test1110,CUSTOMER,,2026-01-01,2026-01-01
8da69030-fb9c-46da-b27b-41ca3176e520,user1111@gmail.com,placeholder,User1111,Test1111,CUSTOMER,,2026-01-01,2026-01-01
47705287-6de1-4449-afc5-ce516f71dda8,user1112@gmail.com,placeholder,User1112,Test1112,CUSTOMER,,2026-01-01,2026-01-01
6a6381f5-4446-4e85-ae61-a1ae07e29e69,user1113@gmail.com,placeholder,User1113,Test1113,CUSTOMER,,2026-01-01,2026-01-01
476c36a4-af94-4e15-aa91-7af599c66410,user1114@gmail.com,placeholder,User1114,Test1114,CUSTOMER,,2026-01-01,2026-01-01
ab6b9811-31a9-4b60-a09d-8cd5c1ebb03b,user1115@gmail.com,placeholder,User1115,Test1115,CUSTOMER,,2026-01-01,2026-01-01
9cad3d0f-e2dd-4828-965a-42addadee117,user1116@gmail.com,placeholder,User1116,Test1116,CUSTOMER,,2026-01-01,2026-01-01
25f508a3-0f5d-47e4-8568-ef42ca748493,user1117@gmail.com,placeholder,User1117,Test1117,CUSTOMER,,2026-01-01,2026-01-01
0428bf23-0089-4d48-ac04-0a1ff9ecce44,user1118@gmail.com,placeholder,User1118,Test1118,CUSTOMER,,2026-01-01,2026-01-01
606a59de-86fe-4dcf-8a83-5e66ee16792a,user1119@gmail.com,placeholder,User1119,Test1119,CUSTOMER,,2026-01-01,2026-01-01
e6048498-26eb-4b88-8dd7-690d405e10e1,user1120@gmail.com,placeholder,User1120,Test1120,CUSTOMER,,2026-01-01,2026-01-01
ea535e38-1206-4416-88aa-33402be0e946,user1121@gmail.com,placeholder,User1121,Test1121,CUSTOMER,,2026-01-01,2026-01-01
4a4204de-87db-4bee-b09c-304462ceea06,user1122@gmail.com,placeholder,User1122,Test1122,CUSTOMER,,2026-01-01,2026-01-01
0691bad3-a561-40d8-8757-ae86c0870ab2,user1123@gmail.com,placeholder,User1123,Test1123,CUSTOMER,,2026-01-01,2026-01-01
ee1bc306-3b8b-44e4-ab46-39c7c5126444,user1124@gmail.com,placeholder,User1124,Test1124,CUSTOMER,,2026-01-01,2026-01-01
61f0477b-7bc7-437f-88d0-2b7acb055a7d,user1125@gmail.com,placeholder,User1125,Test1125,CUSTOMER,,2026-01-01,2026-01-01
b9400c90-ece7-4a15-bd66-0a383630f836,user1126@gmail.com,placeholder,User1126,Test1126,CUSTOMER,,2026-01-01,2026-01-01
7061cc8c-e178-4038-bd64-74778542ba21,user1127@gmail.com,placeholder,User1127,Test1127,CUSTOMER,,2026-01-01,2026-01-01
b87d1840-c11a-45f8-aab6-7b018dc16e81,user1128@gmail.com,placeholder,User1128,Test1128,CUSTOMER,,2026-01-01,2026-01-01
537361a9-3c79-4ec8-9135-6a264a1dbdf0,user1129@gmail.com,placeholder,User1129,Test1129,CUSTOMER,,2026-01-01,2026-01-01
4eb5991c-1424-4b9d-bf29-025201c4084d,user1130@gmail.com,placeholder,User1130,Test1130,CUSTOMER,,2026-01-01,2026-01-01
798f47e5-527c-4fea-81bf-71582bb58fdc,user1131@gmail.com,placeholder,User1131,Test1131,CUSTOMER,,2026-01-01,2026-01-01
491052b2-6571-49a6-a275-42512865912e,user1132@gmail.com,placeholder,User1132,Test1132,CUSTOMER,,2026-01-01,2026-01-01
892e0dff-73bd-4d1f-916b-77a892cc6830,user1133@gmail.com,placeholder,User1133,Test1133,CUSTOMER,,2026-01-01,2026-01-01
96f1e82a-be32-478c-9ff4-bbde76b22439,user1134@gmail.com,placeholder,User1134,Test1134,CUSTOMER,,2026-01-01,2026-01-01
2800fdf0-6ffb-491d-bbbe-ad6bbe072be3,user1135@gmail.com,placeholder,User1135,Test1135,CUSTOMER,,2026-01-01,2026-01-01
81e025be-0284-4722-acec-34a4e26c8385,user1136@gmail.com,placeholder,User1136,Test1136,CUSTOMER,,2026-01-01,2026-01-01
90a148e3-b993-44b4-8798-29dcb4351058,user1137@gmail.com,placeholder,User1137,Test1137,CUSTOMER,,2026-01-01,2026-01-01
31cc8ae5-67c1-4ed6-9a17-be89152f1e6e,user1138@gmail.com,placeholder,User1138,Test1138,CUSTOMER,,2026-01-01,2026-01-01
04a848e6-b846-4740-a71e-404f6d5cb685,user1139@gmail.com,placeholder,User1139,Test1139,CUSTOMER,,2026-01-01,2026-01-01
74b1bb2e-75b6-4219-aa4e-bc2df492be8c,user1140@gmail.com,placeholder,User1140,Test1140,CUSTOMER,,2026-01-01,2026-01-01
b4d1d6b4-e5b8-4042-8c96-65b7b9a7254c,user1141@gmail.com,placeholder,User1141,Test1141,CUSTOMER,,2026-01-01,2026-01-01
8e33cc0c-e229-4591-9d37-8e6a467a972c,user1142@gmail.com,placeholder,User1142,Test1142,CUSTOMER,,2026-01-01,2026-01-01
b917d507-aa15-401c-8654-2bb2b1b8e991,user1143@gmail.com,placeholder,User1143,Test1143,CUSTOMER,,2026-01-01,2026-01-01
24d12dae-f878-4680-b73e-4a49a54c823f,user1144@gmail.com,placeholder,User1144,Test1144,CUSTOMER,,2026-01-01,2026-01-01
c6020fa4-ff5a-4e22-b54e-d2e9a0c2ae18,user1145@gmail.com,placeholder,User1145,Test1145,CUSTOMER,,2026-01-01,2026-01-01
4a9d9841-c99d-498e-84d5-20f21b089cdc,user1146@gmail.com,placeholder,User1146,Test1146,CUSTOMER,,2026-01-01,2026-01-01
cb3e2bb6-a8a0-4738-aca1-bfcc57ea8733,user1147@gmail.com,placeholder,User1147,Test1147,CUSTOMER,,2026-01-01,2026-01-01
efbcdb70-863c-4852-9e1e-f1603a201453,user1148@gmail.com,placeholder,User1148,Test1148,CUSTOMER,,2026-01-01,2026-01-01
42e11960-b6f4-4c57-87c1-03185e949839,user1149@gmail.com,placeholder,User1149,Test1149,CUSTOMER,,2026-01-01,2026-01-01
45ab4dcc-7ae0-4618-a758-360dfb4a2b03,user1150@gmail.com,placeholder,User1150,Test1150,CUSTOMER,,2026-01-01,2026-01-01
7a9b5007-e0fb-46cf-8bd1-c63c60cbd86f,user1151@gmail.com,placeholder,User1151,Test1151,CUSTOMER,,2026-01-01,2026-01-01
d0752c58-83ab-4e70-8ac2-f55fd12d7716,user1152@gmail.com,placeholder,User1152,Test1152,CUSTOMER,,2026-01-01,2026-01-01
924eccc7-39ec-417f-82ed-5e73076ad7f4,user1153@gmail.com,placeholder,User1153,Test1153,CUSTOMER,,2026-01-01,2026-01-01
8adbe131-6223-4d64-9c76-d074aab27ce4,user1154@gmail.com,placeholder,User1154,Test1154,CUSTOMER,,2026-01-01,2026-01-01
58bd26e1-66a3-4e41-82f8-6c2226cbae47,user1155@gmail.com,placeholder,User1155,Test1155,CUSTOMER,,2026-01-01,2026-01-01
f9260b36-f5de-4943-bfed-15fed8d4ed89,user1156@gmail.com,placeholder,User1156,Test1156,CUSTOMER,,2026-01-01,2026-01-01
d42c379b-4387-4c0e-8329-641297414837,user1157@gmail.com,placeholder,User1157,Test1157,CUSTOMER,,2026-01-01,2026-01-01
4761a7f1-c174-40ef-8765-9bb9c645ad1a,user1158@gmail.com,placeholder,User1158,Test1158,CUSTOMER,,2026-01-01,2026-01-01
2f0b0d7a-24e9-4b80-9796-77aaa26de6a9,user1159@gmail.com,placeholder,User1159,Test1159,CUSTOMER,,2026-01-01,2026-01-01
56e5102d-d3c2-43b2-9a96-1e3ced2635eb,user1160@gmail.com,placeholder,User1160,Test1160,CUSTOMER,,2026-01-01,2026-01-01
15199f59-45e9-4a62-88c0-89b76841fa4b,user1161@gmail.com,placeholder,User1161,Test1161,CUSTOMER,,2026-01-01,2026-01-01
9bf43528-82a3-46b5-a559-aa15827460ff,user1162@gmail.com,placeholder,User1162,Test1162,CUSTOMER,,2026-01-01,2026-01-01
50ed18ae-92b4-4668-bd27-87f48883ce5b,user1163@gmail.com,placeholder,User1163,Test1163,CUSTOMER,,2026-01-01,2026-01-01
97657e5e-8d1a-487c-bdef-1f14973bb5a8,user1164@gmail.com,placeholder,User1164,Test1164,CUSTOMER,,2026-01-01,2026-01-01
9d15de1f-7580-486c-b276-755f0c9300a2,user1165@gmail.com,placeholder,User1165,Test1165,CUSTOMER,,2026-01-01,2026-01-01
ff52c3d6-2621-4ff3-941d-24c9f4901437,user1166@gmail.com,placeholder,User1166,Test1166,CUSTOMER,,2026-01-01,2026-01-01
2f702de7-105e-4404-875d-758b361f0a75,user1167@gmail.com,placeholder,User1167,Test1167,CUSTOMER,,2026-01-01,2026-01-01
cba4b991-3aec-4975-98a2-a7b43cad3268,user1168@gmail.com,placeholder,User1168,Test1168,CUSTOMER,,2026-01-01,2026-01-01
de4b7fc2-ac7e-4111-8582-8449e66ee60f,user1169@gmail.com,placeholder,User1169,Test1169,CUSTOMER,,2026-01-01,2026-01-01
2d1383ab-2c89-45c3-9e4a-06ad2851dbef,user1170@gmail.com,placeholder,User1170,Test1170,CUSTOMER,,2026-01-01,2026-01-01
23af79fc-aa34-4b49-8b0f-246d09dc3535,user1171@gmail.com,placeholder,User1171,Test1171,CUSTOMER,,2026-01-01,2026-01-01
127adf2a-2632-4635-8edf-d4fead1fe27e,user1172@gmail.com,placeholder,User1172,Test1172,CUSTOMER,,2026-01-01,2026-01-01
54b3f583-f028-49b6-9a7a-31e7e227923a,user1173@gmail.com,placeholder,User1173,Test1173,CUSTOMER,,2026-01-01,2026-01-01
32342daa-60cb-4f2f-bd60-ea286772fddd,user1174@gmail.com,placeholder,User1174,Test1174,CUSTOMER,,2026-01-01,2026-01-01
0f2a7d75-9cf1-4b43-a74b-576103d03e1c,user1175@gmail.com,placeholder,User1175,Test1175,CUSTOMER,,2026-01-01,2026-01-01
08d5da34-db02-4687-a2ec-e57d5855e598,user1176@gmail.com,placeholder,User1176,Test1176,CUSTOMER,,2026-01-01,2026-01-01
f4ff1383-0482-48e3-81dd-43e3f23f1def,user1177@gmail.com,placeholder,User1177,Test1177,CUSTOMER,,2026-01-01,2026-01-01
25fc3045-640b-4f19-a6d6-602287720cca,user1178@gmail.com,placeholder,User1178,Test1178,CUSTOMER,,2026-01-01,2026-01-01
abaca774-2025-4f51-921c-4ac92577d667,user1179@gmail.com,placeholder,User1179,Test1179,CUSTOMER,,2026-01-01,2026-01-01
8351b189-688c-4f53-82fe-83aaeb8b3d22,user1180@gmail.com,placeholder,User1180,Test1180,CUSTOMER,,2026-01-01,2026-01-01
bfeb26da-ef23-4be5-9525-baa29a90fc65,user1181@gmail.com,placeholder,User1181,Test1181,CUSTOMER,,2026-01-01,2026-01-01
5e759d58-79a9-4a62-aee6-bd3442722661,user1182@gmail.com,placeholder,User1182,Test1182,CUSTOMER,,2026-01-01,2026-01-01
e60852ef-99fd-473f-841c-f180777fbfe8,user1183@gmail.com,placeholder,User1183,Test1183,CUSTOMER,,2026-01-01,2026-01-01
326a8b09-630d-4f85-be1e-479bccc3f5d5,user1184@gmail.com,placeholder,User1184,Test1184,CUSTOMER,,2026-01-01,2026-01-01
6e039eb2-870b-4708-85cc-9c2553600258,user1185@gmail.com,placeholder,User1185,Test1185,CUSTOMER,,2026-01-01,2026-01-01
2c50de62-164d-468a-b756-82c4ee8cddf1,user1186@gmail.com,placeholder,User1186,Test1186,CUSTOMER,,2026-01-01,2026-01-01
e756e78c-5238-4f29-8886-66a3b5a2c07b,user1187@gmail.com,placeholder,User1187,Test1187,CUSTOMER,,2026-01-01,2026-01-01
89a5ffb7-9644-4d3a-8874-6994ff8bacdf,user1188@gmail.com,placeholder,User1188,Test1188,CUSTOMER,,2026-01-01,2026-01-01
9e097d33-a693-40ba-a62e-d1dffe861b4b,user1189@gmail.com,placeholder,User1189,Test1189,CUSTOMER,,2026-01-01,2026-01-01
160554d7-2477-4677-8dac-f308f811ca02,user1190@gmail.com,placeholder,User1190,Test1190,CUSTOMER,,2026-01-01,2026-01-01
ed13f929-dc77-44ea-ba8c-93c1d2cd67a8,user1191@gmail.com,placeholder,User1191,Test1191,CUSTOMER,,2026-01-01,2026-01-01
3d2735b2-1efe-488e-9da7-c5e08d1e7aaf,user1192@gmail.com,placeholder,User1192,Test1192,CUSTOMER,,2026-01-01,2026-01-01
bfc17553-a0e7-4e3d-b73e-c34e4ae66670,user1193@gmail.com,placeholder,User1193,Test1193,CUSTOMER,,2026-01-01,2026-01-01
de8eb45a-fb33-4236-960a-39973a907b83,user1194@gmail.com,placeholder,User1194,Test1194,CUSTOMER,,2026-01-01,2026-01-01
e727d341-c130-4b4d-a8c6-b83250dc1daa,user1195@gmail.com,placeholder,User1195,Test1195,CUSTOMER,,2026-01-01,2026-01-01
7ae87fb3-2601-4fba-bf6c-cf0b195560a7,user1196@gmail.com,placeholder,User1196,Test1196,CUSTOMER,,2026-01-01,2026-01-01
dd001d5a-8709-478e-93e5-294a8629d294,user1197@gmail.com,placeholder,User1197,Test1197,CUSTOMER,,2026-01-01,2026-01-01
80e85d89-190d-4d11-b9e7-6cbf691c64e0,user1198@gmail.com,placeholder,User1198,Test1198,CUSTOMER,,2026-01-01,2026-01-01
26276956-c95c-447f-8d75-81a2d48a90bf,user1199@gmail.com,placeholder,User1199,Test1199,CUSTOMER,,2026-01-01,2026-01-01
273e05b1-d64d-4ef9-8f52-f966008a2627,user1200@gmail.com,placeholder,User1200,Test1200,CUSTOMER,,2026-01-01,2026-01-01
e05d28f3-ddba-46d5-be30-dbb54b5d0457,user1201@gmail.com,placeholder,User1201,Test1201,CUSTOMER,,2026-01-01,2026-01-01
298a92fd-70c3-4d3c-8563-ce3eafd47db5,user1202@gmail.com,placeholder,User1202,Test1202,CUSTOMER,,2026-01-01,2026-01-01
f3df5a9a-4c7b-40c0-8211-52ab3f80d5cd,user1203@gmail.com,placeholder,User1203,Test1203,CUSTOMER,,2026-01-01,2026-01-01
dc6f4ad9-9d7c-46a4-9560-28c7e2f81512,user1204@gmail.com,placeholder,User1204,Test1204,CUSTOMER,,2026-01-01,2026-01-01
7212eb19-a5df-448c-8657-72e8ee29950d,user1205@gmail.com,placeholder,User1205,Test1205,CUSTOMER,,2026-01-01,2026-01-01
fb05cd55-dd90-4639-989d-793a86832102,user1206@gmail.com,placeholder,User1206,Test1206,CUSTOMER,,2026-01-01,2026-01-01
71e1a31d-fe2a-4288-a531-8f861af24214,user1207@gmail.com,placeholder,User1207,Test1207,CUSTOMER,,2026-01-01,2026-01-01
be96ff82-895b-40b1-b001-5d9fa6d0369c,user1208@gmail.com,placeholder,User1208,Test1208,CUSTOMER,,2026-01-01,2026-01-01
a010b4cc-c4eb-44ac-89e1-ae439cb4add1,user1209@gmail.com,placeholder,User1209,Test1209,CUSTOMER,,2026-01-01,2026-01-01
1051836f-f851-4664-830d-4828d6d26483,user1210@gmail.com,placeholder,User1210,Test1210,CUSTOMER,,2026-01-01,2026-01-01
026607e3-b41e-4efd-a645-67310422576e,user1211@gmail.com,placeholder,User1211,Test1211,CUSTOMER,,2026-01-01,2026-01-01
3d5b2211-0128-42bf-953b-108d8ca6badb,user1212@gmail.com,placeholder,User1212,Test1212,CUSTOMER,,2026-01-01,2026-01-01
fa9adcfd-c888-4cf5-addf-5123a7110238,user1213@gmail.com,placeholder,User1213,Test1213,CUSTOMER,,2026-01-01,2026-01-01
8a9461bb-02e6-4bde-86f1-cfefe1f1b615,user1214@gmail.com,placeholder,User1214,Test1214,CUSTOMER,,2026-01-01,2026-01-01
a634681d-bd18-445c-ad9e-2adeda4e67c7,user1215@gmail.com,placeholder,User1215,Test1215,CUSTOMER,,2026-01-01,2026-01-01
b10fe654-b4f1-4dcd-8603-234e6da74d21,user1216@gmail.com,placeholder,User1216,Test1216,CUSTOMER,,2026-01-01,2026-01-01
76d2890f-ac9d-4ef2-8b80-0f2dcbba0fd6,user1217@gmail.com,placeholder,User1217,Test1217,CUSTOMER,,2026-01-01,2026-01-01
24562292-f5d6-4080-905a-b557a2b801b6,user1218@gmail.com,placeholder,User1218,Test1218,CUSTOMER,,2026-01-01,2026-01-01
850e626c-9d34-4303-b5e6-5b895205d6e5,user1219@gmail.com,placeholder,User1219,Test1219,CUSTOMER,,2026-01-01,2026-01-01
419c585b-060a-4b7b-9165-204797dac7ed,user1220@gmail.com,placeholder,User1220,Test1220,CUSTOMER,,2026-01-01,2026-01-01
9ff7cbad-4d06-41ad-8900-769a589be5a8,user1221@gmail.com,placeholder,User1221,Test1221,CUSTOMER,,2026-01-01,2026-01-01
f9d21db3-e343-4a50-b587-14cf2705fb7c,user1222@gmail.com,placeholder,User1222,Test1222,CUSTOMER,,2026-01-01,2026-01-01
453bd5e8-6b21-4e47-9d44-af6f4d21c0ec,user1223@gmail.com,placeholder,User1223,Test1223,CUSTOMER,,2026-01-01,2026-01-01
fa022626-02b3-424a-84f6-2f34f7c1557a,user1224@gmail.com,placeholder,User1224,Test1224,CUSTOMER,,2026-01-01,2026-01-01
35d4564d-7bb2-4c3a-892d-bdfdc9f22fdc,user1225@gmail.com,placeholder,User1225,Test1225,CUSTOMER,,2026-01-01,2026-01-01
83db35d3-290b-4459-a3fa-762802e73335,user1226@gmail.com,placeholder,User1226,Test1226,CUSTOMER,,2026-01-01,2026-01-01
746a8bdb-fd74-4c0c-b2f7-ba9192822465,user1227@gmail.com,placeholder,User1227,Test1227,CUSTOMER,,2026-01-01,2026-01-01
fec322af-86b2-4148-a5e1-875b2105912d,user1228@gmail.com,placeholder,User1228,Test1228,CUSTOMER,,2026-01-01,2026-01-01
488d4183-6dd0-459c-92d0-b54ca8cac66b,user1229@gmail.com,placeholder,User1229,Test1229,CUSTOMER,,2026-01-01,2026-01-01
cc3856e4-5290-462e-a669-5dc292c75307,user1230@gmail.com,placeholder,User1230,Test1230,CUSTOMER,,2026-01-01,2026-01-01
860bff2e-0d94-47a0-962b-c58a08299eec,user1231@gmail.com,placeholder,User1231,Test1231,CUSTOMER,,2026-01-01,2026-01-01
654066af-72ae-4bea-bb16-f108c87251b4,user1232@gmail.com,placeholder,User1232,Test1232,CUSTOMER,,2026-01-01,2026-01-01
936dd0b2-21e2-4082-adac-8e09b4b554cb,user1233@gmail.com,placeholder,User1233,Test1233,CUSTOMER,,2026-01-01,2026-01-01
2091ce36-0f30-4873-ad4f-f1718acde8ca,user1234@gmail.com,placeholder,User1234,Test1234,CUSTOMER,,2026-01-01,2026-01-01
12b08c17-311c-476c-958c-186f3146c33e,user1235@gmail.com,placeholder,User1235,Test1235,CUSTOMER,,2026-01-01,2026-01-01
46f2a2d0-e79e-4717-9d8a-773093c41eac,user1236@gmail.com,placeholder,User1236,Test1236,CUSTOMER,,2026-01-01,2026-01-01
bf06ef0b-2a32-4967-bb72-926472f18b6a,user1237@gmail.com,placeholder,User1237,Test1237,CUSTOMER,,2026-01-01,2026-01-01
74ffa712-15d4-4aec-ac76-6d0ffcb3687c,user1238@gmail.com,placeholder,User1238,Test1238,CUSTOMER,,2026-01-01,2026-01-01
bffe34b5-48ed-4f96-ba52-0f0dbd94c770,user1239@gmail.com,placeholder,User1239,Test1239,CUSTOMER,,2026-01-01,2026-01-01
dbdc3ef0-9d39-4c45-a516-774e921f2ccd,user1240@gmail.com,placeholder,User1240,Test1240,CUSTOMER,,2026-01-01,2026-01-01
1640f5a7-2d78-4d10-a7bc-29fd3d0c2364,user1241@gmail.com,placeholder,User1241,Test1241,CUSTOMER,,2026-01-01,2026-01-01
f895cec8-3328-42c8-9fc0-0461e9ffd828,user1242@gmail.com,placeholder,User1242,Test1242,CUSTOMER,,2026-01-01,2026-01-01
21344dbe-77f0-4366-9179-74a7f8c56e93,user1243@gmail.com,placeholder,User1243,Test1243,CUSTOMER,,2026-01-01,2026-01-01
d854e215-ffe1-4877-a588-cd09ba490638,user1244@gmail.com,placeholder,User1244,Test1244,CUSTOMER,,2026-01-01,2026-01-01
d0913c4b-bce0-422f-8a59-cb68d31b9094,user1245@gmail.com,placeholder,User1245,Test1245,CUSTOMER,,2026-01-01,2026-01-01
15441985-059d-4550-be75-1d6988b40da7,user1246@gmail.com,placeholder,User1246,Test1246,CUSTOMER,,2026-01-01,2026-01-01
54fbd5c4-dcba-4e02-b6f4-acc543a28563,user1247@gmail.com,placeholder,User1247,Test1247,CUSTOMER,,2026-01-01,2026-01-01
c504abf6-bdc5-4916-b6ce-c349579e1c08,user1248@gmail.com,placeholder,User1248,Test1248,CUSTOMER,,2026-01-01,2026-01-01
f338fcb0-0a88-4186-886c-f7f9d205784d,user1249@gmail.com,placeholder,User1249,Test1249,CUSTOMER,,2026-01-01,2026-01-01
95609447-872f-43ae-9267-e5706a66572d,user1250@gmail.com,placeholder,User1250,Test1250,CUSTOMER,,2026-01-01,2026-01-01
3c72a740-708e-48cb-a221-25cad49a4df2,user1251@gmail.com,placeholder,User1251,Test1251,CUSTOMER,,2026-01-01,2026-01-01
931b66c7-02b5-4021-9959-c09951dc395a,user1252@gmail.com,placeholder,User1252,Test1252,CUSTOMER,,2026-01-01,2026-01-01
19ddac78-e9ef-41c9-aa4a-9708a643788c,user1253@gmail.com,placeholder,User1253,Test1253,CUSTOMER,,2026-01-01,2026-01-01
373a9a03-b9ac-45c5-9db1-79064fa945df,user1254@gmail.com,placeholder,User1254,Test1254,CUSTOMER,,2026-01-01,2026-01-01
3e6b364f-8649-4c94-aca9-f4c27776e735,user1255@gmail.com,placeholder,User1255,Test1255,CUSTOMER,,2026-01-01,2026-01-01
07a05a06-8678-4eb7-a8e4-aa18cedf3c2c,user1256@gmail.com,placeholder,User1256,Test1256,CUSTOMER,,2026-01-01,2026-01-01
91a6aa2a-b391-4fee-8b8a-15d6739322a0,user1257@gmail.com,placeholder,User1257,Test1257,CUSTOMER,,2026-01-01,2026-01-01
b1042cc5-bf27-42a3-a120-eea5424f5b96,user1258@gmail.com,placeholder,User1258,Test1258,CUSTOMER,,2026-01-01,2026-01-01
efc275a4-96bd-4c36-af13-c64507d3b1d1,user1259@gmail.com,placeholder,User1259,Test1259,CUSTOMER,,2026-01-01,2026-01-01
db4b2d79-632d-43de-908a-90959e48caaf,user1260@gmail.com,placeholder,User1260,Test1260,CUSTOMER,,2026-01-01,2026-01-01
524cbaf4-7e0f-4fde-897f-563eb649ef34,user1261@gmail.com,placeholder,User1261,Test1261,CUSTOMER,,2026-01-01,2026-01-01
60c0e3fb-5c24-4c91-9580-6e3ad7a8aa9e,user1262@gmail.com,placeholder,User1262,Test1262,CUSTOMER,,2026-01-01,2026-01-01
ffbb0217-d75e-42c8-b760-b8af85fd1a0e,user1263@gmail.com,placeholder,User1263,Test1263,CUSTOMER,,2026-01-01,2026-01-01
4057e8ee-e319-4f88-8fe4-17eeb9eb65bb,user1264@gmail.com,placeholder,User1264,Test1264,CUSTOMER,,2026-01-01,2026-01-01
9db0243a-d751-4152-b83d-9f02524a5c4d,user1265@gmail.com,placeholder,User1265,Test1265,CUSTOMER,,2026-01-01,2026-01-01
62ddad27-d772-4768-84ae-af792c5af43e,user1266@gmail.com,placeholder,User1266,Test1266,CUSTOMER,,2026-01-01,2026-01-01
a4859a40-7e3e-407e-957d-1fb1b8237a3a,user1267@gmail.com,placeholder,User1267,Test1267,CUSTOMER,,2026-01-01,2026-01-01
384f8311-2983-46e1-a515-bbab3e1ca1a0,user1268@gmail.com,placeholder,User1268,Test1268,CUSTOMER,,2026-01-01,2026-01-01
51096078-2e06-43ad-afe4-cbf721d2d0e9,user1269@gmail.com,placeholder,User1269,Test1269,CUSTOMER,,2026-01-01,2026-01-01
d1be4b48-d28f-46b4-807b-386fba3b3c99,user1270@gmail.com,placeholder,User1270,Test1270,CUSTOMER,,2026-01-01,2026-01-01
d5cad75b-49e2-415b-a5ef-7b5dba733726,user1271@gmail.com,placeholder,User1271,Test1271,CUSTOMER,,2026-01-01,2026-01-01
abd66f56-5fcc-4a9c-a3ee-495623a02f62,user1272@gmail.com,placeholder,User1272,Test1272,CUSTOMER,,2026-01-01,2026-01-01
bd6e2b7a-7209-495a-9837-d2c93556764a,user1273@gmail.com,placeholder,User1273,Test1273,CUSTOMER,,2026-01-01,2026-01-01
5e920c6d-adf5-4127-a229-38114ad499d9,user1274@gmail.com,placeholder,User1274,Test1274,CUSTOMER,,2026-01-01,2026-01-01
f660faf6-3858-4913-b25b-ed30194ca645,user1275@gmail.com,placeholder,User1275,Test1275,CUSTOMER,,2026-01-01,2026-01-01
d64a7fd9-9677-4860-bac5-08cff950c0dc,user1276@gmail.com,placeholder,User1276,Test1276,CUSTOMER,,2026-01-01,2026-01-01
ed725410-ea29-49ee-8e0c-f78666dd7751,user1277@gmail.com,placeholder,User1277,Test1277,CUSTOMER,,2026-01-01,2026-01-01
32ab1e52-7bab-4d16-b8dc-07194cbb46b6,user1278@gmail.com,placeholder,User1278,Test1278,CUSTOMER,,2026-01-01,2026-01-01
4feffba9-d6f2-4da8-801a-d219034a0e54,user1279@gmail.com,placeholder,User1279,Test1279,CUSTOMER,,2026-01-01,2026-01-01
dd03fbd7-cdcf-4e7b-86de-ee548f4ba75d,user1280@gmail.com,placeholder,User1280,Test1280,CUSTOMER,,2026-01-01,2026-01-01
584d9afb-e65e-4cc9-b5e3-6c083185c5e7,user1281@gmail.com,placeholder,User1281,Test1281,CUSTOMER,,2026-01-01,2026-01-01
d903b134-a4b8-4282-a270-b60ef76c0334,user1282@gmail.com,placeholder,User1282,Test1282,CUSTOMER,,2026-01-01,2026-01-01
866bb306-8609-4eb1-b068-2c48421e57d6,user1283@gmail.com,placeholder,User1283,Test1283,CUSTOMER,,2026-01-01,2026-01-01
4c3b7ca2-0a55-4d7a-84bd-e81adb862fc1,user1284@gmail.com,placeholder,User1284,Test1284,CUSTOMER,,2026-01-01,2026-01-01
dd119cbd-dd46-4558-a7a7-079471fef3b0,user1285@gmail.com,placeholder,User1285,Test1285,CUSTOMER,,2026-01-01,2026-01-01
d404e434-4d6f-4a92-92cb-6817044774f0,user1286@gmail.com,placeholder,User1286,Test1286,CUSTOMER,,2026-01-01,2026-01-01
736b2e57-e6ed-43c5-845f-99d9ecefbd6b,user1287@gmail.com,placeholder,User1287,Test1287,CUSTOMER,,2026-01-01,2026-01-01
f3c30e1d-e4b6-4202-a722-8fb1021f9c20,user1288@gmail.com,placeholder,User1288,Test1288,CUSTOMER,,2026-01-01,2026-01-01
0285939a-9b37-4033-a991-bcc23e84eb27,user1289@gmail.com,placeholder,User1289,Test1289,CUSTOMER,,2026-01-01,2026-01-01
6de748f2-99df-4da8-ac21-2595f9993cf0,user1290@gmail.com,placeholder,User1290,Test1290,CUSTOMER,,2026-01-01,2026-01-01
d024d0c5-eec5-43c3-8a79-ad51b1a35c3c,user1291@gmail.com,placeholder,User1291,Test1291,CUSTOMER,,2026-01-01,2026-01-01
d678827d-448e-4249-be9b-69eace7cca26,user1292@gmail.com,placeholder,User1292,Test1292,CUSTOMER,,2026-01-01,2026-01-01
4de7f274-8ee3-4706-8966-62901718ed84,user1293@gmail.com,placeholder,User1293,Test1293,CUSTOMER,,2026-01-01,2026-01-01
6e1339ae-8b52-4de7-a4f8-edd6e78fc0e1,user1294@gmail.com,placeholder,User1294,Test1294,CUSTOMER,,2026-01-01,2026-01-01
207f0045-d0b1-4981-baf2-d68a7a26616c,user1295@gmail.com,placeholder,User1295,Test1295,CUSTOMER,,2026-01-01,2026-01-01
65fbdf3a-3400-4687-9176-daaafe49412b,user1296@gmail.com,placeholder,User1296,Test1296,CUSTOMER,,2026-01-01,2026-01-01
74c54cf9-f7d8-4388-8b21-f98ff658014e,user1297@gmail.com,placeholder,User1297,Test1297,CUSTOMER,,2026-01-01,2026-01-01
b33f4def-39a8-48c5-beb0-816916f847ea,user1298@gmail.com,placeholder,User1298,Test1298,CUSTOMER,,2026-01-01,2026-01-01
f09c8016-8f8a-44ab-abd1-9da7defef09a,user1299@gmail.com,placeholder,User1299,Test1299,CUSTOMER,,2026-01-01,2026-01-01
801b6990-4075-4f7e-be0b-598056a96f1d,user1300@gmail.com,placeholder,User1300,Test1300,CUSTOMER,,2026-01-01,2026-01-01
5548af4b-1b94-4fc6-8f8b-5d54ec5d4038,user1301@gmail.com,placeholder,User1301,Test1301,CUSTOMER,,2026-01-01,2026-01-01
2c6deb57-996b-480d-b882-65fe9b3a7e39,user1302@gmail.com,placeholder,User1302,Test1302,CUSTOMER,,2026-01-01,2026-01-01
738149db-0117-4561-bbaa-77f6764d5cf9,user1303@gmail.com,placeholder,User1303,Test1303,CUSTOMER,,2026-01-01,2026-01-01
f0c6db5a-11ab-48db-b3ad-2bba177b9fa3,user1304@gmail.com,placeholder,User1304,Test1304,CUSTOMER,,2026-01-01,2026-01-01
71f90f69-9a3d-4402-8418-6b83083080d5,user1305@gmail.com,placeholder,User1305,Test1305,CUSTOMER,,2026-01-01,2026-01-01
796681f9-c44f-42a7-975d-6628835580d4,user1306@gmail.com,placeholder,User1306,Test1306,CUSTOMER,,2026-01-01,2026-01-01
322cb71c-6e4f-4f30-9bf7-77093c0e8f9a,user1307@gmail.com,placeholder,User1307,Test1307,CUSTOMER,,2026-01-01,2026-01-01
00ea8bd5-8284-4aaa-96bf-e200d75f6c63,user1308@gmail.com,placeholder,User1308,Test1308,CUSTOMER,,2026-01-01,2026-01-01
c58732d3-0519-4852-8879-62df6ed0276f,user1309@gmail.com,placeholder,User1309,Test1309,CUSTOMER,,2026-01-01,2026-01-01
4830cc30-bea9-4649-bf36-4cd4191771bd,user1310@gmail.com,placeholder,User1310,Test1310,CUSTOMER,,2026-01-01,2026-01-01
6c88e3a9-fb17-4702-a2d1-f6950018cd92,user1311@gmail.com,placeholder,User1311,Test1311,CUSTOMER,,2026-01-01,2026-01-01
ae0ccab2-3ce8-4008-9b86-3d47a4a14511,user1312@gmail.com,placeholder,User1312,Test1312,CUSTOMER,,2026-01-01,2026-01-01
4f4ab038-5456-4867-959a-35477f8e1af0,user1313@gmail.com,placeholder,User1313,Test1313,CUSTOMER,,2026-01-01,2026-01-01
43d45127-4ec7-4b61-a9dd-080f5e32fb1c,user1314@gmail.com,placeholder,User1314,Test1314,CUSTOMER,,2026-01-01,2026-01-01
950c0be7-0629-497c-ad5e-e556fe20c8a0,user1315@gmail.com,placeholder,User1315,Test1315,CUSTOMER,,2026-01-01,2026-01-01
81371fc9-f979-4609-ba1b-aa98e52fd0e2,user1316@gmail.com,placeholder,User1316,Test1316,CUSTOMER,,2026-01-01,2026-01-01
e1fb1648-c48f-4bd4-9d26-a25eee4e091c,user1317@gmail.com,placeholder,User1317,Test1317,CUSTOMER,,2026-01-01,2026-01-01
8320d5f8-c6d4-453d-9c9d-06ac35a06881,user1318@gmail.com,placeholder,User1318,Test1318,CUSTOMER,,2026-01-01,2026-01-01
ce42d46c-cc5d-4e51-abaf-4706cf4bfe55,user1319@gmail.com,placeholder,User1319,Test1319,CUSTOMER,,2026-01-01,2026-01-01
44905b78-792c-4eb7-9a73-1e6ae90566fc,user1320@gmail.com,placeholder,User1320,Test1320,CUSTOMER,,2026-01-01,2026-01-01
70ee8dd0-2342-43a7-9de2-7d9537d8bffb,user1321@gmail.com,placeholder,User1321,Test1321,CUSTOMER,,2026-01-01,2026-01-01
6f374aaa-f1a1-4a6d-b9b6-07be655f263b,user1322@gmail.com,placeholder,User1322,Test1322,CUSTOMER,,2026-01-01,2026-01-01
43e449f5-e0e6-4343-89d0-065e799ec6c4,user1323@gmail.com,placeholder,User1323,Test1323,CUSTOMER,,2026-01-01,2026-01-01
e2b90c09-2c52-4805-a3a8-277fa6a55d4e,user1324@gmail.com,placeholder,User1324,Test1324,CUSTOMER,,2026-01-01,2026-01-01
2a710898-7af7-49db-80ff-9fb944c2472e,user1325@gmail.com,placeholder,User1325,Test1325,CUSTOMER,,2026-01-01,2026-01-01
de97228f-8d1e-4860-b19e-fd47cf43e076,user1326@gmail.com,placeholder,User1326,Test1326,CUSTOMER,,2026-01-01,2026-01-01
eebc9a40-8b62-4652-bb47-f597f68c56e1,user1327@gmail.com,placeholder,User1327,Test1327,CUSTOMER,,2026-01-01,2026-01-01
a5cdd292-d49c-4122-afa9-d5b28e8b0393,user1328@gmail.com,placeholder,User1328,Test1328,CUSTOMER,,2026-01-01,2026-01-01
c9153aaf-9459-45bf-9c8d-6c5af727a562,user1329@gmail.com,placeholder,User1329,Test1329,CUSTOMER,,2026-01-01,2026-01-01
e2cb9848-a391-40ae-9f52-44bbd775e651,user1330@gmail.com,placeholder,User1330,Test1330,CUSTOMER,,2026-01-01,2026-01-01
e78feeed-435b-4e46-a2fd-31cd333d1536,user1331@gmail.com,placeholder,User1331,Test1331,CUSTOMER,,2026-01-01,2026-01-01
0e2ae8ed-49d0-4713-8a50-dab1e5deaa34,user1332@gmail.com,placeholder,User1332,Test1332,CUSTOMER,,2026-01-01,2026-01-01
083c60d9-c903-4b9a-b2b7-c355c66adf7d,user1333@gmail.com,placeholder,User1333,Test1333,CUSTOMER,,2026-01-01,2026-01-01
d6087221-1992-41ee-af7b-d5fd9bafaa94,user1334@gmail.com,placeholder,User1334,Test1334,CUSTOMER,,2026-01-01,2026-01-01
20abf939-3190-45da-9b91-58577b1f7a72,user1335@gmail.com,placeholder,User1335,Test1335,CUSTOMER,,2026-01-01,2026-01-01
668bd7f8-3187-430f-a762-61df3797ac45,user1336@gmail.com,placeholder,User1336,Test1336,CUSTOMER,,2026-01-01,2026-01-01
e5de59a9-24b1-4f1f-8387-73d6e37e3e07,user1337@gmail.com,placeholder,User1337,Test1337,CUSTOMER,,2026-01-01,2026-01-01
dd52543b-a047-44b6-8224-e0a75187387a,user1338@gmail.com,placeholder,User1338,Test1338,CUSTOMER,,2026-01-01,2026-01-01
aa343192-c629-4722-8a12-c06f002fcde2,user1339@gmail.com,placeholder,User1339,Test1339,CUSTOMER,,2026-01-01,2026-01-01
5cce2feb-e0cd-407d-a82e-f405831c0ca3,user1340@gmail.com,placeholder,User1340,Test1340,CUSTOMER,,2026-01-01,2026-01-01
cd2c072a-1977-464b-a89d-c2d1f67c95e4,user1341@gmail.com,placeholder,User1341,Test1341,CUSTOMER,,2026-01-01,2026-01-01
c7635a22-3136-446e-8a8d-8fb1433fe6c9,user1342@gmail.com,placeholder,User1342,Test1342,CUSTOMER,,2026-01-01,2026-01-01
ffd647fe-2b38-4ab2-bc69-2b871a43b25d,user1343@gmail.com,placeholder,User1343,Test1343,CUSTOMER,,2026-01-01,2026-01-01
e9100542-8c1b-4612-836a-885d6ee88ec2,user1344@gmail.com,placeholder,User1344,Test1344,CUSTOMER,,2026-01-01,2026-01-01
3f959263-c211-40c3-ac32-954bf87bdd3a,user1345@gmail.com,placeholder,User1345,Test1345,CUSTOMER,,2026-01-01,2026-01-01
25f554ed-085c-4678-b067-e0c6f05c9ab8,user1346@gmail.com,placeholder,User1346,Test1346,CUSTOMER,,2026-01-01,2026-01-01
042506a4-4dd9-4219-8b93-feff55e590ed,user1347@gmail.com,placeholder,User1347,Test1347,CUSTOMER,,2026-01-01,2026-01-01
a5f640df-806f-4b90-9282-86761f0a537c,user1348@gmail.com,placeholder,User1348,Test1348,CUSTOMER,,2026-01-01,2026-01-01
09a8b5a4-346e-4fa4-b8e8-4f01d456eb2f,user1349@gmail.com,placeholder,User1349,Test1349,CUSTOMER,,2026-01-01,2026-01-01
e58c7a34-1d9b-4f80-b001-38f1b2574601,user1350@gmail.com,placeholder,User1350,Test1350,CUSTOMER,,2026-01-01,2026-01-01
9d91cf16-5def-4ad6-8cd8-7ec07280832a,user1351@gmail.com,placeholder,User1351,Test1351,CUSTOMER,,2026-01-01,2026-01-01
4b23a7c2-1112-40f0-8acc-608beb26c96f,user1352@gmail.com,placeholder,User1352,Test1352,CUSTOMER,,2026-01-01,2026-01-01
203b4336-a476-4c1b-b026-e2f99da40182,user1353@gmail.com,placeholder,User1353,Test1353,CUSTOMER,,2026-01-01,2026-01-01
33968271-aa72-4d9f-8619-9b315415a9ea,user1354@gmail.com,placeholder,User1354,Test1354,CUSTOMER,,2026-01-01,2026-01-01
b0af5eef-e9e5-4ec0-8bdf-716bccf97429,user1355@gmail.com,placeholder,User1355,Test1355,CUSTOMER,,2026-01-01,2026-01-01
02d83681-b4b1-44d1-9909-2d551244c7be,user1356@gmail.com,placeholder,User1356,Test1356,CUSTOMER,,2026-01-01,2026-01-01
9ede2a62-f8fa-4f4d-bc34-2b3c29e6de5e,user1357@gmail.com,placeholder,User1357,Test1357,CUSTOMER,,2026-01-01,2026-01-01
b7bb9b81-0795-43d8-9651-81e78b768dbe,user1358@gmail.com,placeholder,User1358,Test1358,CUSTOMER,,2026-01-01,2026-01-01
fa950082-f68b-4679-8c56-0b113c8f8a8c,user1359@gmail.com,placeholder,User1359,Test1359,CUSTOMER,,2026-01-01,2026-01-01
bd41d6d1-536b-43da-905a-b26d3b45a484,user1360@gmail.com,placeholder,User1360,Test1360,CUSTOMER,,2026-01-01,2026-01-01
5aa6d49e-ffe6-49d8-8b8c-58ddb6de12d3,user1361@gmail.com,placeholder,User1361,Test1361,CUSTOMER,,2026-01-01,2026-01-01
91891572-93e9-4f76-bd7b-3aba7dd9876f,user1362@gmail.com,placeholder,User1362,Test1362,CUSTOMER,,2026-01-01,2026-01-01
b25aa89c-21e8-4d64-8a44-b860a337bf1a,user1363@gmail.com,placeholder,User1363,Test1363,CUSTOMER,,2026-01-01,2026-01-01
12f767e1-1092-45ff-8212-bf0564c16338,user1364@gmail.com,placeholder,User1364,Test1364,CUSTOMER,,2026-01-01,2026-01-01
170dc543-e97b-4aea-83a0-5365ab113efb,user1365@gmail.com,placeholder,User1365,Test1365,CUSTOMER,,2026-01-01,2026-01-01
d82959b9-4628-4811-b587-14e9349e2b7c,user1366@gmail.com,placeholder,User1366,Test1366,CUSTOMER,,2026-01-01,2026-01-01
6f947a85-17aa-4d08-a1f4-d70d644b0697,user1367@gmail.com,placeholder,User1367,Test1367,CUSTOMER,,2026-01-01,2026-01-01
6ce6bd25-d87c-4108-92ea-ad6f201cd079,user1368@gmail.com,placeholder,User1368,Test1368,CUSTOMER,,2026-01-01,2026-01-01
a2ec0a18-05ee-4441-951f-f626c5328d57,user1369@gmail.com,placeholder,User1369,Test1369,CUSTOMER,,2026-01-01,2026-01-01
1b2fa4ad-6c66-4de1-b166-265ade32d990,user1370@gmail.com,placeholder,User1370,Test1370,CUSTOMER,,2026-01-01,2026-01-01
947d8659-4a5d-410b-8bff-5c5215a690d1,user1371@gmail.com,placeholder,User1371,Test1371,CUSTOMER,,2026-01-01,2026-01-01
b51e2878-1785-48d5-b7c8-2ebc8feef9c5,user1372@gmail.com,placeholder,User1372,Test1372,CUSTOMER,,2026-01-01,2026-01-01
41898d9d-6b00-4bec-973b-6502bb540dd7,user1373@gmail.com,placeholder,User1373,Test1373,CUSTOMER,,2026-01-01,2026-01-01
b50f5ee4-181f-46ab-8f8e-8b52779d36ca,user1374@gmail.com,placeholder,User1374,Test1374,CUSTOMER,,2026-01-01,2026-01-01
2264ba00-55d8-4c06-afdf-4cd0fddff0b9,user1375@gmail.com,placeholder,User1375,Test1375,CUSTOMER,,2026-01-01,2026-01-01
6af57a87-206f-4e3b-bbfd-1e6a7a51870a,user1376@gmail.com,placeholder,User1376,Test1376,CUSTOMER,,2026-01-01,2026-01-01
9ea56a7c-d7c6-4565-bfcb-765dc16bb4b1,user1377@gmail.com,placeholder,User1377,Test1377,CUSTOMER,,2026-01-01,2026-01-01
01025d62-3da1-4ea3-be5c-17b3481556c0,user1378@gmail.com,placeholder,User1378,Test1378,CUSTOMER,,2026-01-01,2026-01-01
57ae651c-8adf-40ba-8643-b0d2869aa1eb,user1379@gmail.com,placeholder,User1379,Test1379,CUSTOMER,,2026-01-01,2026-01-01
8415bcdd-459f-48b3-96be-cd517592799b,user1380@gmail.com,placeholder,User1380,Test1380,CUSTOMER,,2026-01-01,2026-01-01
618488ff-25bf-4a9e-9c10-feceb312ce9f,user1381@gmail.com,placeholder,User1381,Test1381,CUSTOMER,,2026-01-01,2026-01-01
110fead0-5c7e-4a2d-aaaa-f6bf6cf06797,user1382@gmail.com,placeholder,User1382,Test1382,CUSTOMER,,2026-01-01,2026-01-01
52560810-49de-4196-8044-9cef8ba9288b,user1383@gmail.com,placeholder,User1383,Test1383,CUSTOMER,,2026-01-01,2026-01-01
2832e101-ffb5-4bc9-a5c9-1ac7bca7bace,user1384@gmail.com,placeholder,User1384,Test1384,CUSTOMER,,2026-01-01,2026-01-01
270a5f0b-eae4-4b5f-b2ed-4bbd5c5faec0,user1385@gmail.com,placeholder,User1385,Test1385,CUSTOMER,,2026-01-01,2026-01-01
78b1b679-bb7b-47b9-b5c3-a53a2ad80eef,user1386@gmail.com,placeholder,User1386,Test1386,CUSTOMER,,2026-01-01,2026-01-01
d2f7b8c7-8a27-4972-8b49-6297ab58a2a6,user1387@gmail.com,placeholder,User1387,Test1387,CUSTOMER,,2026-01-01,2026-01-01
223084d1-555c-4fbc-8503-729c781b3372,user1388@gmail.com,placeholder,User1388,Test1388,CUSTOMER,,2026-01-01,2026-01-01
33809318-5b56-400c-9c33-9de66d4eaca1,user1389@gmail.com,placeholder,User1389,Test1389,CUSTOMER,,2026-01-01,2026-01-01
0350333d-ad90-42ef-bf54-bfe39220a509,user1390@gmail.com,placeholder,User1390,Test1390,CUSTOMER,,2026-01-01,2026-01-01
be0f750e-180a-4195-bf2b-21858fbea780,user1391@gmail.com,placeholder,User1391,Test1391,CUSTOMER,,2026-01-01,2026-01-01
545ae3ed-c577-45a8-8e5c-bde68070374c,user1392@gmail.com,placeholder,User1392,Test1392,CUSTOMER,,2026-01-01,2026-01-01
17b3f9e6-2a2e-4e27-bed8-d454471efdaa,user1393@gmail.com,placeholder,User1393,Test1393,CUSTOMER,,2026-01-01,2026-01-01
d7a0b9a1-e07f-458d-8099-23a4259bbdb1,user1394@gmail.com,placeholder,User1394,Test1394,CUSTOMER,,2026-01-01,2026-01-01
0c31eeca-44cb-499c-95ae-60b7e761b891,user1395@gmail.com,placeholder,User1395,Test1395,CUSTOMER,,2026-01-01,2026-01-01
7cc30da6-29eb-4a2c-ac01-b2e40bf9af55,user1396@gmail.com,placeholder,User1396,Test1396,CUSTOMER,,2026-01-01,2026-01-01
c4c0ae81-2356-4bda-a802-6aabb1b1ab41,user1397@gmail.com,placeholder,User1397,Test1397,CUSTOMER,,2026-01-01,2026-01-01
b22815e8-8253-4d59-abc1-144d4e22d81a,user1398@gmail.com,placeholder,User1398,Test1398,CUSTOMER,,2026-01-01,2026-01-01
cb5653b0-f4e9-4fed-81ac-eec81e97640f,user1399@gmail.com,placeholder,User1399,Test1399,CUSTOMER,,2026-01-01,2026-01-01
5a060202-5f53-4f8e-ac01-0269e9d0a11a,user1400@gmail.com,placeholder,User1400,Test1400,CUSTOMER,,2026-01-01,2026-01-01
c2b610b0-f0d3-4ee1-a54a-fd70cf6e91fc,user1401@gmail.com,placeholder,User1401,Test1401,CUSTOMER,,2026-01-01,2026-01-01
77f7d4d4-ba2c-422f-bc8a-377508725947,user1402@gmail.com,placeholder,User1402,Test1402,CUSTOMER,,2026-01-01,2026-01-01
e647abec-2ae7-43a7-8d34-ee866a5111e3,user1403@gmail.com,placeholder,User1403,Test1403,CUSTOMER,,2026-01-01,2026-01-01
c056618a-ef65-4e5b-83ce-dbbfdcb1e0bb,user1404@gmail.com,placeholder,User1404,Test1404,CUSTOMER,,2026-01-01,2026-01-01
2a3ee3cc-8501-4308-9676-e82a5a43271b,user1405@gmail.com,placeholder,User1405,Test1405,CUSTOMER,,2026-01-01,2026-01-01
b9134569-942b-4e8c-a952-7f728b704501,user1406@gmail.com,placeholder,User1406,Test1406,CUSTOMER,,2026-01-01,2026-01-01
e026e465-0c41-4d9d-be82-2d637b360e6b,user1407@gmail.com,placeholder,User1407,Test1407,CUSTOMER,,2026-01-01,2026-01-01
f61cefad-91e6-44bd-a749-43752b507d31,user1408@gmail.com,placeholder,User1408,Test1408,CUSTOMER,,2026-01-01,2026-01-01
4ebf60d6-4319-4c24-8ef8-f80c5da31bba,user1409@gmail.com,placeholder,User1409,Test1409,CUSTOMER,,2026-01-01,2026-01-01
2d01a16c-eb6d-4666-ab6c-2647d1027e0b,user1410@gmail.com,placeholder,User1410,Test1410,CUSTOMER,,2026-01-01,2026-01-01
29c2580c-a435-4ab6-bc9d-9e0105bef855,user1411@gmail.com,placeholder,User1411,Test1411,CUSTOMER,,2026-01-01,2026-01-01
257c3c8f-5cb2-488a-87ca-f0174df0a262,user1412@gmail.com,placeholder,User1412,Test1412,CUSTOMER,,2026-01-01,2026-01-01
fd839749-8e51-4a6f-86cf-a6b17fde56ed,user1413@gmail.com,placeholder,User1413,Test1413,CUSTOMER,,2026-01-01,2026-01-01
4d8acd47-944d-4905-8688-31a779e0ddee,user1414@gmail.com,placeholder,User1414,Test1414,CUSTOMER,,2026-01-01,2026-01-01
f14e836b-d7fa-4546-9421-756c0bef4dd8,user1415@gmail.com,placeholder,User1415,Test1415,CUSTOMER,,2026-01-01,2026-01-01
97cc53bc-9628-492c-9544-e675cd1a8c7d,user1416@gmail.com,placeholder,User1416,Test1416,CUSTOMER,,2026-01-01,2026-01-01
bf47a6e1-6e14-40ad-a6cf-8a8df3509e96,user1417@gmail.com,placeholder,User1417,Test1417,CUSTOMER,,2026-01-01,2026-01-01
eae0d632-2301-437b-836a-fd9382b3c1e7,user1418@gmail.com,placeholder,User1418,Test1418,CUSTOMER,,2026-01-01,2026-01-01
eff1d882-9e7b-4379-8309-b328ec081fbf,user1419@gmail.com,placeholder,User1419,Test1419,CUSTOMER,,2026-01-01,2026-01-01
68de8233-8786-4a5d-bc7d-3287be172fe3,user1420@gmail.com,placeholder,User1420,Test1420,CUSTOMER,,2026-01-01,2026-01-01
0126c977-c0d0-4509-becf-aba84f566f9a,user1421@gmail.com,placeholder,User1421,Test1421,CUSTOMER,,2026-01-01,2026-01-01
03a88702-6938-46e3-a602-7c5c53e70a20,user1422@gmail.com,placeholder,User1422,Test1422,CUSTOMER,,2026-01-01,2026-01-01
4944593a-04e1-4ad3-bc5a-f6b86cc6f337,user1423@gmail.com,placeholder,User1423,Test1423,CUSTOMER,,2026-01-01,2026-01-01
f79e20c0-5647-4426-9c5e-6964baf9ecb3,user1424@gmail.com,placeholder,User1424,Test1424,CUSTOMER,,2026-01-01,2026-01-01
ba223118-a004-4c87-8e49-b754898feef7,user1425@gmail.com,placeholder,User1425,Test1425,CUSTOMER,,2026-01-01,2026-01-01
13883fe4-ea15-4b2b-aeba-3e9b66a510c6,user1426@gmail.com,placeholder,User1426,Test1426,CUSTOMER,,2026-01-01,2026-01-01
acae5576-f014-48d4-b772-360792fc9d2b,user1427@gmail.com,placeholder,User1427,Test1427,CUSTOMER,,2026-01-01,2026-01-01
1502fbf3-b6fc-4a58-8872-03b14221e820,user1428@gmail.com,placeholder,User1428,Test1428,CUSTOMER,,2026-01-01,2026-01-01
1c0114f5-8712-49a8-ba0a-89dfd97cbb53,user1429@gmail.com,placeholder,User1429,Test1429,CUSTOMER,,2026-01-01,2026-01-01
6ff233ff-e809-4a7f-a910-81bade4d5a32,user1430@gmail.com,placeholder,User1430,Test1430,CUSTOMER,,2026-01-01,2026-01-01
6b146e70-246e-4c1e-be1b-276cfeda8938,user1431@gmail.com,placeholder,User1431,Test1431,CUSTOMER,,2026-01-01,2026-01-01
b13ec440-6b1e-45c1-95d2-f6595bcbfaa0,user1432@gmail.com,placeholder,User1432,Test1432,CUSTOMER,,2026-01-01,2026-01-01
138cfff2-2cd8-44b2-bd87-3fb8ee17f3f3,user1433@gmail.com,placeholder,User1433,Test1433,CUSTOMER,,2026-01-01,2026-01-01
ddae54d5-d440-425c-a9e1-4fd94ae0a099,user1434@gmail.com,placeholder,User1434,Test1434,CUSTOMER,,2026-01-01,2026-01-01
677d17d3-7233-4556-ac7e-a0995de942b7,user1435@gmail.com,placeholder,User1435,Test1435,CUSTOMER,,2026-01-01,2026-01-01
924218ac-bd18-452d-a913-7704e6eec100,user1436@gmail.com,placeholder,User1436,Test1436,CUSTOMER,,2026-01-01,2026-01-01
769e9ea5-7a73-47d6-976b-4996255a0b88,user1437@gmail.com,placeholder,User1437,Test1437,CUSTOMER,,2026-01-01,2026-01-01
e411f356-2d94-4cb1-b1ec-0ebf5da5026a,user1438@gmail.com,placeholder,User1438,Test1438,CUSTOMER,,2026-01-01,2026-01-01
4260158e-6773-4891-815d-f1d3078edf79,user1439@gmail.com,placeholder,User1439,Test1439,CUSTOMER,,2026-01-01,2026-01-01
2aa1d18d-63e6-4609-ba5d-1b791d542231,user1440@gmail.com,placeholder,User1440,Test1440,CUSTOMER,,2026-01-01,2026-01-01
dc244bf7-7d52-48cf-87c4-6ee2b8a96f0b,user1441@gmail.com,placeholder,User1441,Test1441,CUSTOMER,,2026-01-01,2026-01-01
ba19d095-ede0-4f2f-9f4b-99157afeeec7,user1442@gmail.com,placeholder,User1442,Test1442,CUSTOMER,,2026-01-01,2026-01-01
b02c9021-3fc7-47fe-ad5e-d18a9325bd80,user1443@gmail.com,placeholder,User1443,Test1443,CUSTOMER,,2026-01-01,2026-01-01
01146215-64ce-4640-aaee-6ff30fd2e039,user1444@gmail.com,placeholder,User1444,Test1444,CUSTOMER,,2026-01-01,2026-01-01
469699ab-b128-4cfb-b7fe-d774ed498e62,user1445@gmail.com,placeholder,User1445,Test1445,CUSTOMER,,2026-01-01,2026-01-01
bfd54d7c-5f26-44bd-be94-e38de6071167,user1446@gmail.com,placeholder,User1446,Test1446,CUSTOMER,,2026-01-01,2026-01-01
1c720e19-c753-43cf-8f56-7d91e62eea04,user1447@gmail.com,placeholder,User1447,Test1447,CUSTOMER,,2026-01-01,2026-01-01
aaa70b61-62c3-4571-bcf6-d90ea8d09649,user1448@gmail.com,placeholder,User1448,Test1448,CUSTOMER,,2026-01-01,2026-01-01
7d296367-0780-447a-aae4-c8d07b7e469c,user1449@gmail.com,placeholder,User1449,Test1449,CUSTOMER,,2026-01-01,2026-01-01
9ebf5a5e-e7a1-4879-b83a-05d528889bb4,user1450@gmail.com,placeholder,User1450,Test1450,CUSTOMER,,2026-01-01,2026-01-01
47b34fb7-d853-4678-b650-8fb74a5e6e7c,user1451@gmail.com,placeholder,User1451,Test1451,CUSTOMER,,2026-01-01,2026-01-01
1605bde8-26e3-48c8-880a-97ff9f7da388,user1452@gmail.com,placeholder,User1452,Test1452,CUSTOMER,,2026-01-01,2026-01-01
96ca628b-fada-4810-b054-104976178649,user1453@gmail.com,placeholder,User1453,Test1453,CUSTOMER,,2026-01-01,2026-01-01
1ebdab22-0699-4ce4-9d69-48990ec05013,user1454@gmail.com,placeholder,User1454,Test1454,CUSTOMER,,2026-01-01,2026-01-01
fd80b89d-32b2-4b18-b041-dc4247c56fc1,user1455@gmail.com,placeholder,User1455,Test1455,CUSTOMER,,2026-01-01,2026-01-01
fbd17909-554a-4181-bbf4-fad0ad532d59,user1456@gmail.com,placeholder,User1456,Test1456,CUSTOMER,,2026-01-01,2026-01-01
dbdcf5c1-3d47-49f9-943e-ea7092e63d82,user1457@gmail.com,placeholder,User1457,Test1457,CUSTOMER,,2026-01-01,2026-01-01
a69ad1c7-d19d-4f8c-b431-1b0d1177b8a8,user1458@gmail.com,placeholder,User1458,Test1458,CUSTOMER,,2026-01-01,2026-01-01
edb943d0-6886-4c51-83da-464cd5533033,user1459@gmail.com,placeholder,User1459,Test1459,CUSTOMER,,2026-01-01,2026-01-01
811abee0-8a73-469c-a9b7-79525b700175,user1460@gmail.com,placeholder,User1460,Test1460,CUSTOMER,,2026-01-01,2026-01-01
cf050b1c-4294-4bd0-8240-8bc3a8a40a17,user1461@gmail.com,placeholder,User1461,Test1461,CUSTOMER,,2026-01-01,2026-01-01
220e78ab-c697-4dcf-9844-7b8ae95c41b3,user1462@gmail.com,placeholder,User1462,Test1462,CUSTOMER,,2026-01-01,2026-01-01
9bd8696a-c0f5-4865-bae3-664e348e4572,user1463@gmail.com,placeholder,User1463,Test1463,CUSTOMER,,2026-01-01,2026-01-01
3be766ba-e6dd-433c-9913-24ec98ccdfc9,user1464@gmail.com,placeholder,User1464,Test1464,CUSTOMER,,2026-01-01,2026-01-01
e3fc266c-1a0a-422d-a255-a8f61b70adeb,user1465@gmail.com,placeholder,User1465,Test1465,CUSTOMER,,2026-01-01,2026-01-01
b0c24944-ee85-4495-a86f-9a86c3711d35,user1466@gmail.com,placeholder,User1466,Test1466,CUSTOMER,,2026-01-01,2026-01-01
72898e3b-3a5d-422c-ad01-17b720df4a5b,user1467@gmail.com,placeholder,User1467,Test1467,CUSTOMER,,2026-01-01,2026-01-01
1ae0358a-44ae-445a-b089-97efe1e767c7,user1468@gmail.com,placeholder,User1468,Test1468,CUSTOMER,,2026-01-01,2026-01-01
bc2b25ac-1c49-4e0b-b98b-59319e41c895,user1469@gmail.com,placeholder,User1469,Test1469,CUSTOMER,,2026-01-01,2026-01-01
f8c0f5e5-bb82-4528-90d4-cb133ff968a8,user1470@gmail.com,placeholder,User1470,Test1470,CUSTOMER,,2026-01-01,2026-01-01
ebc88a44-7320-49aa-8fc7-8f27536547e0,user1471@gmail.com,placeholder,User1471,Test1471,CUSTOMER,,2026-01-01,2026-01-01
f7ab46df-2b87-46fb-970d-7b9aaaaa0897,user1472@gmail.com,placeholder,User1472,Test1472,CUSTOMER,,2026-01-01,2026-01-01
302e72f6-a8b8-467c-a933-5239e4f75419,user1473@gmail.com,placeholder,User1473,Test1473,CUSTOMER,,2026-01-01,2026-01-01
e0e6fdbc-93b7-4446-9c53-bd9f780a1c60,user1474@gmail.com,placeholder,User1474,Test1474,CUSTOMER,,2026-01-01,2026-01-01
39184c34-cc72-49b2-8313-44986d77c52a,user1475@gmail.com,placeholder,User1475,Test1475,CUSTOMER,,2026-01-01,2026-01-01
1e5fabf9-b072-4c76-9b47-3305271f502f,user1476@gmail.com,placeholder,User1476,Test1476,CUSTOMER,,2026-01-01,2026-01-01
f485a9de-580e-4687-8363-0ab28d586cd8,user1477@gmail.com,placeholder,User1477,Test1477,CUSTOMER,,2026-01-01,2026-01-01
5bb2396f-3283-43a2-8266-a0b25a7492d0,user1478@gmail.com,placeholder,User1478,Test1478,CUSTOMER,,2026-01-01,2026-01-01
bdf88b18-2f7f-4b4e-9ed4-f2f6cc885330,user1479@gmail.com,placeholder,User1479,Test1479,CUSTOMER,,2026-01-01,2026-01-01
83bd178a-3a4f-48db-bac6-4d77f6a10bb0,user1480@gmail.com,placeholder,User1480,Test1480,CUSTOMER,,2026-01-01,2026-01-01
57b2ef83-5426-4b3e-8215-71e6affded3c,user1481@gmail.com,placeholder,User1481,Test1481,CUSTOMER,,2026-01-01,2026-01-01
7d0579f1-bf1b-4c26-9967-ffb8f2d20436,user1482@gmail.com,placeholder,User1482,Test1482,CUSTOMER,,2026-01-01,2026-01-01
0e92927c-f369-48cb-8074-0b22ecae5637,user1483@gmail.com,placeholder,User1483,Test1483,CUSTOMER,,2026-01-01,2026-01-01
6bf402c6-a05a-4b45-942b-302b21755420,user1484@gmail.com,placeholder,User1484,Test1484,CUSTOMER,,2026-01-01,2026-01-01
1702b88d-470a-45be-8f5a-60ce5f19b2d2,user1485@gmail.com,placeholder,User1485,Test1485,CUSTOMER,,2026-01-01,2026-01-01
8fa5d724-c10c-4399-aba8-f63139419c02,user1486@gmail.com,placeholder,User1486,Test1486,CUSTOMER,,2026-01-01,2026-01-01
d36e6871-1409-4e5d-ba99-95231513b437,user1487@gmail.com,placeholder,User1487,Test1487,CUSTOMER,,2026-01-01,2026-01-01
771d94a1-c6c2-484d-94c2-d84596a44205,user1488@gmail.com,placeholder,User1488,Test1488,CUSTOMER,,2026-01-01,2026-01-01
8a5af11f-a61d-4266-8556-6690e2eecac6,user1489@gmail.com,placeholder,User1489,Test1489,CUSTOMER,,2026-01-01,2026-01-01
8b64a69e-6884-4fc8-a649-225214e4aef8,user1490@gmail.com,placeholder,User1490,Test1490,CUSTOMER,,2026-01-01,2026-01-01
03d210b6-4e5b-45b0-800f-3cb983cbbca8,user1491@gmail.com,placeholder,User1491,Test1491,CUSTOMER,,2026-01-01,2026-01-01
d0abdec6-cce7-44d3-9389-cc057230bc51,user1492@gmail.com,placeholder,User1492,Test1492,CUSTOMER,,2026-01-01,2026-01-01
93c27b25-ccb3-4efd-af5e-5a3a406829f0,user1493@gmail.com,placeholder,User1493,Test1493,CUSTOMER,,2026-01-01,2026-01-01
f6f5a538-8104-4eec-b324-6adcdb34a84c,user1494@gmail.com,placeholder,User1494,Test1494,CUSTOMER,,2026-01-01,2026-01-01
53c00d98-b4ef-4dff-b4bb-f574eb5629d9,user1495@gmail.com,placeholder,User1495,Test1495,CUSTOMER,,2026-01-01,2026-01-01
fae9ee10-362e-49e6-9f23-763dbf6553a8,user1496@gmail.com,placeholder,User1496,Test1496,CUSTOMER,,2026-01-01,2026-01-01
9d9113d4-6e59-4803-a98f-af30abd2e8e2,user1497@gmail.com,placeholder,User1497,Test1497,CUSTOMER,,2026-01-01,2026-01-01
473f5471-f480-4e97-bb6d-04b152aaf3c4,user1498@gmail.com,placeholder,User1498,Test1498,CUSTOMER,,2026-01-01,2026-01-01
1f2dbaa6-8d36-4484-809e-6949f5bef66c,user1499@gmail.com,placeholder,User1499,Test1499,CUSTOMER,,2026-01-01,2026-01-01
b7ec2818-bb6f-4e2b-b7a1-9e9c6452d5a4,user1500@gmail.com,placeholder,User1500,Test1500,CUSTOMER,,2026-01-01,2026-01-01
21570ae7-593c-4028-b4b5-dacff5a82636,user1501@gmail.com,placeholder,User1501,Test1501,CUSTOMER,,2026-01-01,2026-01-01
279c6a62-4bf5-4353-988b-0e87a575639e,user1502@gmail.com,placeholder,User1502,Test1502,CUSTOMER,,2026-01-01,2026-01-01
b019e367-d98b-4a6e-9d94-4439fd7d596a,user1503@gmail.com,placeholder,User1503,Test1503,CUSTOMER,,2026-01-01,2026-01-01
3a4d4d62-a5dc-42d7-9267-74f7273b7f28,user1504@gmail.com,placeholder,User1504,Test1504,CUSTOMER,,2026-01-01,2026-01-01
7b6cf942-9700-443f-aa53-02e6634bde57,user1505@gmail.com,placeholder,User1505,Test1505,CUSTOMER,,2026-01-01,2026-01-01
0ed489de-df67-420a-857c-94f76e07dddb,user1506@gmail.com,placeholder,User1506,Test1506,CUSTOMER,,2026-01-01,2026-01-01
c64426f7-b25a-47c0-aa71-fb52f5abe790,user1507@gmail.com,placeholder,User1507,Test1507,CUSTOMER,,2026-01-01,2026-01-01
d754717c-610d-4ea1-9b2c-723c7503fecf,user1508@gmail.com,placeholder,User1508,Test1508,CUSTOMER,,2026-01-01,2026-01-01
c62bbcab-4407-47c1-84ec-077f31f84f11,user1509@gmail.com,placeholder,User1509,Test1509,CUSTOMER,,2026-01-01,2026-01-01
d51bc32f-f4d3-44f4-8c40-4e3c5c797690,user1510@gmail.com,placeholder,User1510,Test1510,CUSTOMER,,2026-01-01,2026-01-01
8baeb79f-5a06-45b5-bcb4-17e09d462432,user1511@gmail.com,placeholder,User1511,Test1511,CUSTOMER,,2026-01-01,2026-01-01
24af944a-40d1-40b6-a6ec-daa9afb1444e,user1512@gmail.com,placeholder,User1512,Test1512,CUSTOMER,,2026-01-01,2026-01-01
9431176e-3925-4864-ad21-79b181e09000,user1513@gmail.com,placeholder,User1513,Test1513,CUSTOMER,,2026-01-01,2026-01-01
e859264a-1f48-4fff-af75-31bd0177449e,user1514@gmail.com,placeholder,User1514,Test1514,CUSTOMER,,2026-01-01,2026-01-01
da4e1920-7b5f-4a3d-b48f-f3e657a6e595,user1515@gmail.com,placeholder,User1515,Test1515,CUSTOMER,,2026-01-01,2026-01-01
1eb7df9d-f61c-4af3-88e9-7d2a72a19b6d,user1516@gmail.com,placeholder,User1516,Test1516,CUSTOMER,,2026-01-01,2026-01-01
e8b03045-c07e-46f9-a9ac-f943eb3cc179,user1517@gmail.com,placeholder,User1517,Test1517,CUSTOMER,,2026-01-01,2026-01-01
84795ca6-b082-43aa-8a1b-876fb0019d1f,user1518@gmail.com,placeholder,User1518,Test1518,CUSTOMER,,2026-01-01,2026-01-01
5b29ec25-dc25-412e-8b2b-f573c84299e2,user1519@gmail.com,placeholder,User1519,Test1519,CUSTOMER,,2026-01-01,2026-01-01
0bd78641-4dcd-49e7-b110-5ff810217cec,user1520@gmail.com,placeholder,User1520,Test1520,CUSTOMER,,2026-01-01,2026-01-01
cedd0fba-739e-4183-bbe2-9763d1c7d126,user1521@gmail.com,placeholder,User1521,Test1521,CUSTOMER,,2026-01-01,2026-01-01
5732517d-0410-4e27-b382-9e85bd1de11f,user1522@gmail.com,placeholder,User1522,Test1522,CUSTOMER,,2026-01-01,2026-01-01
1108da97-6c7e-4902-af9d-1449d1795207,user1523@gmail.com,placeholder,User1523,Test1523,CUSTOMER,,2026-01-01,2026-01-01
41be8f02-e73b-4847-b2f5-635b0ec75c12,user1524@gmail.com,placeholder,User1524,Test1524,CUSTOMER,,2026-01-01,2026-01-01
ffc8fdeb-3838-4e2f-820b-5ee80fbcbc43,user1525@gmail.com,placeholder,User1525,Test1525,CUSTOMER,,2026-01-01,2026-01-01
a6f09aaf-7b15-4749-9220-95b4db9840f7,user1526@gmail.com,placeholder,User1526,Test1526,CUSTOMER,,2026-01-01,2026-01-01
7e313a95-8b36-473a-b992-723e6fab3bfa,user1527@gmail.com,placeholder,User1527,Test1527,CUSTOMER,,2026-01-01,2026-01-01
df73fc85-dddf-4958-a34c-488d2d19a9a7,user1528@gmail.com,placeholder,User1528,Test1528,CUSTOMER,,2026-01-01,2026-01-01
6a80f905-15a9-4510-a739-502900802306,user1529@gmail.com,placeholder,User1529,Test1529,CUSTOMER,,2026-01-01,2026-01-01
1a234e6f-c5a4-4d0e-8134-368de2b81c05,user1530@gmail.com,placeholder,User1530,Test1530,CUSTOMER,,2026-01-01,2026-01-01
3a51f091-bddd-4ba3-9b50-a212f3d16838,user1531@gmail.com,placeholder,User1531,Test1531,CUSTOMER,,2026-01-01,2026-01-01
083edae6-7427-4cc5-ae63-4d0a5b88d95c,user1532@gmail.com,placeholder,User1532,Test1532,CUSTOMER,,2026-01-01,2026-01-01
a968d1f6-be3d-4f05-8fe6-3430879aad85,user1533@gmail.com,placeholder,User1533,Test1533,CUSTOMER,,2026-01-01,2026-01-01
c9730898-2a20-4e63-a794-6c609171dcf1,user1534@gmail.com,placeholder,User1534,Test1534,CUSTOMER,,2026-01-01,2026-01-01
8b90149b-5435-48cc-b0df-cf9914b3a54c,user1535@gmail.com,placeholder,User1535,Test1535,CUSTOMER,,2026-01-01,2026-01-01
bd226277-448e-4778-a730-5c054d02a12c,user1536@gmail.com,placeholder,User1536,Test1536,CUSTOMER,,2026-01-01,2026-01-01
94337f86-965f-4d3b-b021-b8bb0fea258a,user1537@gmail.com,placeholder,User1537,Test1537,CUSTOMER,,2026-01-01,2026-01-01
5e022cbd-396b-4764-9213-806deee6fe96,user1538@gmail.com,placeholder,User1538,Test1538,CUSTOMER,,2026-01-01,2026-01-01
9e2c5d8b-cccd-497c-b002-a75822183957,user1539@gmail.com,placeholder,User1539,Test1539,CUSTOMER,,2026-01-01,2026-01-01
7b91b744-f141-4631-b4d4-4e2bcdd0b614,user1540@gmail.com,placeholder,User1540,Test1540,CUSTOMER,,2026-01-01,2026-01-01
34234c3b-90e5-48a6-b51e-7066725eca07,user1541@gmail.com,placeholder,User1541,Test1541,CUSTOMER,,2026-01-01,2026-01-01
5ffa7803-30d9-48be-9987-637374fef760,user1542@gmail.com,placeholder,User1542,Test1542,CUSTOMER,,2026-01-01,2026-01-01
31bc7238-750b-4194-a4ce-15e886f4f29f,user1543@gmail.com,placeholder,User1543,Test1543,CUSTOMER,,2026-01-01,2026-01-01
9ee28efc-839a-4794-991f-0add90f862c7,user1544@gmail.com,placeholder,User1544,Test1544,CUSTOMER,,2026-01-01,2026-01-01
682a4823-5657-4e44-8d8c-7968b23492eb,user1545@gmail.com,placeholder,User1545,Test1545,CUSTOMER,,2026-01-01,2026-01-01
1694ddec-a9e2-4c8e-8244-465f1ad7e161,user1546@gmail.com,placeholder,User1546,Test1546,CUSTOMER,,2026-01-01,2026-01-01
bdaed99f-ab6d-45ad-a7dd-d55dba27ebb8,user1547@gmail.com,placeholder,User1547,Test1547,CUSTOMER,,2026-01-01,2026-01-01
95d8f0d8-2bb3-4be0-b615-382bd006a1b3,user1548@gmail.com,placeholder,User1548,Test1548,CUSTOMER,,2026-01-01,2026-01-01
3ec34662-3fe8-4810-933e-a9852d0d4a65,user1549@gmail.com,placeholder,User1549,Test1549,CUSTOMER,,2026-01-01,2026-01-01
47744e43-7095-4216-8fc4-a1cccf1f8757,user1550@gmail.com,placeholder,User1550,Test1550,CUSTOMER,,2026-01-01,2026-01-01
9943c7fd-af67-4c40-bb3b-26a6db55e732,user1551@gmail.com,placeholder,User1551,Test1551,CUSTOMER,,2026-01-01,2026-01-01
b510cae4-3771-4d56-b435-13db48621ab7,user1552@gmail.com,placeholder,User1552,Test1552,CUSTOMER,,2026-01-01,2026-01-01
9130cde5-9042-42a4-83df-8fcbe412b72e,user1553@gmail.com,placeholder,User1553,Test1553,CUSTOMER,,2026-01-01,2026-01-01
fa8041ad-2ef6-4ce5-a6ff-8a265a005fec,user1554@gmail.com,placeholder,User1554,Test1554,CUSTOMER,,2026-01-01,2026-01-01
70858a09-2e7c-440a-a7a0-bcba27ca5fac,user1555@gmail.com,placeholder,User1555,Test1555,CUSTOMER,,2026-01-01,2026-01-01
72b9746c-83c8-4a9e-a43f-9de504c052ab,user1556@gmail.com,placeholder,User1556,Test1556,CUSTOMER,,2026-01-01,2026-01-01
e03bbbac-074d-4bc3-b5f3-62c84f0ef788,user1557@gmail.com,placeholder,User1557,Test1557,CUSTOMER,,2026-01-01,2026-01-01
255512c3-f57c-4dea-b03c-9ac4d12325bf,user1558@gmail.com,placeholder,User1558,Test1558,CUSTOMER,,2026-01-01,2026-01-01
516f9991-ef87-47ac-8eb5-c4bcbe4d0838,user1559@gmail.com,placeholder,User1559,Test1559,CUSTOMER,,2026-01-01,2026-01-01
a60c8a27-4f9c-4e39-9db1-72fc7393ec51,user1560@gmail.com,placeholder,User1560,Test1560,CUSTOMER,,2026-01-01,2026-01-01
d62978cc-36c1-4b4b-97d9-c9b5266f961a,user1561@gmail.com,placeholder,User1561,Test1561,CUSTOMER,,2026-01-01,2026-01-01
a9eb02cd-8850-46eb-b1ef-b6de6c42eb95,user1562@gmail.com,placeholder,User1562,Test1562,CUSTOMER,,2026-01-01,2026-01-01
7a5dde8a-15d5-438d-94ab-c226df413a1a,user1563@gmail.com,placeholder,User1563,Test1563,CUSTOMER,,2026-01-01,2026-01-01
d3af43ce-02ed-43a4-8684-8876a83087ad,user1564@gmail.com,placeholder,User1564,Test1564,CUSTOMER,,2026-01-01,2026-01-01
732b22c3-b228-4bc4-b813-c3374e74bb78,user1565@gmail.com,placeholder,User1565,Test1565,CUSTOMER,,2026-01-01,2026-01-01
837ac390-f487-4649-a762-72426bd2179a,user1566@gmail.com,placeholder,User1566,Test1566,CUSTOMER,,2026-01-01,2026-01-01
40a1c266-6152-462f-962a-4f01e089db6c,user1567@gmail.com,placeholder,User1567,Test1567,CUSTOMER,,2026-01-01,2026-01-01
3dda6eff-ac9c-4e9b-94a2-69900d117b9c,user1568@gmail.com,placeholder,User1568,Test1568,CUSTOMER,,2026-01-01,2026-01-01
ea8f76e8-afc6-4144-af23-6f32423e99ee,user1569@gmail.com,placeholder,User1569,Test1569,CUSTOMER,,2026-01-01,2026-01-01
6204ba8e-0a8d-4475-8d89-e21b6794c30d,user1570@gmail.com,placeholder,User1570,Test1570,CUSTOMER,,2026-01-01,2026-01-01
c49d2259-3e8b-47ad-a9d3-6e44ab3c819e,user1571@gmail.com,placeholder,User1571,Test1571,CUSTOMER,,2026-01-01,2026-01-01
162576b3-34e4-4abb-8693-73daacec7a4c,user1572@gmail.com,placeholder,User1572,Test1572,CUSTOMER,,2026-01-01,2026-01-01
e4eb9a1d-8c0a-420b-81ee-cfa9f680b088,user1573@gmail.com,placeholder,User1573,Test1573,CUSTOMER,,2026-01-01,2026-01-01
4927bf65-59f5-492c-a6ff-6e384853d2c0,user1574@gmail.com,placeholder,User1574,Test1574,CUSTOMER,,2026-01-01,2026-01-01
a346334a-5cd3-467f-abf1-f90f11eea154,user1575@gmail.com,placeholder,User1575,Test1575,CUSTOMER,,2026-01-01,2026-01-01
5998a92c-3f23-44de-96e1-39d31f044410,user1576@gmail.com,placeholder,User1576,Test1576,CUSTOMER,,2026-01-01,2026-01-01
cd149899-dd8e-442b-b583-d794d5025e02,user1577@gmail.com,placeholder,User1577,Test1577,CUSTOMER,,2026-01-01,2026-01-01
2d67b4d3-6820-4ac7-85c6-5bd7f5674c43,user1578@gmail.com,placeholder,User1578,Test1578,CUSTOMER,,2026-01-01,2026-01-01
1579e6be-0410-4114-ab4b-39566164ee2d,user1579@gmail.com,placeholder,User1579,Test1579,CUSTOMER,,2026-01-01,2026-01-01
bddc4680-fd62-498c-a4e7-b292e97d9bde,user1580@gmail.com,placeholder,User1580,Test1580,CUSTOMER,,2026-01-01,2026-01-01
4c118417-a45f-4930-89ee-e7d7208aa329,user1581@gmail.com,placeholder,User1581,Test1581,CUSTOMER,,2026-01-01,2026-01-01
923a8c54-3a04-41d2-93a7-4ac413c1d066,user1582@gmail.com,placeholder,User1582,Test1582,CUSTOMER,,2026-01-01,2026-01-01
2a99a8a2-6498-479b-bf63-3d0811b03623,user1583@gmail.com,placeholder,User1583,Test1583,CUSTOMER,,2026-01-01,2026-01-01
42c6769f-d213-4660-bb80-a496ed9a7a81,user1584@gmail.com,placeholder,User1584,Test1584,CUSTOMER,,2026-01-01,2026-01-01
a74c874d-b69d-4394-8972-eccb2c40f8b0,user1585@gmail.com,placeholder,User1585,Test1585,CUSTOMER,,2026-01-01,2026-01-01
85753b9d-df04-4d48-9b40-11d28b6bd308,user1586@gmail.com,placeholder,User1586,Test1586,CUSTOMER,,2026-01-01,2026-01-01
8211bf52-92dc-4475-803c-96bb01217edb,user1587@gmail.com,placeholder,User1587,Test1587,CUSTOMER,,2026-01-01,2026-01-01
af31b0e8-8d80-4796-a259-afbb51361ff1,user1588@gmail.com,placeholder,User1588,Test1588,CUSTOMER,,2026-01-01,2026-01-01
bd0bf2c1-3a49-4c8d-8d55-fafc5cb125eb,user1589@gmail.com,placeholder,User1589,Test1589,CUSTOMER,,2026-01-01,2026-01-01
33318e52-6d28-4eb3-88a9-7ccb86604368,user1590@gmail.com,placeholder,User1590,Test1590,CUSTOMER,,2026-01-01,2026-01-01
9659eabc-1f1b-4c2b-b61f-83f8f23560d7,user1591@gmail.com,placeholder,User1591,Test1591,CUSTOMER,,2026-01-01,2026-01-01
27b1261b-42e7-4190-bfca-54fa6210e71f,user1592@gmail.com,placeholder,User1592,Test1592,CUSTOMER,,2026-01-01,2026-01-01
0f608ba9-7375-48e4-84ef-8fa05535acc5,user1593@gmail.com,placeholder,User1593,Test1593,CUSTOMER,,2026-01-01,2026-01-01
e277a941-39b9-4058-b388-423041dfd904,user1594@gmail.com,placeholder,User1594,Test1594,CUSTOMER,,2026-01-01,2026-01-01
72da9097-4d7a-4a5f-b9c2-315553e6d8b6,user1595@gmail.com,placeholder,User1595,Test1595,CUSTOMER,,2026-01-01,2026-01-01
1f90180f-ef3d-4c70-9306-2f8eba8e4fa1,user1596@gmail.com,placeholder,User1596,Test1596,CUSTOMER,,2026-01-01,2026-01-01
4219820e-37de-404f-9bb9-bf593a1f87b6,user1597@gmail.com,placeholder,User1597,Test1597,CUSTOMER,,2026-01-01,2026-01-01
8ea5196a-f192-490e-bc55-50f5a9a17600,user1598@gmail.com,placeholder,User1598,Test1598,CUSTOMER,,2026-01-01,2026-01-01
faabb250-e30a-456e-acbe-601b43329963,user1599@gmail.com,placeholder,User1599,Test1599,CUSTOMER,,2026-01-01,2026-01-01
aeec6f07-3f29-4331-b07b-ae6a8d6eee64,user1600@gmail.com,placeholder,User1600,Test1600,CUSTOMER,,2026-01-01,2026-01-01
8e1fb851-8782-4327-a024-1deac9475a51,user1601@gmail.com,placeholder,User1601,Test1601,CUSTOMER,,2026-01-01,2026-01-01
3a2ba394-3939-4f44-8ff2-c9972abbf9ea,user1602@gmail.com,placeholder,User1602,Test1602,CUSTOMER,,2026-01-01,2026-01-01
53454e84-b338-4c68-aaeb-9f6b3be1e286,user1603@gmail.com,placeholder,User1603,Test1603,CUSTOMER,,2026-01-01,2026-01-01
70a062c9-a8b8-4090-9ac6-96205558bb2b,user1604@gmail.com,placeholder,User1604,Test1604,CUSTOMER,,2026-01-01,2026-01-01
ccd3c1a8-1a1c-4554-8b58-75319b4e7be2,user1605@gmail.com,placeholder,User1605,Test1605,CUSTOMER,,2026-01-01,2026-01-01
3223c8ad-cfdc-4bc8-b288-4f69794bead6,user1606@gmail.com,placeholder,User1606,Test1606,CUSTOMER,,2026-01-01,2026-01-01
2469b002-7c6f-441c-b5b4-fa8e812c522d,user1607@gmail.com,placeholder,User1607,Test1607,CUSTOMER,,2026-01-01,2026-01-01
df10a5cd-75d7-4f35-9927-1e559eaf1c10,user1608@gmail.com,placeholder,User1608,Test1608,CUSTOMER,,2026-01-01,2026-01-01
811e7c56-6f94-4af9-98f7-f8529a67dca9,user1609@gmail.com,placeholder,User1609,Test1609,CUSTOMER,,2026-01-01,2026-01-01
f1bd9967-bdc9-4170-9857-0f8743215e42,user1610@gmail.com,placeholder,User1610,Test1610,CUSTOMER,,2026-01-01,2026-01-01
2b5466b3-83db-45fe-8181-0dfb8fe5063d,user1611@gmail.com,placeholder,User1611,Test1611,CUSTOMER,,2026-01-01,2026-01-01
5a58773d-32bf-4e7f-85ca-11881eba194f,user1612@gmail.com,placeholder,User1612,Test1612,CUSTOMER,,2026-01-01,2026-01-01
dd5cf6d0-b9e0-48ce-b6cd-b78182a5734d,user1613@gmail.com,placeholder,User1613,Test1613,CUSTOMER,,2026-01-01,2026-01-01
1213935d-1cb9-4898-af32-04854d1781af,user1614@gmail.com,placeholder,User1614,Test1614,CUSTOMER,,2026-01-01,2026-01-01
b5893949-bd6b-4514-ac0b-a288445a750f,user1615@gmail.com,placeholder,User1615,Test1615,CUSTOMER,,2026-01-01,2026-01-01
c4806975-1cf0-417f-b05f-4bea197de1cf,user1616@gmail.com,placeholder,User1616,Test1616,CUSTOMER,,2026-01-01,2026-01-01
a737c366-98d1-44f4-aa5b-ca10913ec568,user1617@gmail.com,placeholder,User1617,Test1617,CUSTOMER,,2026-01-01,2026-01-01
22437471-fd4b-4abf-8eda-bc3b3147436d,user1618@gmail.com,placeholder,User1618,Test1618,CUSTOMER,,2026-01-01,2026-01-01
6f209622-904d-4c82-abc4-b4b92536a8e0,user1619@gmail.com,placeholder,User1619,Test1619,CUSTOMER,,2026-01-01,2026-01-01
76bc0167-0080-420c-94a1-032d6889848c,user1620@gmail.com,placeholder,User1620,Test1620,CUSTOMER,,2026-01-01,2026-01-01
26e495ae-79a3-4917-a0ed-8c8bb1db8e3e,user1621@gmail.com,placeholder,User1621,Test1621,CUSTOMER,,2026-01-01,2026-01-01
2b490c3f-46f4-4c81-b941-989ae61bc5a3,user1622@gmail.com,placeholder,User1622,Test1622,CUSTOMER,,2026-01-01,2026-01-01
fb6f595d-3260-455b-9403-f7bc2c4bf81a,user1623@gmail.com,placeholder,User1623,Test1623,CUSTOMER,,2026-01-01,2026-01-01
39213198-6249-4efa-8322-986d984192a0,user1624@gmail.com,placeholder,User1624,Test1624,CUSTOMER,,2026-01-01,2026-01-01
4a73d6ee-e40f-4489-8b85-bb039d13ede0,user1625@gmail.com,placeholder,User1625,Test1625,CUSTOMER,,2026-01-01,2026-01-01
0ff051f3-81aa-432f-9d41-10c709746f47,user1626@gmail.com,placeholder,User1626,Test1626,CUSTOMER,,2026-01-01,2026-01-01
65db1b2f-6340-48c3-8d7e-112c44bf24d8,user1627@gmail.com,placeholder,User1627,Test1627,CUSTOMER,,2026-01-01,2026-01-01
63f9837b-ebcc-4507-99f4-3a9c4f352403,user1628@gmail.com,placeholder,User1628,Test1628,CUSTOMER,,2026-01-01,2026-01-01
35048cc5-34ae-421d-8e32-0d978d5ba7f6,user1629@gmail.com,placeholder,User1629,Test1629,CUSTOMER,,2026-01-01,2026-01-01
664edabb-1f14-4602-a468-c9de3a4ed01b,user1630@gmail.com,placeholder,User1630,Test1630,CUSTOMER,,2026-01-01,2026-01-01
fade47fc-ca9e-4494-814f-16576fff2914,user1631@gmail.com,placeholder,User1631,Test1631,CUSTOMER,,2026-01-01,2026-01-01
8ee61775-8520-4d35-8a41-f651b235e27b,user1632@gmail.com,placeholder,User1632,Test1632,CUSTOMER,,2026-01-01,2026-01-01
fbee9c1b-ecd7-4608-a596-dac920cf4aa8,user1633@gmail.com,placeholder,User1633,Test1633,CUSTOMER,,2026-01-01,2026-01-01
d38a6803-a13d-408d-8ef2-7acd6b7e7e39,user1634@gmail.com,placeholder,User1634,Test1634,CUSTOMER,,2026-01-01,2026-01-01
ffb496b6-8e81-4703-8a65-440baa0c08ba,user1635@gmail.com,placeholder,User1635,Test1635,CUSTOMER,,2026-01-01,2026-01-01
f134a4f3-0b95-423a-9db4-3692a8145808,user1636@gmail.com,placeholder,User1636,Test1636,CUSTOMER,,2026-01-01,2026-01-01
764f5d0e-dbbd-4891-9e43-436fd72481ae,user1637@gmail.com,placeholder,User1637,Test1637,CUSTOMER,,2026-01-01,2026-01-01
1bd6bf05-3fa9-431f-8de1-2d18edd796f8,user1638@gmail.com,placeholder,User1638,Test1638,CUSTOMER,,2026-01-01,2026-01-01
6494da97-a10b-4887-8f90-2607bb4b39f0,user1639@gmail.com,placeholder,User1639,Test1639,CUSTOMER,,2026-01-01,2026-01-01
fb3ef4a0-ad8d-4d29-b7fa-00488dbfe807,user1640@gmail.com,placeholder,User1640,Test1640,CUSTOMER,,2026-01-01,2026-01-01
949ccb7f-b633-4420-a3dd-092f652eb716,user1641@gmail.com,placeholder,User1641,Test1641,CUSTOMER,,2026-01-01,2026-01-01
bb1d4621-e82d-4a03-8619-80a0bab00f94,user1642@gmail.com,placeholder,User1642,Test1642,CUSTOMER,,2026-01-01,2026-01-01
7812dd7a-abe6-4762-a40a-f7c1a1c8157d,user1643@gmail.com,placeholder,User1643,Test1643,CUSTOMER,,2026-01-01,2026-01-01
2f390c1c-ec84-4870-955a-deb35c659b45,user1644@gmail.com,placeholder,User1644,Test1644,CUSTOMER,,2026-01-01,2026-01-01
be0e81e1-9274-4be4-b358-440d0cb731b8,user1645@gmail.com,placeholder,User1645,Test1645,CUSTOMER,,2026-01-01,2026-01-01
0f198b4b-f53b-4009-abc6-88f1a5677adb,user1646@gmail.com,placeholder,User1646,Test1646,CUSTOMER,,2026-01-01,2026-01-01
0cf9a267-1d22-452b-883e-5d2652c20c10,user1647@gmail.com,placeholder,User1647,Test1647,CUSTOMER,,2026-01-01,2026-01-01
a2131bdc-aa67-4ee6-b218-45bc00d23680,user1648@gmail.com,placeholder,User1648,Test1648,CUSTOMER,,2026-01-01,2026-01-01
1a83c5f5-e71f-42f2-a437-939a26d12848,user1649@gmail.com,placeholder,User1649,Test1649,CUSTOMER,,2026-01-01,2026-01-01
44b4e589-9e99-4cc4-939d-9304e05500e2,user1650@gmail.com,placeholder,User1650,Test1650,CUSTOMER,,2026-01-01,2026-01-01
d6e07c2c-114e-488a-99aa-61a81c89159d,user1651@gmail.com,placeholder,User1651,Test1651,CUSTOMER,,2026-01-01,2026-01-01
dad6f20b-10b7-45c6-8277-a326e6762f2e,user1652@gmail.com,placeholder,User1652,Test1652,CUSTOMER,,2026-01-01,2026-01-01
91abf00c-08c3-4138-94df-72b51d681831,user1653@gmail.com,placeholder,User1653,Test1653,CUSTOMER,,2026-01-01,2026-01-01
c91955c8-31ba-4fb5-bdc3-a0039dc6ef42,user1654@gmail.com,placeholder,User1654,Test1654,CUSTOMER,,2026-01-01,2026-01-01
6a8b7cb9-2b94-4ac2-a742-fc71f69e22b7,user1655@gmail.com,placeholder,User1655,Test1655,CUSTOMER,,2026-01-01,2026-01-01
293fc148-7835-4ff1-ac5e-929830058c2c,user1656@gmail.com,placeholder,User1656,Test1656,CUSTOMER,,2026-01-01,2026-01-01
08bf9d13-c160-463f-8f0f-57ce51162aec,user1657@gmail.com,placeholder,User1657,Test1657,CUSTOMER,,2026-01-01,2026-01-01
0fd09fce-b439-43ce-8cc9-ed1ba534a0c6,user1658@gmail.com,placeholder,User1658,Test1658,CUSTOMER,,2026-01-01,2026-01-01
8fd14351-a0fd-4823-8f2c-3c8d9b7a008a,user1659@gmail.com,placeholder,User1659,Test1659,CUSTOMER,,2026-01-01,2026-01-01
b83d2f8b-861f-42b9-8dea-115192faf38c,user1660@gmail.com,placeholder,User1660,Test1660,CUSTOMER,,2026-01-01,2026-01-01
500c769c-6dbe-4457-a3ad-f024376701ca,user1661@gmail.com,placeholder,User1661,Test1661,CUSTOMER,,2026-01-01,2026-01-01
d7bb8c9c-d669-4930-8c1c-27bdb0253acd,user1662@gmail.com,placeholder,User1662,Test1662,CUSTOMER,,2026-01-01,2026-01-01
8b2692f2-d128-424f-9cb4-de69b2be87cf,user1663@gmail.com,placeholder,User1663,Test1663,CUSTOMER,,2026-01-01,2026-01-01
cc1a2349-4985-4b6f-b731-305c7b2dfb45,user1664@gmail.com,placeholder,User1664,Test1664,CUSTOMER,,2026-01-01,2026-01-01
9d5ff549-e852-4f2c-9d1d-b2779cf98986,user1665@gmail.com,placeholder,User1665,Test1665,CUSTOMER,,2026-01-01,2026-01-01
4a8e8208-41c8-4012-9194-812a6018467b,user1666@gmail.com,placeholder,User1666,Test1666,CUSTOMER,,2026-01-01,2026-01-01
1165d336-4391-4fdc-a774-be1221e61355,user1667@gmail.com,placeholder,User1667,Test1667,CUSTOMER,,2026-01-01,2026-01-01
4cc05cb2-f6a1-49e5-b8e1-80717cb4744c,user1668@gmail.com,placeholder,User1668,Test1668,CUSTOMER,,2026-01-01,2026-01-01
d583dae2-86a3-4de4-b88f-2a86cda1df62,user1669@gmail.com,placeholder,User1669,Test1669,CUSTOMER,,2026-01-01,2026-01-01
28a31161-cd19-436d-affb-574257a9aac2,user1670@gmail.com,placeholder,User1670,Test1670,CUSTOMER,,2026-01-01,2026-01-01
b8cddca9-91ce-4d91-9e63-43923340803d,user1671@gmail.com,placeholder,User1671,Test1671,CUSTOMER,,2026-01-01,2026-01-01
d40a1c54-e1d7-42e2-b07b-4e1353d327fe,user1672@gmail.com,placeholder,User1672,Test1672,CUSTOMER,,2026-01-01,2026-01-01
43682b26-6e9a-45f4-a8db-c0219ba50c39,user1673@gmail.com,placeholder,User1673,Test1673,CUSTOMER,,2026-01-01,2026-01-01
1c921f5a-7d52-45bc-86dd-a45d080d44d8,user1674@gmail.com,placeholder,User1674,Test1674,CUSTOMER,,2026-01-01,2026-01-01
61ac6ed3-8b2a-4dc9-953b-01eba2bdde4d,user1675@gmail.com,placeholder,User1675,Test1675,CUSTOMER,,2026-01-01,2026-01-01
23cdd077-9fe4-489b-ae0b-1412d7922a32,user1676@gmail.com,placeholder,User1676,Test1676,CUSTOMER,,2026-01-01,2026-01-01
1ea0d7a7-0550-4e4d-ad3b-5670fcf9a05b,user1677@gmail.com,placeholder,User1677,Test1677,CUSTOMER,,2026-01-01,2026-01-01
a8180b3e-be25-4411-b952-668869f6b01a,user1678@gmail.com,placeholder,User1678,Test1678,CUSTOMER,,2026-01-01,2026-01-01
b565520c-9acc-4635-a286-6560ea01d425,user1679@gmail.com,placeholder,User1679,Test1679,CUSTOMER,,2026-01-01,2026-01-01
5b667684-363f-4384-adab-7ea84485437a,user1680@gmail.com,placeholder,User1680,Test1680,CUSTOMER,,2026-01-01,2026-01-01
4c53573f-7b9b-4eb2-95e3-226ec2ef2316,user1681@gmail.com,placeholder,User1681,Test1681,CUSTOMER,,2026-01-01,2026-01-01
983dd909-39ca-412a-9295-7075f0f6b64d,user1682@gmail.com,placeholder,User1682,Test1682,CUSTOMER,,2026-01-01,2026-01-01
24b2f8c9-8d2c-4734-9b46-a1d7f9a528d6,user1683@gmail.com,placeholder,User1683,Test1683,CUSTOMER,,2026-01-01,2026-01-01
4d7bfe92-f59b-4211-a3fb-98b91d3e73e6,user1684@gmail.com,placeholder,User1684,Test1684,CUSTOMER,,2026-01-01,2026-01-01
953b4f06-79e5-4f23-bee7-5895675afd86,user1685@gmail.com,placeholder,User1685,Test1685,CUSTOMER,,2026-01-01,2026-01-01
1cb8503d-bb06-41c9-be04-abf8e44eac80,user1686@gmail.com,placeholder,User1686,Test1686,CUSTOMER,,2026-01-01,2026-01-01
e663a2d4-a4c6-4cc1-8918-a3814a3b3e5d,user1687@gmail.com,placeholder,User1687,Test1687,CUSTOMER,,2026-01-01,2026-01-01
a59a70c4-ad45-4aea-99c5-ac01163eb467,user1688@gmail.com,placeholder,User1688,Test1688,CUSTOMER,,2026-01-01,2026-01-01
a5eab5a4-ed87-4a12-8651-c813968796b4,user1689@gmail.com,placeholder,User1689,Test1689,CUSTOMER,,2026-01-01,2026-01-01
f8df0ad2-7cbb-4b2c-9531-d8eba219dcf6,user1690@gmail.com,placeholder,User1690,Test1690,CUSTOMER,,2026-01-01,2026-01-01
ba22da2b-3eb2-4fd1-9947-8b5a2d8421d9,user1691@gmail.com,placeholder,User1691,Test1691,CUSTOMER,,2026-01-01,2026-01-01
96d59337-b03c-4ee6-aa92-3b7d20313b62,user1692@gmail.com,placeholder,User1692,Test1692,CUSTOMER,,2026-01-01,2026-01-01
575fea9d-f6bb-4b37-9fd3-08e9014a9949,user1693@gmail.com,placeholder,User1693,Test1693,CUSTOMER,,2026-01-01,2026-01-01
cf05b32a-1a08-467c-9930-eaef82b02c1f,user1694@gmail.com,placeholder,User1694,Test1694,CUSTOMER,,2026-01-01,2026-01-01
98f52746-2041-44a7-ad4a-86092b20e820,user1695@gmail.com,placeholder,User1695,Test1695,CUSTOMER,,2026-01-01,2026-01-01
892ea5ba-9ac3-4796-8114-8d8d7951adb9,user1696@gmail.com,placeholder,User1696,Test1696,CUSTOMER,,2026-01-01,2026-01-01
1673a3e8-469d-4c40-b50f-74ffcd03d369,user1697@gmail.com,placeholder,User1697,Test1697,CUSTOMER,,2026-01-01,2026-01-01
524b1d96-7f54-4cb8-a4d3-9d0af4a4633c,user1698@gmail.com,placeholder,User1698,Test1698,CUSTOMER,,2026-01-01,2026-01-01
aba9e49f-1587-47a1-97d1-abc0b5f426c8,user1699@gmail.com,placeholder,User1699,Test1699,CUSTOMER,,2026-01-01,2026-01-01
2a496429-ce44-478a-859f-02b8fc1cbf36,user1700@gmail.com,placeholder,User1700,Test1700,CUSTOMER,,2026-01-01,2026-01-01
bbee3bf5-96d6-4bc9-9063-020a17a74865,user1701@gmail.com,placeholder,User1701,Test1701,CUSTOMER,,2026-01-01,2026-01-01
2119c284-b8f6-4c6e-915d-3f9366fe51bd,user1702@gmail.com,placeholder,User1702,Test1702,CUSTOMER,,2026-01-01,2026-01-01
8308553b-53c0-48b3-a9eb-04ede9957bf2,user1703@gmail.com,placeholder,User1703,Test1703,CUSTOMER,,2026-01-01,2026-01-01
ed80a159-b996-4926-927e-cf61a470e1c8,user1704@gmail.com,placeholder,User1704,Test1704,CUSTOMER,,2026-01-01,2026-01-01
12b340d9-c68b-44e1-8664-eef424cdca08,user1705@gmail.com,placeholder,User1705,Test1705,CUSTOMER,,2026-01-01,2026-01-01
dfec824c-609a-445c-a585-7bcd2578d622,user1706@gmail.com,placeholder,User1706,Test1706,CUSTOMER,,2026-01-01,2026-01-01
ccdbc253-8d64-4104-8d80-92efd1efa639,user1707@gmail.com,placeholder,User1707,Test1707,CUSTOMER,,2026-01-01,2026-01-01
41718a32-8f11-4d6f-b197-9e2eae3ec423,user1708@gmail.com,placeholder,User1708,Test1708,CUSTOMER,,2026-01-01,2026-01-01
7026c74a-1192-44a1-8697-8a28940e68ad,user1709@gmail.com,placeholder,User1709,Test1709,CUSTOMER,,2026-01-01,2026-01-01
b87bad70-f139-4d05-a9c4-9e473dbdd49c,user1710@gmail.com,placeholder,User1710,Test1710,CUSTOMER,,2026-01-01,2026-01-01
45f5851c-aa15-42cd-a2ba-8b12b4dde596,user1711@gmail.com,placeholder,User1711,Test1711,CUSTOMER,,2026-01-01,2026-01-01
088ed4a6-21f3-47f8-8989-80106c63364e,user1712@gmail.com,placeholder,User1712,Test1712,CUSTOMER,,2026-01-01,2026-01-01
822b8ff7-f2a5-4797-8bc6-5e5fa4bb03ae,user1713@gmail.com,placeholder,User1713,Test1713,CUSTOMER,,2026-01-01,2026-01-01
813e3b78-57e8-4ca1-abf4-19772a35ab2f,user1714@gmail.com,placeholder,User1714,Test1714,CUSTOMER,,2026-01-01,2026-01-01
3663b593-58db-4552-8fdc-33667fa6da01,user1715@gmail.com,placeholder,User1715,Test1715,CUSTOMER,,2026-01-01,2026-01-01
3cf07838-6906-4cc9-842a-0f7a6240217e,user1716@gmail.com,placeholder,User1716,Test1716,CUSTOMER,,2026-01-01,2026-01-01
5de2dc4c-d7dd-4504-9e31-fedea9e71fa9,user1717@gmail.com,placeholder,User1717,Test1717,CUSTOMER,,2026-01-01,2026-01-01
90f4a826-e173-41ce-bd41-15ef0ace6246,user1718@gmail.com,placeholder,User1718,Test1718,CUSTOMER,,2026-01-01,2026-01-01
8bf937a7-f1bf-4298-a703-5f20b06c2639,user1719@gmail.com,placeholder,User1719,Test1719,CUSTOMER,,2026-01-01,2026-01-01
e11e45b7-b0fe-42d4-8c84-fe053b78cc5f,user1720@gmail.com,placeholder,User1720,Test1720,CUSTOMER,,2026-01-01,2026-01-01
2842bbaa-e0a7-45c1-8f2b-873c0a40f0f1,user1721@gmail.com,placeholder,User1721,Test1721,CUSTOMER,,2026-01-01,2026-01-01
67dc6f8d-d0d1-4e7e-9586-079a67682688,user1722@gmail.com,placeholder,User1722,Test1722,CUSTOMER,,2026-01-01,2026-01-01
85acf37b-669c-4749-a2f8-075d40864a16,user1723@gmail.com,placeholder,User1723,Test1723,CUSTOMER,,2026-01-01,2026-01-01
c335627e-9acc-4541-8e4f-e4ee2d9b7b1e,user1724@gmail.com,placeholder,User1724,Test1724,CUSTOMER,,2026-01-01,2026-01-01
c0fb852c-a909-47db-8408-6dbfb0ac7f15,user1725@gmail.com,placeholder,User1725,Test1725,CUSTOMER,,2026-01-01,2026-01-01
db19fa10-b7dc-499e-80a4-e57116a569c9,user1726@gmail.com,placeholder,User1726,Test1726,CUSTOMER,,2026-01-01,2026-01-01
18a9c824-de01-4b74-84f8-742d81905be3,user1727@gmail.com,placeholder,User1727,Test1727,CUSTOMER,,2026-01-01,2026-01-01
685c5c3d-c078-4541-a4ad-567435ddf73e,user1728@gmail.com,placeholder,User1728,Test1728,CUSTOMER,,2026-01-01,2026-01-01
0175a5aa-f23c-4d4c-bd9b-b3e7f86439ae,user1729@gmail.com,placeholder,User1729,Test1729,CUSTOMER,,2026-01-01,2026-01-01
983d80a3-9160-4e81-b74e-3688dba60bd2,user1730@gmail.com,placeholder,User1730,Test1730,CUSTOMER,,2026-01-01,2026-01-01
618aebc0-3d95-4d35-bfe6-0f921fc8837e,user1731@gmail.com,placeholder,User1731,Test1731,CUSTOMER,,2026-01-01,2026-01-01
86afebbf-f95b-4a53-90d9-031a4cbcb3db,user1732@gmail.com,placeholder,User1732,Test1732,CUSTOMER,,2026-01-01,2026-01-01
7840b69a-4f56-4cfb-b73c-2e033f5634e1,user1733@gmail.com,placeholder,User1733,Test1733,CUSTOMER,,2026-01-01,2026-01-01
e85f2922-1c89-41a4-a0d4-f6ab7d53419e,user1734@gmail.com,placeholder,User1734,Test1734,CUSTOMER,,2026-01-01,2026-01-01
d7cd255e-0f08-4745-ab7a-f984c98a223f,user1735@gmail.com,placeholder,User1735,Test1735,CUSTOMER,,2026-01-01,2026-01-01
11009022-8eb8-4854-8bc4-94a28aed8adc,user1736@gmail.com,placeholder,User1736,Test1736,CUSTOMER,,2026-01-01,2026-01-01
0dd699c4-d5f0-481a-b611-127c739c083e,user1737@gmail.com,placeholder,User1737,Test1737,CUSTOMER,,2026-01-01,2026-01-01
a6de7f70-121a-4aa4-84e7-7c5115154d9d,user1738@gmail.com,placeholder,User1738,Test1738,CUSTOMER,,2026-01-01,2026-01-01
2bf09089-4fd4-4c90-a6fe-2b719145442e,user1739@gmail.com,placeholder,User1739,Test1739,CUSTOMER,,2026-01-01,2026-01-01
2afa3abc-c1ad-4625-a366-4d90a6e7c47b,user1740@gmail.com,placeholder,User1740,Test1740,CUSTOMER,,2026-01-01,2026-01-01
f87b1f10-91d4-4fac-8f48-49c3b6dccfc7,user1741@gmail.com,placeholder,User1741,Test1741,CUSTOMER,,2026-01-01,2026-01-01
4e35d381-96b9-4a40-815c-62595e788cfc,user1742@gmail.com,placeholder,User1742,Test1742,CUSTOMER,,2026-01-01,2026-01-01
ea534aaf-199a-451f-bee2-dfe8b1f95b35,user1743@gmail.com,placeholder,User1743,Test1743,CUSTOMER,,2026-01-01,2026-01-01
e917d8f3-1c7a-462f-aca8-67f52971e423,user1744@gmail.com,placeholder,User1744,Test1744,CUSTOMER,,2026-01-01,2026-01-01
c71f8a79-4df1-400a-a52a-84d579433e75,user1745@gmail.com,placeholder,User1745,Test1745,CUSTOMER,,2026-01-01,2026-01-01
d2f1db75-934f-4f6b-a1d5-c24aaf6fdf21,user1746@gmail.com,placeholder,User1746,Test1746,CUSTOMER,,2026-01-01,2026-01-01
ba7394c7-5a49-4443-9d96-ddcad6fc5f23,user1747@gmail.com,placeholder,User1747,Test1747,CUSTOMER,,2026-01-01,2026-01-01
48e60874-6647-44ca-82d2-f239570394d8,user1748@gmail.com,placeholder,User1748,Test1748,CUSTOMER,,2026-01-01,2026-01-01
86f0addb-1c9b-4046-808f-1ab4ce0a266e,user1749@gmail.com,placeholder,User1749,Test1749,CUSTOMER,,2026-01-01,2026-01-01
26d816c5-e57b-460e-85b4-75a6e4ecfbd3,user1750@gmail.com,placeholder,User1750,Test1750,CUSTOMER,,2026-01-01,2026-01-01
64a20b81-54ad-4e6a-b895-bbafab8ed51f,user1751@gmail.com,placeholder,User1751,Test1751,CUSTOMER,,2026-01-01,2026-01-01
4e49f433-45c8-4a6a-84e8-3f635b234d6b,user1752@gmail.com,placeholder,User1752,Test1752,CUSTOMER,,2026-01-01,2026-01-01
fdfe5841-87ee-40ea-a18c-ae084ac4b062,user1753@gmail.com,placeholder,User1753,Test1753,CUSTOMER,,2026-01-01,2026-01-01
9f652ac9-cf8c-461f-82f5-ff92c327b4c5,user1754@gmail.com,placeholder,User1754,Test1754,CUSTOMER,,2026-01-01,2026-01-01
712b3dc1-49ff-42cf-8d78-d78e8c27e263,user1755@gmail.com,placeholder,User1755,Test1755,CUSTOMER,,2026-01-01,2026-01-01
8e919282-d6fa-4959-ad49-224227ed9edf,user1756@gmail.com,placeholder,User1756,Test1756,CUSTOMER,,2026-01-01,2026-01-01
421beff1-3e61-4d2c-bffe-61d76f8c2cea,user1757@gmail.com,placeholder,User1757,Test1757,CUSTOMER,,2026-01-01,2026-01-01
7bb43ab9-b733-4fe2-b890-9801d3beb179,user1758@gmail.com,placeholder,User1758,Test1758,CUSTOMER,,2026-01-01,2026-01-01
a00fbfe6-f68d-4f33-af09-ccba042b9db5,user1759@gmail.com,placeholder,User1759,Test1759,CUSTOMER,,2026-01-01,2026-01-01
731daf1d-326c-4b38-94be-79d111a51917,user1760@gmail.com,placeholder,User1760,Test1760,CUSTOMER,,2026-01-01,2026-01-01
a051112e-9633-41b5-8cae-659914160c71,user1761@gmail.com,placeholder,User1761,Test1761,CUSTOMER,,2026-01-01,2026-01-01
b6b16ef6-55dc-4f54-a170-a06f66a7d75c,user1762@gmail.com,placeholder,User1762,Test1762,CUSTOMER,,2026-01-01,2026-01-01
43aec502-f8b1-4d43-ba87-555367d7450e,user1763@gmail.com,placeholder,User1763,Test1763,CUSTOMER,,2026-01-01,2026-01-01
10d42d9a-a03f-4368-af6d-1d3ebdb5ffc0,user1764@gmail.com,placeholder,User1764,Test1764,CUSTOMER,,2026-01-01,2026-01-01
71ff7d75-0ac2-491b-89c8-36220f688e03,user1765@gmail.com,placeholder,User1765,Test1765,CUSTOMER,,2026-01-01,2026-01-01
49046d2a-48fc-4890-bb23-9171332d39b2,user1766@gmail.com,placeholder,User1766,Test1766,CUSTOMER,,2026-01-01,2026-01-01
8dec389c-be4d-4d26-8a1e-4a0e6dafa4d1,user1767@gmail.com,placeholder,User1767,Test1767,CUSTOMER,,2026-01-01,2026-01-01
0686166f-8f56-4a94-98fe-ab69dfd99f2f,user1768@gmail.com,placeholder,User1768,Test1768,CUSTOMER,,2026-01-01,2026-01-01
53923197-4ec1-4480-8d0d-9719af0815ae,user1769@gmail.com,placeholder,User1769,Test1769,CUSTOMER,,2026-01-01,2026-01-01
640c4433-a8ef-4a47-a6c9-4d4b692538ba,user1770@gmail.com,placeholder,User1770,Test1770,CUSTOMER,,2026-01-01,2026-01-01
8c8ba647-7ab2-474e-aacd-d87e72258175,user1771@gmail.com,placeholder,User1771,Test1771,CUSTOMER,,2026-01-01,2026-01-01
289bcdfc-f5a2-4824-aa21-e5e89dade6dd,user1772@gmail.com,placeholder,User1772,Test1772,CUSTOMER,,2026-01-01,2026-01-01
9f9f1996-8a4c-48b8-ab91-1fc3e4d30c40,user1773@gmail.com,placeholder,User1773,Test1773,CUSTOMER,,2026-01-01,2026-01-01
97cc1650-3652-43b9-8e71-bc5338c71078,user1774@gmail.com,placeholder,User1774,Test1774,CUSTOMER,,2026-01-01,2026-01-01
5deed420-9f9d-4b3f-b429-2450ffbb1099,user1775@gmail.com,placeholder,User1775,Test1775,CUSTOMER,,2026-01-01,2026-01-01
cbd13304-581b-4a83-9d1f-4098af1462b5,user1776@gmail.com,placeholder,User1776,Test1776,CUSTOMER,,2026-01-01,2026-01-01
d69e4509-88e3-4c8a-9613-9d1ad54c3ec6,user1777@gmail.com,placeholder,User1777,Test1777,CUSTOMER,,2026-01-01,2026-01-01
20f8dfb0-e8db-4b20-9226-f393e38bb92a,user1778@gmail.com,placeholder,User1778,Test1778,CUSTOMER,,2026-01-01,2026-01-01
3b4ea0f0-d7fb-4b50-834d-fbdd367308ca,user1779@gmail.com,placeholder,User1779,Test1779,CUSTOMER,,2026-01-01,2026-01-01
3b0d939d-e2d5-4c48-a5c3-d451836ca370,user1780@gmail.com,placeholder,User1780,Test1780,CUSTOMER,,2026-01-01,2026-01-01
8a59560c-53c7-49c3-a528-4ae1fb1b43cc,user1781@gmail.com,placeholder,User1781,Test1781,CUSTOMER,,2026-01-01,2026-01-01
d27df61c-01f0-467d-871c-eb87258440d1,user1782@gmail.com,placeholder,User1782,Test1782,CUSTOMER,,2026-01-01,2026-01-01
7ab90517-c044-4add-8bfa-1e286558bb9a,user1783@gmail.com,placeholder,User1783,Test1783,CUSTOMER,,2026-01-01,2026-01-01
78dddea3-c13e-40f5-a46e-45d6d07fca68,user1784@gmail.com,placeholder,User1784,Test1784,CUSTOMER,,2026-01-01,2026-01-01
44664afb-5dc3-4acd-8e44-17d124118a85,user1785@gmail.com,placeholder,User1785,Test1785,CUSTOMER,,2026-01-01,2026-01-01
850579a9-3659-40c4-a831-0f70a4cdc6ed,user1786@gmail.com,placeholder,User1786,Test1786,CUSTOMER,,2026-01-01,2026-01-01
b00c5e20-87a9-478f-8f45-a0bfc31b129c,user1787@gmail.com,placeholder,User1787,Test1787,CUSTOMER,,2026-01-01,2026-01-01
7499a400-6b01-45e3-bcc8-14ea49803274,user1788@gmail.com,placeholder,User1788,Test1788,CUSTOMER,,2026-01-01,2026-01-01
72ab5fa2-ffb1-4194-b8f3-fc13bedfcd2c,user1789@gmail.com,placeholder,User1789,Test1789,CUSTOMER,,2026-01-01,2026-01-01
a64d404c-1965-4cea-b672-08ba5390a007,user1790@gmail.com,placeholder,User1790,Test1790,CUSTOMER,,2026-01-01,2026-01-01
b8b36eee-ddeb-499e-ae6a-5cff2cc9ee9e,user1791@gmail.com,placeholder,User1791,Test1791,CUSTOMER,,2026-01-01,2026-01-01
675d4308-9dc0-46b2-b03a-af0f82dd5cc5,user1792@gmail.com,placeholder,User1792,Test1792,CUSTOMER,,2026-01-01,2026-01-01
3ec68598-82b1-4103-a029-1cd4a2fd0177,user1793@gmail.com,placeholder,User1793,Test1793,CUSTOMER,,2026-01-01,2026-01-01
f9b4770a-9dcc-482e-8591-9d8f6e14c3c4,user1794@gmail.com,placeholder,User1794,Test1794,CUSTOMER,,2026-01-01,2026-01-01
f016addd-a9fb-4130-a14c-d065afb9746a,user1795@gmail.com,placeholder,User1795,Test1795,CUSTOMER,,2026-01-01,2026-01-01
d2e06654-8a30-404c-a0af-71b1b1c8ef8d,user1796@gmail.com,placeholder,User1796,Test1796,CUSTOMER,,2026-01-01,2026-01-01
bcb2a96c-ea4b-4793-b36e-48ecd95ba701,user1797@gmail.com,placeholder,User1797,Test1797,CUSTOMER,,2026-01-01,2026-01-01
e85a955b-dc16-4010-a045-a72b37c63047,user1798@gmail.com,placeholder,User1798,Test1798,CUSTOMER,,2026-01-01,2026-01-01
c0b526be-1ce6-412a-894e-e8b8651e156f,user1799@gmail.com,placeholder,User1799,Test1799,CUSTOMER,,2026-01-01,2026-01-01
9284024e-6448-4bc5-9dbc-efab326badfa,user1800@gmail.com,placeholder,User1800,Test1800,CUSTOMER,,2026-01-01,2026-01-01
4dbcf9c0-bcc3-4102-923e-c0f81f487cf8,user1801@gmail.com,placeholder,User1801,Test1801,CUSTOMER,,2026-01-01,2026-01-01
3e3987b9-f8ec-434f-83e3-59533384490e,user1802@gmail.com,placeholder,User1802,Test1802,CUSTOMER,,2026-01-01,2026-01-01
47dc4bad-fd5d-4238-93af-5a28cf587b4f,user1803@gmail.com,placeholder,User1803,Test1803,CUSTOMER,,2026-01-01,2026-01-01
86d8b5df-28ae-48ab-8913-69b88a8406bb,user1804@gmail.com,placeholder,User1804,Test1804,CUSTOMER,,2026-01-01,2026-01-01
63240cf3-fa57-4e2c-b451-8c457fe0a7e2,user1805@gmail.com,placeholder,User1805,Test1805,CUSTOMER,,2026-01-01,2026-01-01
20519b1a-077b-42b8-9e71-d983363970ad,user1806@gmail.com,placeholder,User1806,Test1806,CUSTOMER,,2026-01-01,2026-01-01
c51bcf61-2b22-4e73-ab5e-cf73dc9b0686,user1807@gmail.com,placeholder,User1807,Test1807,CUSTOMER,,2026-01-01,2026-01-01
da1b69a0-ae33-48d8-b965-908de1e725d8,user1808@gmail.com,placeholder,User1808,Test1808,CUSTOMER,,2026-01-01,2026-01-01
eeff558a-b6a3-44f1-8361-89af76cb5c15,user1809@gmail.com,placeholder,User1809,Test1809,CUSTOMER,,2026-01-01,2026-01-01
b1360de2-4035-492b-b2ba-2972b469b179,user1810@gmail.com,placeholder,User1810,Test1810,CUSTOMER,,2026-01-01,2026-01-01
c199d93a-5743-48aa-91ca-60a062286524,user1811@gmail.com,placeholder,User1811,Test1811,CUSTOMER,,2026-01-01,2026-01-01
c386f486-7079-45fc-84e1-f7e719c6ce44,user1812@gmail.com,placeholder,User1812,Test1812,CUSTOMER,,2026-01-01,2026-01-01
d08186ec-8b8e-491e-8214-9ee41c0d305b,user1813@gmail.com,placeholder,User1813,Test1813,CUSTOMER,,2026-01-01,2026-01-01
6a1bf9f6-79f8-4295-94e4-a9a79b714865,user1814@gmail.com,placeholder,User1814,Test1814,CUSTOMER,,2026-01-01,2026-01-01
ba176130-910d-439a-b8d8-1b075bc7bad0,user1815@gmail.com,placeholder,User1815,Test1815,CUSTOMER,,2026-01-01,2026-01-01
e680ccff-b04f-41a7-9841-c2f8d2c988ed,user1816@gmail.com,placeholder,User1816,Test1816,CUSTOMER,,2026-01-01,2026-01-01
901ad1b0-10af-468c-9673-958f1aa6e58c,user1817@gmail.com,placeholder,User1817,Test1817,CUSTOMER,,2026-01-01,2026-01-01
0ccb9dc1-0116-4540-8d3a-63d065db6ea8,user1818@gmail.com,placeholder,User1818,Test1818,CUSTOMER,,2026-01-01,2026-01-01
e859cd91-564a-4850-8f1e-3d9c43d36f1b,user1819@gmail.com,placeholder,User1819,Test1819,CUSTOMER,,2026-01-01,2026-01-01
cc4df7e4-5bf9-4214-a990-eba2f2917c42,user1820@gmail.com,placeholder,User1820,Test1820,CUSTOMER,,2026-01-01,2026-01-01
5a1ec590-fab4-4083-a688-65b9a21c81ae,user1821@gmail.com,placeholder,User1821,Test1821,CUSTOMER,,2026-01-01,2026-01-01
f4e15341-f101-49a6-98e9-342c13dc4fe6,user1822@gmail.com,placeholder,User1822,Test1822,CUSTOMER,,2026-01-01,2026-01-01
8ab1cafc-bf14-4f95-829d-70c55601526f,user1823@gmail.com,placeholder,User1823,Test1823,CUSTOMER,,2026-01-01,2026-01-01
f6417617-f2f3-4f04-b7fe-5d9b5c6d5bf4,user1824@gmail.com,placeholder,User1824,Test1824,CUSTOMER,,2026-01-01,2026-01-01
e800705a-d142-4650-a080-4c43506c3546,user1825@gmail.com,placeholder,User1825,Test1825,CUSTOMER,,2026-01-01,2026-01-01
9433d837-0efe-49d3-862f-e70607184e93,user1826@gmail.com,placeholder,User1826,Test1826,CUSTOMER,,2026-01-01,2026-01-01
b4a4b0c0-1c88-4bf3-8ec3-98c55f1ce9e3,user1827@gmail.com,placeholder,User1827,Test1827,CUSTOMER,,2026-01-01,2026-01-01
109618ad-0da1-4d2b-9a2e-af3cf258e653,user1828@gmail.com,placeholder,User1828,Test1828,CUSTOMER,,2026-01-01,2026-01-01
168b0e5e-d987-4b4e-ab6a-768318c14828,user1829@gmail.com,placeholder,User1829,Test1829,CUSTOMER,,2026-01-01,2026-01-01
5efbd7be-7c01-4560-a2c8-3b6f666969b7,user1830@gmail.com,placeholder,User1830,Test1830,CUSTOMER,,2026-01-01,2026-01-01
af12a77a-e7c1-4474-84e0-c6063dd69263,user1831@gmail.com,placeholder,User1831,Test1831,CUSTOMER,,2026-01-01,2026-01-01
d31cdf05-729d-42ee-8beb-5157510f726e,user1832@gmail.com,placeholder,User1832,Test1832,CUSTOMER,,2026-01-01,2026-01-01
628b1cc6-9357-4f56-8884-012eb17a1078,user1833@gmail.com,placeholder,User1833,Test1833,CUSTOMER,,2026-01-01,2026-01-01
1c6a15f8-7acf-40b6-85aa-c7abedb22350,user1834@gmail.com,placeholder,User1834,Test1834,CUSTOMER,,2026-01-01,2026-01-01
813a1387-a02c-40fc-a267-2c943ce8ad04,user1835@gmail.com,placeholder,User1835,Test1835,CUSTOMER,,2026-01-01,2026-01-01
b62db510-b307-49df-9c28-3b31f2ac3a17,user1836@gmail.com,placeholder,User1836,Test1836,CUSTOMER,,2026-01-01,2026-01-01
7707e894-8882-48af-827a-54d222623ddc,user1837@gmail.com,placeholder,User1837,Test1837,CUSTOMER,,2026-01-01,2026-01-01
d64e0577-dde8-4840-9687-399aafaf56a5,user1838@gmail.com,placeholder,User1838,Test1838,CUSTOMER,,2026-01-01,2026-01-01
5c893950-9a49-4e39-b9b7-226e5c075ba1,user1839@gmail.com,placeholder,User1839,Test1839,CUSTOMER,,2026-01-01,2026-01-01
9a93ebb6-d1ac-49f9-ad48-935b351442a2,user1840@gmail.com,placeholder,User1840,Test1840,CUSTOMER,,2026-01-01,2026-01-01
067755cc-f1e2-42bb-ad89-4fbf9b7513c0,user1841@gmail.com,placeholder,User1841,Test1841,CUSTOMER,,2026-01-01,2026-01-01
5a0335da-94f8-47db-bc17-4a16228ee97c,user1842@gmail.com,placeholder,User1842,Test1842,CUSTOMER,,2026-01-01,2026-01-01
11867181-a06c-494a-a5b2-cb8c810ef0c9,user1843@gmail.com,placeholder,User1843,Test1843,CUSTOMER,,2026-01-01,2026-01-01
61a332eb-fa4d-4107-9f93-40e759f07117,user1844@gmail.com,placeholder,User1844,Test1844,CUSTOMER,,2026-01-01,2026-01-01
c52384fc-6fdf-461b-a981-c71b223f6b13,user1845@gmail.com,placeholder,User1845,Test1845,CUSTOMER,,2026-01-01,2026-01-01
00c9391c-35ca-4629-9ba2-71681e498369,user1846@gmail.com,placeholder,User1846,Test1846,CUSTOMER,,2026-01-01,2026-01-01
9f18daee-376f-4d1e-90f7-8f3e50b78bbd,user1847@gmail.com,placeholder,User1847,Test1847,CUSTOMER,,2026-01-01,2026-01-01
5446dc35-bea7-4697-b608-e5754c572607,user1848@gmail.com,placeholder,User1848,Test1848,CUSTOMER,,2026-01-01,2026-01-01
0198baa2-c11e-48e0-809c-6be3a53cf37c,user1849@gmail.com,placeholder,User1849,Test1849,CUSTOMER,,2026-01-01,2026-01-01
90216cc1-82db-4394-9c3f-0505b02e054b,user1850@gmail.com,placeholder,User1850,Test1850,CUSTOMER,,2026-01-01,2026-01-01
af6819fd-f24d-43db-aff0-8e3898cede32,user1851@gmail.com,placeholder,User1851,Test1851,CUSTOMER,,2026-01-01,2026-01-01
98a1e52f-965f-4500-9f5e-721258f22c7a,user1852@gmail.com,placeholder,User1852,Test1852,CUSTOMER,,2026-01-01,2026-01-01
1e406c7c-4df4-4198-af3d-ffe776e5dbce,user1853@gmail.com,placeholder,User1853,Test1853,CUSTOMER,,2026-01-01,2026-01-01
ef42f2d2-ca2b-4c81-86e5-0fd0c3cf28a1,user1854@gmail.com,placeholder,User1854,Test1854,CUSTOMER,,2026-01-01,2026-01-01
d1eb2e1f-cc9f-4055-ae1f-bda620d15672,user1855@gmail.com,placeholder,User1855,Test1855,CUSTOMER,,2026-01-01,2026-01-01
79bc37bb-ba82-470f-89de-b4edc00dbc17,user1856@gmail.com,placeholder,User1856,Test1856,CUSTOMER,,2026-01-01,2026-01-01
48a86d68-dddc-4ec3-ba12-1a0b12db180f,user1857@gmail.com,placeholder,User1857,Test1857,CUSTOMER,,2026-01-01,2026-01-01
028607f5-28e3-4469-83f3-1cea41e74392,user1858@gmail.com,placeholder,User1858,Test1858,CUSTOMER,,2026-01-01,2026-01-01
b23e6866-8aa9-451d-8051-65021fdc44bd,user1859@gmail.com,placeholder,User1859,Test1859,CUSTOMER,,2026-01-01,2026-01-01
5cd2b4a0-cae2-48e7-bb02-30be3cc9f88f,user1860@gmail.com,placeholder,User1860,Test1860,CUSTOMER,,2026-01-01,2026-01-01
744643fa-80e7-498d-858c-70ddb8eb70e2,user1861@gmail.com,placeholder,User1861,Test1861,CUSTOMER,,2026-01-01,2026-01-01
05e27be0-86d2-4c50-acce-9fc9b1bb2aae,user1862@gmail.com,placeholder,User1862,Test1862,CUSTOMER,,2026-01-01,2026-01-01
26f202a4-bb5c-4d56-9aff-fbe7b32366e8,user1863@gmail.com,placeholder,User1863,Test1863,CUSTOMER,,2026-01-01,2026-01-01
20da94f1-6592-4637-86fb-cfba4816e597,user1864@gmail.com,placeholder,User1864,Test1864,CUSTOMER,,2026-01-01,2026-01-01
d4a64fa7-adf1-4a1a-8693-b76bafc262e3,user1865@gmail.com,placeholder,User1865,Test1865,CUSTOMER,,2026-01-01,2026-01-01
49c5791c-d999-4e85-bdfc-76e295fee4df,user1866@gmail.com,placeholder,User1866,Test1866,CUSTOMER,,2026-01-01,2026-01-01
991c0dcc-1a77-4cf7-87dc-86fb2d1d3e2f,user1867@gmail.com,placeholder,User1867,Test1867,CUSTOMER,,2026-01-01,2026-01-01
85bfb35d-2407-42c1-a449-ac9bcdf6d756,user1868@gmail.com,placeholder,User1868,Test1868,CUSTOMER,,2026-01-01,2026-01-01
861bce16-f8e2-42f3-a5fa-359b6adccd01,user1869@gmail.com,placeholder,User1869,Test1869,CUSTOMER,,2026-01-01,2026-01-01
44e98567-b1e7-4ea9-b06c-a3060d6f55bc,user1870@gmail.com,placeholder,User1870,Test1870,CUSTOMER,,2026-01-01,2026-01-01
5522107c-8a81-4256-8bd0-5f57ba47afee,user1871@gmail.com,placeholder,User1871,Test1871,CUSTOMER,,2026-01-01,2026-01-01
c0549de7-85f3-4a1f-9f4c-786324b695e5,user1872@gmail.com,placeholder,User1872,Test1872,CUSTOMER,,2026-01-01,2026-01-01
d200be71-51a3-4c0a-b354-a02a094c6bb9,user1873@gmail.com,placeholder,User1873,Test1873,CUSTOMER,,2026-01-01,2026-01-01
229f3622-c559-4dcc-8336-23ba47647025,user1874@gmail.com,placeholder,User1874,Test1874,CUSTOMER,,2026-01-01,2026-01-01
297972ed-8f23-4f1e-b924-624c405eaf1c,user1875@gmail.com,placeholder,User1875,Test1875,CUSTOMER,,2026-01-01,2026-01-01
3a91e44a-a218-41e4-a75c-dbc5bc65c628,user1876@gmail.com,placeholder,User1876,Test1876,CUSTOMER,,2026-01-01,2026-01-01
1b51461c-5d18-494e-bc94-3b0536e340af,user1877@gmail.com,placeholder,User1877,Test1877,CUSTOMER,,2026-01-01,2026-01-01
a4e8be73-9d54-47c5-96e3-98a57899e099,user1878@gmail.com,placeholder,User1878,Test1878,CUSTOMER,,2026-01-01,2026-01-01
16208bf1-c2eb-4739-bbe3-834a95c245b0,user1879@gmail.com,placeholder,User1879,Test1879,CUSTOMER,,2026-01-01,2026-01-01
bd403d14-d303-4c0e-bcfc-a5bb54b3cb3b,user1880@gmail.com,placeholder,User1880,Test1880,CUSTOMER,,2026-01-01,2026-01-01
e50e2b02-62a4-46fa-9c96-987a3ec21bb2,user1881@gmail.com,placeholder,User1881,Test1881,CUSTOMER,,2026-01-01,2026-01-01
f790560c-b01c-4f64-9707-d4078dea4f75,user1882@gmail.com,placeholder,User1882,Test1882,CUSTOMER,,2026-01-01,2026-01-01
af20646f-a849-4477-9893-6a351575a270,user1883@gmail.com,placeholder,User1883,Test1883,CUSTOMER,,2026-01-01,2026-01-01
90bdcf96-5b65-40e8-85be-4e8a0714d599,user1884@gmail.com,placeholder,User1884,Test1884,CUSTOMER,,2026-01-01,2026-01-01
da58b880-e6f3-4dd8-bec4-9cadd2bbcacf,user1885@gmail.com,placeholder,User1885,Test1885,CUSTOMER,,2026-01-01,2026-01-01
bf08f92b-b395-4155-9263-79751bf76471,user1886@gmail.com,placeholder,User1886,Test1886,CUSTOMER,,2026-01-01,2026-01-01
82ce3b85-6cca-4f27-aa62-2320f54fa76d,user1887@gmail.com,placeholder,User1887,Test1887,CUSTOMER,,2026-01-01,2026-01-01
dd2d101e-935e-49ae-9f4f-d0678e5bda36,user1888@gmail.com,placeholder,User1888,Test1888,CUSTOMER,,2026-01-01,2026-01-01
f70a8ccd-f387-4bf8-b259-d34d3f87d11c,user1889@gmail.com,placeholder,User1889,Test1889,CUSTOMER,,2026-01-01,2026-01-01
3d2bcd8a-3ca7-4a17-80ff-bbdbc1307b0a,user1890@gmail.com,placeholder,User1890,Test1890,CUSTOMER,,2026-01-01,2026-01-01
35d5ce92-c9f3-4761-b891-e3420003fc9a,user1891@gmail.com,placeholder,User1891,Test1891,CUSTOMER,,2026-01-01,2026-01-01
a5a6d127-49a0-4336-83ad-c065f9adc86d,user1892@gmail.com,placeholder,User1892,Test1892,CUSTOMER,,2026-01-01,2026-01-01
6daf1876-702e-4c94-b1ed-e12247ec8113,user1893@gmail.com,placeholder,User1893,Test1893,CUSTOMER,,2026-01-01,2026-01-01
56ad52ea-7994-41f5-bf8e-28f01e024b00,user1894@gmail.com,placeholder,User1894,Test1894,CUSTOMER,,2026-01-01,2026-01-01
d75a1305-1ac4-45cb-84a6-cfdd1d46eb0e,user1895@gmail.com,placeholder,User1895,Test1895,CUSTOMER,,2026-01-01,2026-01-01
16b338c7-7c57-4b13-b31c-56e37fc1da89,user1896@gmail.com,placeholder,User1896,Test1896,CUSTOMER,,2026-01-01,2026-01-01
1385e1ed-0c09-4657-9d41-29b2ef91b7dd,user1897@gmail.com,placeholder,User1897,Test1897,CUSTOMER,,2026-01-01,2026-01-01
1ba235fe-2932-44a8-933d-f227e6a51a65,user1898@gmail.com,placeholder,User1898,Test1898,CUSTOMER,,2026-01-01,2026-01-01
2231992a-0b4a-4f19-b25e-7ff3b7f14d17,user1899@gmail.com,placeholder,User1899,Test1899,CUSTOMER,,2026-01-01,2026-01-01
52553677-5008-4e99-91fb-bd2ce35b6284,user1900@gmail.com,placeholder,User1900,Test1900,CUSTOMER,,2026-01-01,2026-01-01
d1c8bfa7-9ce4-4c15-ac70-583c4c97bcad,user1901@gmail.com,placeholder,User1901,Test1901,CUSTOMER,,2026-01-01,2026-01-01
1f0120a7-d409-4f5f-86cc-6884111ae62c,user1902@gmail.com,placeholder,User1902,Test1902,CUSTOMER,,2026-01-01,2026-01-01
e2bdc1c0-89b9-46f8-bab4-182262cc9312,user1903@gmail.com,placeholder,User1903,Test1903,CUSTOMER,,2026-01-01,2026-01-01
6166f323-3582-4fe8-bcca-45ab6cb38d36,user1904@gmail.com,placeholder,User1904,Test1904,CUSTOMER,,2026-01-01,2026-01-01
1b8e10a9-b804-4213-a30f-629101f97d4b,user1905@gmail.com,placeholder,User1905,Test1905,CUSTOMER,,2026-01-01,2026-01-01
b9b3d900-2157-420b-9e85-76a3f02ade94,user1906@gmail.com,placeholder,User1906,Test1906,CUSTOMER,,2026-01-01,2026-01-01
26749d89-7d03-4e96-967a-c87327172c5c,user1907@gmail.com,placeholder,User1907,Test1907,CUSTOMER,,2026-01-01,2026-01-01
50c318aa-5f6c-49c8-8767-b2aba96b2729,user1908@gmail.com,placeholder,User1908,Test1908,CUSTOMER,,2026-01-01,2026-01-01
523ce7a1-62be-40f3-ba11-042f55a92dd2,user1909@gmail.com,placeholder,User1909,Test1909,CUSTOMER,,2026-01-01,2026-01-01
90f6d182-f7c6-4215-8310-ac6374e18328,user1910@gmail.com,placeholder,User1910,Test1910,CUSTOMER,,2026-01-01,2026-01-01
7405ae62-5378-481f-9d2e-9e63181ce308,user1911@gmail.com,placeholder,User1911,Test1911,CUSTOMER,,2026-01-01,2026-01-01
324a7cec-f817-41f7-9432-8b58d379d626,user1912@gmail.com,placeholder,User1912,Test1912,CUSTOMER,,2026-01-01,2026-01-01
6a4537ba-cedd-4d5f-8c75-2609ad6488c4,user1913@gmail.com,placeholder,User1913,Test1913,CUSTOMER,,2026-01-01,2026-01-01
0c1a02d3-2196-4edd-9168-5830b1e64c19,user1914@gmail.com,placeholder,User1914,Test1914,CUSTOMER,,2026-01-01,2026-01-01
3984c18d-5d8e-43ee-9d91-161e13a0e614,user1915@gmail.com,placeholder,User1915,Test1915,CUSTOMER,,2026-01-01,2026-01-01
a0f242db-8ec8-4660-ac22-c2a6668774e5,user1916@gmail.com,placeholder,User1916,Test1916,CUSTOMER,,2026-01-01,2026-01-01
1503e941-5ec6-4ee2-b6e4-60ca2275b3dd,user1917@gmail.com,placeholder,User1917,Test1917,CUSTOMER,,2026-01-01,2026-01-01
51bef103-2649-470b-be6b-ca01913368ef,user1918@gmail.com,placeholder,User1918,Test1918,CUSTOMER,,2026-01-01,2026-01-01
6a7d2b38-7ad2-426d-aebc-9d7812e9a275,user1919@gmail.com,placeholder,User1919,Test1919,CUSTOMER,,2026-01-01,2026-01-01
684fcd1e-ad54-4499-ba5c-a8bb70eb4212,user1920@gmail.com,placeholder,User1920,Test1920,CUSTOMER,,2026-01-01,2026-01-01
55a9fe66-723d-4bde-99a0-9b74958b7215,user1921@gmail.com,placeholder,User1921,Test1921,CUSTOMER,,2026-01-01,2026-01-01
54a325d3-f66a-43e4-9c9e-f25aff67dd0b,user1922@gmail.com,placeholder,User1922,Test1922,CUSTOMER,,2026-01-01,2026-01-01
63fd8b2a-8d64-4e75-9b53-f239892e14eb,user1923@gmail.com,placeholder,User1923,Test1923,CUSTOMER,,2026-01-01,2026-01-01
6f80af9d-ff03-4690-858d-5e38470ccd27,user1924@gmail.com,placeholder,User1924,Test1924,CUSTOMER,,2026-01-01,2026-01-01
0577aabb-64b7-458b-8a53-d5420fcb289a,user1925@gmail.com,placeholder,User1925,Test1925,CUSTOMER,,2026-01-01,2026-01-01
92c597da-b064-4c5e-951a-e8ad437d76cd,user1926@gmail.com,placeholder,User1926,Test1926,CUSTOMER,,2026-01-01,2026-01-01
776f2ae7-9b50-4eb8-9583-b35b7bc28e61,user1927@gmail.com,placeholder,User1927,Test1927,CUSTOMER,,2026-01-01,2026-01-01
dca263d8-b122-42ec-ac3c-61b2d2c36b08,user1928@gmail.com,placeholder,User1928,Test1928,CUSTOMER,,2026-01-01,2026-01-01
186a15df-627e-4b86-b9cc-6ad73b3531ed,user1929@gmail.com,placeholder,User1929,Test1929,CUSTOMER,,2026-01-01,2026-01-01
2790ce68-1ae5-4867-ba43-4159a2b01c4e,user1930@gmail.com,placeholder,User1930,Test1930,CUSTOMER,,2026-01-01,2026-01-01
a9098ec0-794c-4740-a51f-b725351ab464,user1931@gmail.com,placeholder,User1931,Test1931,CUSTOMER,,2026-01-01,2026-01-01
1c5e358a-8c36-4b4a-b231-032534df8542,user1932@gmail.com,placeholder,User1932,Test1932,CUSTOMER,,2026-01-01,2026-01-01
f89ece3f-436c-4968-a6f1-efb697dbfc4f,user1933@gmail.com,placeholder,User1933,Test1933,CUSTOMER,,2026-01-01,2026-01-01
397a117e-9b2d-4f7a-8ff3-499e1f3f2b9e,user1934@gmail.com,placeholder,User1934,Test1934,CUSTOMER,,2026-01-01,2026-01-01
7429fcb1-c31e-49f0-bf13-92e32415dda3,user1935@gmail.com,placeholder,User1935,Test1935,CUSTOMER,,2026-01-01,2026-01-01
a73619b4-9e6a-4659-9325-f567eb03a3da,user1936@gmail.com,placeholder,User1936,Test1936,CUSTOMER,,2026-01-01,2026-01-01
270872b2-3ef7-4652-abbd-1cfda304ed50,user1937@gmail.com,placeholder,User1937,Test1937,CUSTOMER,,2026-01-01,2026-01-01
a214a2ff-8380-43be-93ef-ea6df9ade272,user1938@gmail.com,placeholder,User1938,Test1938,CUSTOMER,,2026-01-01,2026-01-01
b8dc1909-c895-435c-b7d3-6554997f6317,user1939@gmail.com,placeholder,User1939,Test1939,CUSTOMER,,2026-01-01,2026-01-01
d0ab457f-ccd8-49c9-9574-4f2d9cb8d244,user1940@gmail.com,placeholder,User1940,Test1940,CUSTOMER,,2026-01-01,2026-01-01
ea084d63-811d-466d-9a9f-d89303dfe492,user1941@gmail.com,placeholder,User1941,Test1941,CUSTOMER,,2026-01-01,2026-01-01
be5d7b46-962b-4766-b6c9-25fa71656f5b,user1942@gmail.com,placeholder,User1942,Test1942,CUSTOMER,,2026-01-01,2026-01-01
a974c608-6760-4ca5-94a8-ffe1e02c52c8,user1943@gmail.com,placeholder,User1943,Test1943,CUSTOMER,,2026-01-01,2026-01-01
ee516214-5723-42c9-87e3-e2135def6a27,user1944@gmail.com,placeholder,User1944,Test1944,CUSTOMER,,2026-01-01,2026-01-01
9ab85f81-c1c8-4ef5-b3b7-04dc6d19c4a2,user1945@gmail.com,placeholder,User1945,Test1945,CUSTOMER,,2026-01-01,2026-01-01
0e9f28b3-8fc3-466c-9c11-19f46906c121,user1946@gmail.com,placeholder,User1946,Test1946,CUSTOMER,,2026-01-01,2026-01-01
3e38828d-f964-4ec2-9dcc-43336d7c778a,user1947@gmail.com,placeholder,User1947,Test1947,CUSTOMER,,2026-01-01,2026-01-01
370efbb4-8c07-47d0-928c-6b0ae6c7c9ac,user1948@gmail.com,placeholder,User1948,Test1948,CUSTOMER,,2026-01-01,2026-01-01
236201cc-f22c-4426-afea-26d1a97a7a96,user1949@gmail.com,placeholder,User1949,Test1949,CUSTOMER,,2026-01-01,2026-01-01
08747ccf-03c1-4edb-add6-6a196d9a7f97,user1950@gmail.com,placeholder,User1950,Test1950,CUSTOMER,,2026-01-01,2026-01-01
18df5a6e-d090-4af9-861e-18f5f3275d68,user1951@gmail.com,placeholder,User1951,Test1951,CUSTOMER,,2026-01-01,2026-01-01
5a493908-989e-4d8d-88dc-b8e10d111322,user1952@gmail.com,placeholder,User1952,Test1952,CUSTOMER,,2026-01-01,2026-01-01
590e98b2-b8ca-4d34-b3d4-93e0cb33298a,user1953@gmail.com,placeholder,User1953,Test1953,CUSTOMER,,2026-01-01,2026-01-01
f393f7b5-1caa-4c00-a888-83cea6289a8e,user1954@gmail.com,placeholder,User1954,Test1954,CUSTOMER,,2026-01-01,2026-01-01
14028994-edf5-4bc7-af1f-c51ab894c0bd,user1955@gmail.com,placeholder,User1955,Test1955,CUSTOMER,,2026-01-01,2026-01-01
ffe7b8af-497b-41d4-b50f-318d47ad7b9e,user1956@gmail.com,placeholder,User1956,Test1956,CUSTOMER,,2026-01-01,2026-01-01
2769e100-8bae-4c9f-a772-5c9f8845b7a1,user1957@gmail.com,placeholder,User1957,Test1957,CUSTOMER,,2026-01-01,2026-01-01
5dcc7116-0e8a-42de-8b70-056cbf7181be,user1958@gmail.com,placeholder,User1958,Test1958,CUSTOMER,,2026-01-01,2026-01-01
f20ab926-c829-405b-a72a-90977cd72d2d,user1959@gmail.com,placeholder,User1959,Test1959,CUSTOMER,,2026-01-01,2026-01-01
88e0ebc5-d4dc-4c43-be88-10bd80a358d5,user1960@gmail.com,placeholder,User1960,Test1960,CUSTOMER,,2026-01-01,2026-01-01
850c10db-5114-4664-be7b-1d2511d3cea8,user1961@gmail.com,placeholder,User1961,Test1961,CUSTOMER,,2026-01-01,2026-01-01
c3fce56c-10ec-4e7f-b94f-47fabae7bfd0,user1962@gmail.com,placeholder,User1962,Test1962,CUSTOMER,,2026-01-01,2026-01-01
380c42b8-9358-4190-bb19-c4945c22d34b,user1963@gmail.com,placeholder,User1963,Test1963,CUSTOMER,,2026-01-01,2026-01-01
48d47c93-c906-4077-bf78-38c14fbddc43,user1964@gmail.com,placeholder,User1964,Test1964,CUSTOMER,,2026-01-01,2026-01-01
09407a6d-7a4e-4dc0-adfe-03cadae24f41,user1965@gmail.com,placeholder,User1965,Test1965,CUSTOMER,,2026-01-01,2026-01-01
527adfb5-b403-41a2-bed4-f86a0f561876,user1966@gmail.com,placeholder,User1966,Test1966,CUSTOMER,,2026-01-01,2026-01-01
c64d4383-4625-4418-be85-d25652cebe23,user1967@gmail.com,placeholder,User1967,Test1967,CUSTOMER,,2026-01-01,2026-01-01
dd3d3bd3-7851-4d27-a213-55f072913504,user1968@gmail.com,placeholder,User1968,Test1968,CUSTOMER,,2026-01-01,2026-01-01
37ceee29-15e5-4961-99fc-01d5f659fc19,user1969@gmail.com,placeholder,User1969,Test1969,CUSTOMER,,2026-01-01,2026-01-01
1be2fe18-3d2a-41ca-89f5-0d84e78797c1,user1970@gmail.com,placeholder,User1970,Test1970,CUSTOMER,,2026-01-01,2026-01-01
3576a819-3723-4c24-91f9-8fc318605d4e,user1971@gmail.com,placeholder,User1971,Test1971,CUSTOMER,,2026-01-01,2026-01-01
ed6e0a86-2b1c-4290-b096-58e3043ebec0,user1972@gmail.com,placeholder,User1972,Test1972,CUSTOMER,,2026-01-01,2026-01-01
d9c872c9-a13e-4665-9e19-9d43d10dc549,user1973@gmail.com,placeholder,User1973,Test1973,CUSTOMER,,2026-01-01,2026-01-01
558c1c0e-6f52-4ad3-a40b-12ba32c9294d,user1974@gmail.com,placeholder,User1974,Test1974,CUSTOMER,,2026-01-01,2026-01-01
c42b7a4f-df90-4dab-8e3f-af56e53f3c91,user1975@gmail.com,placeholder,User1975,Test1975,CUSTOMER,,2026-01-01,2026-01-01
5c6d6665-d4aa-46dc-9c6e-5d51b8cb12f2,user1976@gmail.com,placeholder,User1976,Test1976,CUSTOMER,,2026-01-01,2026-01-01
f40083b8-d58a-4078-a806-2f2606e24476,user1977@gmail.com,placeholder,User1977,Test1977,CUSTOMER,,2026-01-01,2026-01-01
7f8cb69d-5abe-4bc3-943b-066810cd4661,user1978@gmail.com,placeholder,User1978,Test1978,CUSTOMER,,2026-01-01,2026-01-01
680601cc-afcb-4e65-b71b-0c1961a6e7ea,user1979@gmail.com,placeholder,User1979,Test1979,CUSTOMER,,2026-01-01,2026-01-01
81e07f09-6f51-4ef0-8ed8-8485fb6e063e,user1980@gmail.com,placeholder,User1980,Test1980,CUSTOMER,,2026-01-01,2026-01-01
7ce4a8d6-89c0-4bea-bbce-38e18ff1798d,user1981@gmail.com,placeholder,User1981,Test1981,CUSTOMER,,2026-01-01,2026-01-01
26aa6c62-ca68-427c-a4ab-11a71eef143f,user1982@gmail.com,placeholder,User1982,Test1982,CUSTOMER,,2026-01-01,2026-01-01
c8b29400-5926-41d4-8e67-cd93ea566171,user1983@gmail.com,placeholder,User1983,Test1983,CUSTOMER,,2026-01-01,2026-01-01
9e629395-6240-4b11-a99f-0f04db0225e3,user1984@gmail.com,placeholder,User1984,Test1984,CUSTOMER,,2026-01-01,2026-01-01
829f2d0e-94b2-4703-86f5-129b6640f017,user1985@gmail.com,placeholder,User1985,Test1985,CUSTOMER,,2026-01-01,2026-01-01
3a6859fa-a9d7-461f-8950-7b8292126457,user1986@gmail.com,placeholder,User1986,Test1986,CUSTOMER,,2026-01-01,2026-01-01
40e413a5-ce3d-40ac-9bb5-9dc1ee50b131,user1987@gmail.com,placeholder,User1987,Test1987,CUSTOMER,,2026-01-01,2026-01-01
140414fb-d7b3-4a76-a61e-1881813c6487,user1988@gmail.com,placeholder,User1988,Test1988,CUSTOMER,,2026-01-01,2026-01-01
d6e5e38f-ad09-4dff-a3e8-e0d11d4e99bb,user1989@gmail.com,placeholder,User1989,Test1989,CUSTOMER,,2026-01-01,2026-01-01
489f541f-cb67-490f-9b4d-cdba5f08ed98,user1990@gmail.com,placeholder,User1990,Test1990,CUSTOMER,,2026-01-01,2026-01-01
8ca79865-1966-4679-81c3-a0b583e70a6e,user1991@gmail.com,placeholder,User1991,Test1991,CUSTOMER,,2026-01-01,2026-01-01
2b8c1739-a625-45bb-8585-3b8865fa1d7f,user1992@gmail.com,placeholder,User1992,Test1992,CUSTOMER,,2026-01-01,2026-01-01
c3235101-a91b-4749-a54a-9ea2b2e8e2db,user1993@gmail.com,placeholder,User1993,Test1993,CUSTOMER,,2026-01-01,2026-01-01
defd59b5-a704-4182-90f6-a245fd75c890,user1994@gmail.com,placeholder,User1994,Test1994,CUSTOMER,,2026-01-01,2026-01-01
a2acd94f-fb6f-4ad3-8bd9-70babb5f35ac,user1995@gmail.com,placeholder,User1995,Test1995,CUSTOMER,,2026-01-01,2026-01-01
0905cabb-82d3-444e-a165-3ad343b8e2ff,user1996@gmail.com,placeholder,User1996,Test1996,CUSTOMER,,2026-01-01,2026-01-01
a2c8abc2-5b74-4612-8113-e12b0bc4c559,user1997@gmail.com,placeholder,User1997,Test1997,CUSTOMER,,2026-01-01,2026-01-01
e1a546d0-76ad-4b59-b5d1-1eeaf7138c68,user1998@gmail.com,placeholder,User1998,Test1998,CUSTOMER,,2026-01-01,2026-01-01
dc2325d9-7842-4631-aae6-bb40a845a195,user1999@gmail.com,placeholder,User1999,Test1999,CUSTOMER,,2026-01-01,2026-01-01
